Bankrupt?,current_ratio,debt_ratio,cash_ratio,inventory_turnover,operating_margin_pct,profit_margin_pct,revenue_growth_pct
1,0.0022589633105668,0.207576261450555,0.0001473360247605,0.0001820925974295,0.998969203197885,0.808809360876843,0.0221022783580128
1,0.0060162058776727,0.171176346101521,0.0013839100814699,0.0001906908837719,0.998945978205482,0.809300725667939,0.0220801698690499
1,0.0115425536893801,0.207515796474892,0.0048495417581753,0.0001906908837719,0.998857353483229,0.808387521469543,0.0227600967722855
1,0.004194058676884,0.151464764035432,0.0010106464315761,0.0001906908837719,0.998699747067122,0.808965597694361,0.0220460668531945
1,0.0060224461078124,0.106509054630105,0.000680463559654,0.000163367440506,0.998973131803565,0.809303720206941,0.0220959097225217
1,0.0027400850543368,0.180427487377936,0.0001008563413234,0.0001906908837719,0.998758098416194,0.808770562067159,0.0215649425169015
0,0.004672060305584,0.216101823019016,0.0010503117869961,0.0001620299292972,0.998993121473643,0.808960389800444,0.0221122500924914
0,0.0096573801641804,0.108202073948665,0.0008881219853254,0.0001990980970845,0.999008951443589,0.809361527829423,0.0221143202941026
0,0.0134988658381721,0.058590561417299,0.0131902147956569,0.000304188263492,0.998960768250395,0.809338092306795,0.0221284324318037
0,0.0114745351808575,0.121292741179672,0.0004908833959261,0.0002059767261585,0.999000632043326,0.809320385467476,0.0221183026666678
0,0.0060973288694887,0.103576503310457,0.0003358964624396,0.0001562977384022,0.998978446975956,0.809459696629764,0.0221069560654703
0,0.0086289902371599,0.0943858270097046,0.0022537354878338,0.0001906908837719,0.998975327200857,0.809389129667184,0.022050681348389
0,0.0066308685464319,0.144662454273362,0.0032200408294524,0.0001005044136914,0.999044886630839,0.809344341779496,0.0221465901543329
0,0.0101004365040983,0.106569519605768,0.0056636431787699,0.000106618750646,0.998967007800593,0.809299293497111,0.0221317352725423
0,0.0188592235281637,0.0896393264201711,0.0040087963146452,0.000123624250301,0.999052974936651,0.809456311498717,0.0221663439865013
0,0.0113310098876447,0.0990718626235753,0.0003719079468762,0.0001906908837719,0.999096882882487,0.809395509337233,0.0220941239760937
0,0.0062177653111846,0.0612812528342957,0.0071649135908568,0.0001906908837719,0.998996472343194,0.809761103490226,0.0221624722353963
0,0.016156579854665,0.0787253983130272,0.0016393357266088,0.0001906908837719,0.999118836855405,0.809460738208547,0.0221117285913221
0,0.0072199462716185,0.141336880611906,0.0007745714081234,0.0002770558932559,0.998988615131833,0.809334056189009,0.0220931441860181
0,0.0133584606600291,0.0774858663119388,0.0090001659796179,0.0001906908837719,0.999041651308515,0.809340435859058,0.0220848001673102
0,0.0267194174121142,0.0963509387187471,0.0130333306319023,0.0001419672611649,0.999065454037047,0.80940579492772,0.0220648092891558
0,0.0157590771947669,0.100734649454304,0.0107444011582479,0.0001561066653724,0.9990299810387,0.809370902038474,0.0220799802322611
0,0.0071625361543333,0.146506636031079,0.0026054898883075,0.0001379547275384,0.99905863675072,0.809367126315384,0.0221575890880842
0,0.0051662865326473,0.19303443480364,0.0074057206818274,0.0001471262329703,0.999052397200522,0.809323119611783,0.0221091526916074
0,0.0057160508079538,0.19451582670738,0.0006434377317955,0.0001450244296422,0.999024781413535,0.809331191847355,0.0221515839231051
0,0.006329465430685,0.14674849593373,0.0017621484251645,0.0001906908837719,0.998925064157597,0.808992678742731,0.0220781944858331
0,0.0055637891925454,0.092057925446685,0.0020781549539,0.0002466752815126,0.999099309374231,0.809402800388717,0.0220912004089328
0,0.0218807429618004,0.0360975904707198,0.0145500592102375,0.0001906908837719,0.999111788474626,0.809448760052537,0.0221096425866452
0,0.0155999513262049,0.0895788614445083,0.0008509429954966,0.0001906908837719,0.998982375581636,0.809400066244411,0.0220970001340574
1,0.0042920302900771,0.219608791607461,0.0002211740076755,0.0001284010760468,0.998972554067436,0.809175866411272,0.0221487393712728
1,0.0021235503165356,0.228890165371708,0.0004156641765213,0.0001161724021376,0.998908887545973,0.809222607259179,0.0229509978063606
0,0.0033584918611798,0.208241376182846,0.0008464738411299,0.0001643228056552,0.999014035521528,0.809307105337987,0.0220761874964848
0,0.0087007528837663,0.116848565468452,0.0003863635065499,0.0002753362359874,0.99899993875997,0.80935853329042,0.0220903786495146
0,0.0113859239128739,0.0623393899083955,0.0092128570449155,0.0002976917804777,0.998943551713739,0.809338352701491,0.0220804385211674
0,0.0108211830852322,0.124104362547994,0.0004727246860561,0.0002533628375567,0.998995316870935,0.80931765132317,0.0220955146458783
0,0.0066221322242364,0.122622970644254,0.0003541448892364,0.0001710103616993,0.998973362898017,0.809443812553316,0.0221049174699905
0,0.0060998249615445,0.139281071439369,0.0027354284465611,0.0001906908837719,0.998997396721001,0.809190188119544,0.0220907579230922
0,0.0094932621115066,0.147201983251202,0.0033286712192386,0.0001906908837719,0.999017386391079,0.809317130533778,0.0220593888376088
0,0.0191656188280224,0.0953834991081416,0.0078461916760514,0.0001209492278834,0.998975442748083,0.809315698362951,0.0220945506588685
0,0.0168698381596313,0.0800858602654412,0.0041850225889286,0.0001513298396266,0.998953142133487,0.809343300200712,0.021998262579347
0,0.0084817208058633,0.118874142153158,0.0003601673881329,0.0001906908837719,0.999135706750384,0.8094133463739,0.0221127399875292
0,0.0053977990708297,0.0690207697191402,0.0057674709439315,0.0001906908837719,0.998970820859047,0.809798600326431,0.0220786369716737
0,0.0116854549595789,0.0866463101248602,0.0042850393958995,0.0001906908837719,0.999077470948539,0.809409180058766,0.0220747652205687
0,0.006009965647533,0.137981074462618,0.0009355973381609,0.0001989070240547,0.999027207905279,0.809361918421467,0.0221578103310045
0,0.0104361608856135,0.0911509508117423,0.0063796417146347,0.0001906908837719,0.999062103167496,0.809365173355165,0.0221071298991933
0,0.0212592160398876,0.0942346645705475,0.0037460933578421,0.000164513878685,0.999098153901972,0.809430141831783,0.0221017410537778
0,0.0166988558538039,0.0996765123802038,0.0104250347043708,0.0002245108100521,0.999048353047616,0.809363741184338,0.0221322409706458
0,0.007109494198146,0.141941530368534,0.0032513758992362,0.000128210003017,0.999101735865974,0.80937116243317,0.0221050122883849
0,0.0053129319409299,0.20110650905463,0.0034215819092878,0.0001503744744775,0.999022817110695,0.809341217043145,0.0220896517084908
0,0.0055300919497911,0.184660035674336,0.0003076468426856,0.0001465530138808,0.999030789869281,0.809331582439398,0.0220872180363676
0,0.0039475695863663,0.154215920428092,0.0012110417308458,0.0001906908837719,0.999045117725291,0.809203207854337,0.0221636890714578
0,0.004952246638856,0.0916044381292137,0.0023837862845473,0.0003326581449369,0.999133049164189,0.809396160323973,0.0220864910953438
0,0.014818674512716,0.0518487166308915,0.011028813959627,0.0001906908837719,0.99909792280752,0.809386655917574,0.0220861118217662
0,0.0108180629701623,0.0939021072044018,0.0007011915314569,0.0001906908837719,0.999001440873907,0.809397983086844,0.0220948509171175
1,0.0031981179465898,0.210357650331046,0.0003274985539086,0.0001906908837719,0.998939969749736,0.809039549787987,0.022460201993838
1,0.0028910986237172,0.23529945279197,0.0005341607660894,0.0002099892597849,0.998960421608718,0.809290309880104,0.0220818607970836
1,0.0043288476479012,0.321371345648033,0.0044373595777798,0.0005042417257257,0.998824769165529,0.808716660365115,0.0221659489098579
1,0.0033279147334953,0.221452973365178,0.0013345430753119,0.0001476994520598,0.998830777621275,0.809128474576624,0.0221008876882281
0,0.0042945263821329,0.202859993348853,0.00142119382849,0.0001736853841169,0.999003636271198,0.809315047376211,0.0220968895125973
0,0.0069528644216398,0.141548508026726,0.0007414005904965,0.0001805640131909,0.998996587890419,0.809329759676527,0.0220894462686362
0,0.0185721729417381,0.0416301357438704,0.0135622955112566,0.0002724701405399,0.998959959419814,0.809313094415992,0.022108046477006
0,0.0147525280732353,0.122411343229434,0.00235755299297,0.0003145062071029,0.998973940634146,0.809292132642975,0.0220670691275559
0,0.0072074658113391,0.116213683223992,0.0004171398130177,0.000205403507069,0.998981220109377,0.80936296000025,0.0220851478347564
0,0.0064655024477302,0.152099646279892,0.002931635887161,0.0001115866494216,0.999049392972649,0.809357361514289,0.0221404111556306
0,0.0063874995709841,0.158388003748828,0.0023006685750078,0.0001906908837719,0.99898168229828,0.809271952054045,0.0220926542909804
0,0.0189210018065466,0.100553254527315,0.0107576862394538,0.0001220956660624,0.998974171728598,0.809323640401175,0.0220905524832376
0,0.01022648915292,0.0857998004655803,0.0055018195123244,0.0001257260536292,0.998914664907267,0.809229637915968,0.0219821750584291
0,0.0135437954951779,0.113311364392176,0.0004915762974153,0.0001906908837719,0.999079897440282,0.809367516907428,0.022089699117688
0,0.0075899919189019,0.0654231036672008,0.0006524418951238,0.0001906908837719,0.998996934532097,0.809525706685165,0.0221498771920057
0,0.0123138461346454,0.140006651147323,0.0032938881979588,0.0001020329979301,0.99903390964438,0.809338613096187,0.0221334103975102
0,0.0087444344947441,0.10279045862684,0.0018676437359343,0.0001977605858757,0.999038647080641,0.809370902038474,0.0220992125632603
0,0.0115069843775838,0.0820812044623152,0.0071792831839538,0.0001906908837719,0.999083826045962,0.809402409796673,0.0221091210854759
0,0.0167481536719074,0.0984974453547782,0.0016340644442324,0.0001853408389367,0.999043037875225,0.809427017095433,0.0220911371966698
0,0.0211169387927027,0.0941741995948846,0.020037730205808,0.0002086517485761,0.999072271323374,0.809394597955797,0.022092796518572
0,0.0063569224432997,0.129032258064516,0.0026051315646926,0.0001530494968951,0.999065569584273,0.809392124206187,0.0221174651041838
0,0.0075612868602594,0.196662333343411,0.0062219717067743,0.0001906908837719,0.999009066990815,0.809328587900396,0.022091484864116
0,0.005111996530432,0.182060041720833,0.000740019742644,0.0001582084687006,0.999034371833284,0.809355799146114,0.0220748126297659
0,0.003534466351119,0.156664751942437,0.0006308800047778,0.0001906908837719,0.998938236541348,0.809360486250639,0.0220781786827674
0,0.0073990408766275,0.0893370015418569,0.0030942890416841,0.0004281946598527,0.999143217320067,0.809465685707768,0.0221017726599093
0,0.0298963185762291,0.0400580463766363,0.0320774885263855,0.0001906908837719,0.999074813362343,0.809384442562659,0.0220731691109295
0,0.0172723330036412,0.071862623575294,0.0033538595816364,0.0001906908837719,0.998971629689629,0.809451884788888,0.0220805491426276
1,0.0065628500379094,0.185083290503976,0.0001299008604329,0.0002059767261585,0.998895484067771,0.80922195627244,0.0221758732351393
0,0.0060555193275528,0.199232094809082,0.0024613780376704,0.0001729210919976,0.999021892732888,0.809177038187403,0.0220985962436966
0,0.0072854686880852,0.138918281585392,0.0006970693719271,0.0001859140580262,0.998972900709113,0.80931634934969,0.0220798854138667
0,0.0202595311715096,0.0487045378964235,0.0190524426901204,0.0002770558932559,0.998967816631174,0.809316609744386,0.0220857167451228
0,0.0092405327908493,0.147020588324213,0.0002907738228187,0.0002317715851858,0.998955453078005,0.809297731128936,0.0220485321314491
0,0.006749432919086,0.130211325089942,0.0007308836758071,0.0002162946697694,0.998957301833619,0.809389910851272,0.022082967011685
0,0.004332591785985,0.15968800072558,0.0027736481682863,0.0001906908837719,0.999013111143721,0.809323119611783,0.0220865701106725
0,0.0085241543708132,0.161108927653657,0.0033323682678289,0.0001303118063451,0.998944476091546,0.809314917178863,0.0220647144707614
0,0.0174720203681112,0.112706714635547,0.0102496226641499,0.0001383368735981,0.998959843872588,0.809299033102415,0.0220775307570723
0,0.0093185356675954,0.0919369954953593,0.0034827601673188,0.0001893533725631,0.99888034738118,0.809249688307549,0.0220810232345996
0,0.0127887276482757,0.104181153067086,0.0006405521968064,0.0001906908837719,0.999115485985855,0.809418814662513,0.0221099744510256
0,0.0083026262008542,0.0592556761495903,0.0012159292338624,0.0001906908837719,0.998981566751055,0.809784278618158,0.0221039850891121
0,0.0112068293078649,0.12528342957342,0.002938003398844,0.0001906908837719,0.999004098460102,0.809329238887136,0.0220688390709182
0,0.0104561296220605,0.110681137950842,0.0028935137134048,0.0002489681578706,0.998991966001384,0.809336790333316,0.0220601473847641
0,0.0090976315206504,0.0930253650572905,0.006775414636085,0.0001906908837719,0.99909850054365,0.809442770974532,0.0221102431031431
0,0.0189378504279238,0.0478277957493122,0.0036364048057755,0.0002107535519043,0.999025590244117,0.809322729019739,0.0220745439776484
0,0.0199681124239862,0.0914532756900565,0.0051853811880874,0.0002036838498005,0.999004907290683,0.809366214933948,0.0220832988760654
0,0.0072342988009397,0.120778788886537,0.0023246875665542,0.0001199938627342,0.999092145446226,0.80941582012351,0.0220855745175312
0,0.0082988820627704,0.195815823684131,0.0081637791814307,0.0001006954867212,0.99897382508692,0.80934720612115,0.0220970633463203
0,0.0059263465636612,0.160987997702331,0.0011674620980019,0.0002015820464724,0.999017617485531,0.809357231316941,0.0221059446692632
0,0.0042552129322529,0.159325210871603,0.0011936396784184,0.0001906908837719,0.998878498625566,0.809426756700737,0.0220865701106725
0,0.0094751654441015,0.0708044865011942,0.0075796976009932,0.0004339268507476,0.999124729763925,0.8094511036048,0.022101014112754
0,0.0243712188105497,0.0921183904223478,0.025052936027897,0.0001408208229859,0.999042575686322,0.809371683222561,0.022089462071702
0,0.0160517439883183,0.0813858572421924,0.0033402545353197,0.0001906908837719,0.998949906811162,0.809436912093875,0.0220577295157067
1,0.0058920252978929,0.19176467031472,0.0003447470362965,0.0001906908837719,0.999059792222978,0.80934720612115,0.0221360495094878
1,0.0035681635938733,0.196390240952928,0.001045663179344,0.0001998623892039,0.999009644726945,0.80931322461334,0.0241867343345513
0,0.0073110536316579,0.134564803337667,0.0024720082012767,0.0001906908837719,0.999057134636783,0.809631036339642,0.0220902838311202
0,0.0072162021335346,0.13166248450585,0.00164417954679,0.0001906908837719,0.999064645206465,0.809560599574411,0.022111380923876
0,0.0069066867186061,0.0936904797895819,0.0045113761201144,0.0002099892597849,0.998894906331641,0.809286013367622,0.0219659453099195
0,0.0050271294005322,0.14801826042265,0.0007148998387112,0.000188398007414,0.998905998865326,0.809200213315335,0.0220129594304803
0,0.0104374089316414,0.115336941076881,0.0015198696035026,0.0001906908837719,0.999001671968358,0.809345643752975,0.0221354964021871
0,0.0279905522915685,0.0273604014874384,0.0083402144843001,0.0001629852944464,0.998916975851785,0.809274425803656,0.0219584072475641
0,0.0219369050330576,0.0485533754572664,0.0109180551392273,0.0001605013450585,0.998970127575692,0.809317130533778,0.0220575556819836
0,0.0099868643155559,0.0639114792756296,0.0009732626104444,0.0002510699611988,0.999118836855405,0.809421158214776,0.0221927193032125
0,0.0155525255771433,0.0611905553708015,0.0033500684828131,0.0001381458005682,0.998978909164859,0.809324681979958,0.0220315280327185
0,0.0096492678649988,0.141608973002388,0.0095860138195445,0.0002845077414193,0.999079319704153,0.809422980977647,0.0221258881382204
0,0.0108149428550925,0.110771835414336,0.0044446945632231,0.0001906908837719,0.998968625461755,0.809400977625846,0.022024353440875
0,0.0100817158136792,0.104362547994074,0.006874663359676,0.0001906908837719,0.999007218235201,0.809350721449544,0.0221128822151208
0,0.0032230788671486,0.138011306950449,0.0013720193726955,0.0001532405699249,0.998684263738854,0.808779545684166,0.0216703015561547
0,0.0054957706840228,0.153701968134958,0.0022265147076739,0.0002354019727526,0.998995316870935,0.809283149025968,0.0220746704021743
0,0.0097503595932618,0.115609033467364,0.0073099094553884,0.0001383368735981,0.998905536676423,0.809239142322367,0.0219752375125715
0,0.0134969937691302,0.0770323789944675,0.0029253177518503,0.0001841944007577,0.999007449329653,0.809357231316941,0.0220753657370666
0,0.014219612419306,0.0925718777398192,0.028463810376455,0.0001694817774606,0.998968278820078,0.809740011519861,0.0220362847555047
0,0.0758113079210361,0.0886718868095655,0.0294521631135996,0.0001444512105527,0.999125191952829,0.809861746040178,0.0220827931779619
0,0.0060923366853769,0.139069444024549,0.0007558516419772,0.0001906908837719,0.999040264741804,0.809564114902805,0.0221590271670661
0,0.005032121584644,0.124346222450645,0.0029213135826128,0.0001906908837719,0.998972207425758,0.809725429416893,0.0220445023496867
0,0.0148168024436741,0.0831091090485836,0.0144187919009649,0.0002151482315904,0.99907180913447,0.809419465649253,0.0220935550657272
0,0.007988742624828,0.144904314176014,0.0028609018534126,0.0002375037760807,0.999035758399994,0.809373505985432,0.022084752758113
0,0.0188180380092418,0.0867672400761859,0.0028169792286963,0.0001906908837719,0.999104855641073,0.809414257755335,0.0220656626547055
0,0.0125122854530875,0.111376485170965,0.0023528405905008,0.0001906908837719,0.999072617965051,0.809428058674216,0.0220913742426559
0,0.0078414731935313,0.10744626175288,0.0051945438765811,0.0001901176646825,0.998964465761624,0.809296429155457,0.0221088682364242
1,0.0049846958355824,0.162046134776431,0.0006462449563633,0.0001906908837719,0.998903687920809,0.809237189362148,0.022006243127543
0,0.0111562834437334,0.120174139129909,0.001112872000496,0.0001326046827031,0.999085328159899,0.809562682731978,0.0221408694445369
0,0.0121104146320916,0.131118299724884,0.0010448599825815,0.0001148348909288,0.999072964606729,0.80948196037626,0.0221291119636303
0,0.0170439405805286,0.088490491882577,0.006059209714368,0.0001710103616993,0.999023510394051,0.809352153620372,0.0221072563237192
0,0.0122645483165419,0.151162439157118,0.0015129880995236,0.0001924105410404,0.998963425836591,0.809307495930031,0.0221302181782317
0,0.0154164885600981,0.144511291834205,0.0142680310291974,0.000112350941541,0.999005485026813,0.809400977625846,0.0220744807653855
0,0.0137952767698073,0.0632161320555068,0.0008944396737031,0.0001851497659068,0.999030443227604,0.809410091440201,0.0220963996175595
0,0.0171506485159173,0.109562535901079,0.0027630864048495,0.0002034927767707,0.998956493003038,0.809290049485408,0.0221490712356532
0,0.0069385118923185,0.0919369954953593,0.0006611297076684,0.0003232955664751,0.999062449809174,0.809360095658595,0.0220339933109731
0,0.0196061790758843,0.0688393747921516,0.0067846257876533,0.0002013909734425,0.99907042256776,0.809396550916016,0.0221140990511823
0,0.006050527143441,0.201771623786921,0.0003638326461899,0.0002692218990328,0.999013111143721,0.809146962600031,0.0220257599137254
0,0.0261509324463886,0.0791184206548357,0.0014216259154695,0.0001343243399716,0.999012648954817,0.80943157400261,0.0220766141792596
0,0.0189908923841111,0.0877649121746228,0.0083291634264693,0.0001110134303321,0.999038069344512,0.809363741184338,0.0221253666370512
0,0.0036093491127952,0.10617649726396,0.0004594788572202,0.0001173188403166,0.998908194262618,0.809311662245165,0.0220658048822971
0,0.0073048134015182,0.110741602926505,0.0030457681184176,0.0003217669822365,0.999101966960426,0.809525185895773,0.0221230909955854
0,0.0121852973937679,0.12147413610666,0.0106684824499512,0.0001553423732531,0.998889706706476,0.809375068353608,0.0219434733504448
0,0.0170021310385927,0.102276506333706,0.0043347005810817,0.0001759782604749,0.999001325326681,0.809400196441759,0.0220985962436966
0,0.0162938649177382,0.0767905190918161,0.0179395888972831,0.0001534316429548,0.99899011724577,0.809385353944094,0.0220993073816547
0,0.0598319506023382,0.0914835081778879,0.008800311896689,0.0001356618511804,0.998958919494781,0.809374417366868,0.0246930645606911
0,0.0135188345746191,0.12253227318076,0.0004953879162894,0.0001906908837719,0.999107397680043,0.809523232935554,0.0221464163206098
0,0.0075781354816365,0.108232306436497,0.0012462496493145,0.0002161035967396,0.999019004052241,0.809336399741272,0.022108283522992
0,0.0100205615583103,0.0852253831967832,0.0068517791502588,0.0002050213610093,0.999065222942595,0.809401107823194,0.0220823981013185
0,0.0106876421602429,0.113795084197479,0.0046435035420858,0.0002739987247785,0.999028710019215,0.809390561838012,0.0220993231847204
0,0.0129391171946421,0.0903044411524624,0.0048795582203745,0.0001906908837719,0.999098731638101,0.809475320311515,0.022094882523249
0,0.0136161821647982,0.120264836593403,0.0011678567786387,0.0001906908837719,0.999080937365315,0.809396811310712,0.0221128980181865
0,0.0073728319100408,0.104785802823714,0.003043713820374,0.0003001757298655,0.998974865011953,0.80933210322879,0.0221009983096883
1,0.0063513062361739,0.189739093630015,0.0011160615081699,0.0001906908837719,0.998937658805219,0.809270910475262,0.0220583616383361
0,0.0147749929017382,0.102488133748526,0.0028178014881196,0.0001398654578367,0.999088679029449,0.809625047261637,0.0220643351971838
0,0.011063928037666,0.115276476101218,0.0020911989633724,0.0001047080203477,0.999044539989162,0.809617235420761,0.0220444233343581
0,0.0210695130436411,0.10279045862684,0.020238718390751,0.000128210003017,0.999022008280114,0.809402670191369,0.0220403619464642
0,0.0169834103481736,0.150648486863984,0.0062333786786686,0.0001652781708043,0.998996934532097,0.809208936537646,0.0220762981179449
0,0.013042080991947,0.119116002055809,0.0056468987978581,0.0001906908837719,0.998989886151318,0.809414648347379,0.0220759820566303
0,0.0251462553938989,0.0403603712549506,0.008437648524191,0.0001639406595955,0.999039918100126,0.809399805849715,0.0220355262083494
0,0.0325683851220433,0.126976448891979,0.0049940150803897,0.0001583995417304,0.998977060409245,0.809315437968255,0.0221070350807989
0,0.0073984168536135,0.0996462798923723,0.0041363156249739,0.000333613510086,0.998960537155944,0.809277029750615,0.0219496681522128
0,0.0205247409524463,0.0647882214227409,0.0108666269172814,0.0001920283949808,0.999003405176747,0.809359965461248,0.0220226625128414
0,0.0067556731492257,0.151253136620612,0.0048495417581753,0.0002738076517487,0.998967238895045,0.809333014610226,0.0219727722343169
0,0.0150926206158483,0.0685672824016688,0.0022993197314391,0.0001184652784956,0.999042229044644,0.809446416500274,0.0220495751337876
0,0.0211674846568341,0.0812044623152039,0.0116828850029912,0.0001906908837719,0.999027323452505,0.809410482032245,0.0220953408121553
0,0.0040249484400984,0.0832602714877407,0.0001917832710037,0.000108911627004,0.998835861699214,0.809137458193632,0.0219801364629493
0,0.007548182376966,0.10469510536022,0.0015818859773598,0.0002686486799433,0.999094687485195,0.809502271162537,0.0220879449773914
0,0.0115369374822543,0.0759440094325362,0.0023058105577457,0.000142922626314,0.998998090004356,0.809430272029131,0.0224223536514034
0,0.0081946702194376,0.130211325089942,0.0028642761581352,0.0001396743848069,0.998996587890419,0.809325072572002,0.022080643961022
0,0.015878265590435,0.0777579587024216,0.021123191304764,0.0001073830427653,0.99900444510178,0.809347466515846,0.0221059446692632
0,0.0233559333668226,0.0334068990537231,0.0116417372876491,0.0001719657268484,0.999033331908251,0.809361007040031,0.0237953556085657
0,0.011184988502376,0.0973788433050156,0.0019349133399642,0.000122477812122,0.999072849059503,0.809631426931686,0.0220377070314208
0,0.0067119915382479,0.107536959216374,0.0014984575717097,0.0002795398426437,0.999020737260629,0.809380797036917,0.0221147627799432
0,0.0125534709720094,0.0652417087402122,0.0048384607558386,0.0001912641028614,0.999051357275489,0.809390301443316,0.0220924172449943
0,0.0083101144770219,0.144601989297699,0.0011491829688563,0.0001906908837719,0.999030096585926,0.809352153620372,0.0220968263003343
0,0.01206298888303,0.0783928409468815,0.0044159164744326,0.0001906908837719,0.999054477050588,0.80943977643553,0.0221164062987796
0,0.0112355343665074,0.128185748405236,0.0036185096697403,0.0001906908837719,0.999035642852768,0.809398373678888,0.0220814025081773
0,0.0080230638905962,0.121111346252683,0.0054619504526498,0.0003769870878578,0.999009066990815,0.809351242238936,0.0221143993094313
1,0.007389680531418,0.16479729116909,0.002542049314104,0.0001906908837719,0.998899412673451,0.809063636297354,0.0220448342140672
1,0.0074757957073456,0.175076337031774,0.0003505686096952,0.0001906908837719,0.998984455431702,0.80937428716952,0.0223073863481835
1,0.0064967035984287,0.201227439005956,0.0003383607145669,0.0001906908837719,0.999004214007328,0.809045538865992,0.0220488639958295
0,0.0063213531315034,0.133234573873084,0.0028307696355858,0.000103179436109,0.998980064637118,0.809452535775627,0.0220805017334304
0,0.0059619158754574,0.117241587810261,0.0006629407381775,0.000128210003017,0.998911891773846,0.809285101986187,0.022029773892422
0,0.0207868306183132,0.0422045530126674,0.0098636412852511,0.0002577575172429,0.998957417380845,0.809288877709277,0.0220875815068795
0,0.0042508447711551,0.130755509870907,0.0008269056214046,0.0001906908837719,0.998792762583959,0.809162195689739,0.0221514416955134
0,0.0084892090820309,0.126341566647519,0.0039999262311945,0.0001906908837719,0.998942627335932,0.808877974879203,0.0222452328906489
0,0.0062764234744977,0.0780905160685673,0.0010673683991359,0.0001906908837719,0.998968741008981,0.809348898686673,0.0220701349223084
0,0.0117403689848082,0.0653324062037065,0.0077424196220505,0.0001906908837719,0.998607771475318,0.809069364980663,0.0217782048889913
0,0.0033591158841938,0.117543912688575,0.0021119231653932,0.0001906908837719,0.998964812403301,0.809599528581443,0.0234317270660102
0,0.0173060302463955,0.0973788433050156,0.0001630057846011,0.0001906908837719,0.998929108310503,0.809342909608669,0.0222852462530892
0,0.0063850034789283,0.121353206155335,0.0006256769088203,0.0001906908837719,0.999111441832949,0.809457873866893,0.0221045539994786
0,0.0085098018414919,0.128215980893068,0.0094212533762785,0.0001906908837719,0.998918940154625,0.809317521125822,0.0222892918379172
0,0.0107088589427178,0.058016144148502,0.0001153327902533,0.0001906908837719,0.998923099854757,0.809252682846552,0.0222741525009434
0,0.0089447458822281,0.0900928137376425,0.0055262435416924,0.0001087205539742,0.999037260513931,0.809394077166406,0.0221976656627874
0,0.0105297643377088,0.103062551017323,0.002341121465106,0.0001906908837719,0.998994970229257,0.809379234668742,0.0220308326978262
0,0.0064449096882693,0.137860144511292,0.0006582586882834,0.0001906908837719,0.99902801673586,0.80926661396278,0.0220552484343863
0,0.0052286888340442,0.0903951386159567,0.0022913933760081,0.0001165545481973,0.999010800199203,0.809419205254557,0.022102088721224
0,0.0154501858028524,0.0790277231913414,0.0044143401225731,0.0001906908837719,0.999231610947869,0.809638587785822,0.0221594222437095
0,0.0086346064442856,0.0679324001572089,0.0017244339513955,0.0003236777125348,0.999011377935333,0.809304110798985,0.0220247643205841
0,0.010625239858846,0.102881156090335,0.000981450810274,0.0001906908837719,0.999012417860366,0.809142666087549,0.0220965576482168
0,0.0074071531758091,0.133506666263567,0.0046358454241375,0.0001906908837719,0.99897578938976,0.809266744160128,0.0220246220929925
0,0.006449277849367,0.107416029265048,0.0016111665742132,0.0001369993623892,0.999054823692265,0.809387437101661,0.0220942504006196
0,0.0036705033681642,0.158992653505457,0.0002363876044542,0.0001041348012582,0.998975673842535,0.809069495178011,0.0220639085144089
0,0.0090701745080358,0.119932279227258,0.0016770237147441,0.0001906908837719,0.998967123347819,0.809315437968255,0.0220134809316495
0,0.0070177628150926,0.0671161229857605,0.0044866936857881,0.0001410118960157,0.99913975090329,0.809449020447233,0.0221340899293367
0,0.0233927507246467,0.0451371043323155,0.0038248258586775,0.0001102491382128,0.999066725056531,0.809407617690591,0.0220902680280544
0,0.0092985669311484,0.154427547842912,0.0007135729531515,0.000164513878685,0.999008720349137,0.809345383358279,0.0221336158373647
0,0.0116087001288608,0.0797230704114641,0.005057775775159,0.0001906908837719,0.999103237979911,0.809409961242853,0.0221364129799997
0,0.0099138536229216,0.0401185113522992,0.0011383872846127,0.0001906908837719,0.999077933137442,0.809455920906674,0.0220191858383797
0,0.005871432538432,0.083925386220032,0.0004834385427106,0.0001631763674762,0.999084519329318,0.809427928476868,0.022098928108077
0,0.0289284588815636,0.0223418085074221,0.0154812335252824,0.0001448333566123,0.999040033647352,0.809418293873121,0.0220069700685668
0,0.0093497368182938,0.0883997944190827,0.0001966774974461,0.0001196117166746,0.999007218235201,0.809450192223364,0.0220744649623197
0,0.0087800038065403,0.142727575052151,0.001470108616255,0.0001960409286072,0.999050548444907,0.80938939006188,0.0222369520842039
0,0.0056561445986128,0.192308855095686,0.0001931508663234,0.0001906908837719,0.999034718474961,0.809337962109447,0.0220966840727427
0,0.0072224423636743,0.140732230855277,0.0012085887880647,0.0001207581548536,0.999029749944248,0.809364261973729,0.0220978693026728
0,0.0069353917772487,0.240590138162469,0.0016922352906087,0.0001205670818237,0.998971976331306,0.809316219152342,0.0221461634715581
0,0.0056236954018864,0.134776430752487,0.0013524988970657,0.0001906908837719,0.999062103167496,0.80935605954081,0.0223702983528733
0,0.0136698481439996,0.0840463161713577,0.0007971333206057,0.0002275679785295,0.999008835896363,0.80934343039806,0.0220790478513828
0,0.0071201025893835,0.134353175922847,0.0011540976376221,0.0001906908837719,0.998969318745111,0.809261406068863,0.0220234368630624
0,0.0076405377830334,0.144450826858542,0.0043977532952334,0.0001906908837719,0.999095380768551,0.809413606768596,0.0220659629129545
0,0.0127581505205912,0.109623000876742,0.0014023560137559,0.0001664246089833,0.999056325806202,0.809391863811491,0.0222161236435656
0,0.0138782718306651,0.0700486743054086,0.0191036122739255,0.0003729745542313,0.999068689359371,0.809413476571248,0.0221291119636303
0,0.0041017032708166,0.187532122018321,0.0005218776502065,0.0001136884527498,0.999004560649006,0.809328067111004,0.0221441564822097
0,0.0147506560041934,0.104302083018412,0.0045996012236698,0.0001906908837719,0.999059330034075,0.809389650456576,0.0222010633219204
1,0.0025734709096071,0.181848414306013,0.0001538018422552,0.0001906908837719,0.998906229959778,0.809089805964288,0.0220712253338441
1,0.0036505346317172,0.190464673337969,0.0002139757059799,0.0001906908837719,0.998869485941947,0.809062334323875,0.0219954812397777
1,0.0035787719851108,0.200320464371013,0.0005559306745643,0.0001906908837719,0.998704831145061,0.807862435565333,0.0219706704265742
1,0.0048667554859423,0.132055506847658,0.0011243296312657,0.0001906908837719,0.999001440873907,0.809365433749861,0.0222174511010873
1,0.0021697280195693,0.196934425733894,0.0001802318231834,0.000108911627004,0.99879022054499,0.808979659007938,0.0221551712190268
1,0.0040068517726933,0.199685582126553,0.0009616354560728,0.0001906908837719,0.998764222419166,0.808908701453315,0.0220704193774916
1,0.0039831388981625,0.175953079178886,0.0002170043760963,0.0001906908837719,0.998813676631844,0.8089379958566,0.0219650919443699
0,0.0063656587654952,0.155092662575203,0.0100819243947425,0.00011349737972,0.998936387785734,0.809315828560299,0.0220498437859051
0,0.0048311861741461,0.138434561780089,0.0018243709128277,0.000132795755733,0.998895021878867,0.809209196932342,0.0219398070391943
0,0.0167387933266979,0.0438068748677329,0.0104980083190082,0.0002967364153285,0.998790913828345,0.80904124235351,0.0219774499417744
0,0.0046346189247459,0.15140429905977,0.0010672799258485,0.0001906908837719,0.998828813318435,0.809151910099252,0.0220273244172331
0,0.0028062314938174,0.194213501829066,0.0005641433585455,0.0001024151439897,0.998844758835607,0.809065068468181,0.0159068444673807
0,0.0064261889978502,0.139281071439369,0.0046088707874283,0.0001906908837719,0.998879076361695,0.808657941361198,0.0219477717843246
0,0.0067332083207228,0.0868277050518487,0.0013040720046003,0.0001906908837719,0.998820956107075,0.809339524477622,0.0220241321979547
0,0.0099962246607654,0.0783626084590501,0.0044622995620623,0.0001906908837719,0.998860242163876,0.809370902038474,0.0222869687872542
0,0.0024904758487493,0.14696012334855,0.0019452140945726,0.0001906908837719,0.998952448850132,0.808966118483753,0.0220621227679809
0,0.0131899744462576,0.11255555219639,0.0069540179911434,0.0001906908837719,0.99899797445713,0.809345513555627,0.0225988580925943
0,0.0121441118748459,0.112464854732896,0.0042309923996254,0.0001906908837719,0.999107282132817,0.809481569784216,0.0221097057989081
0,0.0122639242935279,0.120385766544729,0.0017240348985888,0.0001906908837719,0.998980873467699,0.809346815529106,0.0225871480208849
0,0.0094776615361574,0.111860204976267,0.0016004556129068,0.0001906908837719,0.998929570499407,0.809308537508814,0.0220467621880868
0,0.0073385106442725,0.110288115609033,0.0111200977361005,0.0001906908837719,0.998875956586596,0.808725513784774,0.0218013247741611
0,0.0046845407658634,0.121111346252683,0.007186306385102,0.0001240063963607,0.99891628256843,0.80907834859767,0.0219650603382384
0,0.0111413068913982,0.108111376485171,0.0038578005699095,0.0001906908837719,0.998974980559179,0.809333275004921,0.0220670375214244
0,0.0062358619785897,0.120990416301357,0.0031176525186521,0.0001906908837719,0.99896400357272,0.80930944889025,0.0220329187025032
0,0.007367839725929,0.143604317199262,0.0061776775642058,0.0001249617615099,0.998971398595177,0.809249297715505,0.0220653623964565
0,0.0137921566547374,0.0794207455331499,0.0122149450288766,0.0001906908837719,0.999173490693249,0.809560990166455,0.022087613113011
0,0.008048648834169,0.0952928016446473,0.006833260795407,0.0003133597689239,0.99895025345284,0.809162456084435,0.0219992897786197
0,0.0068636291306423,0.148925235057593,0.0021003651884658,0.0001906908837719,0.998810787951197,0.808586723411879,0.0218748248328932
0,0.0077803189381624,0.117181122834598,0.0022711127646316,0.0001035615821687,0.999013111143721,0.809335358162488,0.0221323990013031
0,0.0070277471833161,0.117695075127732,0.0010345959153367,0.0001412029690455,0.998925872988178,0.809312313231904,0.0219683789820427
0,0.0025179328613639,0.151132206669287,0.0002368377436375,0.000129356441196,0.998946440394386,0.809308016719423,0.0220002063564324
0,0.0092211880774162,0.0947788493515131,0.0119485306050385,0.0001868694231753,0.999040149194578,0.809307886522075,0.0220968421034001
0,0.0101678309896069,0.100311394624664,0.0022382127883575,0.0001906908837719,0.998970705311822,0.809318953296649,0.0220963838144938
0,0.0090845270373571,0.0458929165281011,0.0065045016574664,0.0001534316429548,0.99906591622595,0.809421158214776,0.0220517401537932
0,0.0035900043993622,0.163769386582822,0.002239942496506,0.0001906908837719,0.999007102687975,0.809314005797428,0.0221338844894822
0,0.0196136673520519,0.0620672975179127,0.0207446156821657,0.0001906908837719,0.999036105041672,0.809390431640664,0.0220764245424708
0,0.0064511499184089,0.155001965111709,0.0014276182172458,0.0002283322706488,0.999025821338568,0.809307235535335,0.0221813568989492
0,0.0135425474491499,0.0660882183994921,0.0072404254736002,0.0001906908837719,0.999063027545303,0.809397462297452,0.02205038109014
0,0.0053765822883547,0.0761556368473562,0.0008170021707349,0.0001906908837719,0.999052628294974,0.80917847035823,0.0220946296741972
0,0.0067169837223596,0.100371859600326,0.0061751390823492,0.0001410118960157,0.99896007496704,0.809257630345773,0.022000822675996
0,0.0152810755660669,0.0355534056897542,0.0041989295092885,0.0001272546378678,0.998925179704823,0.809147743784118,0.0219832180607676
0,0.0090096442756808,0.0811742298273725,0.000712930088718,0.0001071919697355,0.999046850933679,0.809477273271734,0.0221725071821378
0,0.008687024377459,0.146657798470236,0.0020077481916441,0.0001864872771156,0.999027323452505,0.809365694144557,0.0221006506422421
0,0.0056754893120458,0.182029809233002,0.0007334730885854,0.0001906908837719,0.998943551713739,0.809216097391783,0.022021192827728
0,0.0072180742025765,0.136832239925023,0.0020620742100868,0.0001014597788406,0.999016115371594,0.809355538751418,0.0220829196024878
0,0.0084249347115921,0.202073948665236,0.0032941685220623,0.0001413940420754,0.998988499584608,0.809318432507257,0.0222108612226759
0,0.005531964018833,0.155999637210146,0.0015495445506511,0.0001906908837719,0.999021661638436,0.809327936913656,0.0220564494673822
0,0.0112168136760884,0.102639296187683,0.00778766979301,0.0002638718541975,0.998948982433355,0.809291611853583,0.0220029402868045
0,0.004572840646363,0.126099706744868,0.0007080524570895,0.0001906908837719,0.998847416421803,0.809076005045408,0.021881809787948
0,0.0077360133041706,0.152825225987847,0.0048763530311844,0.0001906908837719,0.999053090483877,0.809384572760007,0.0220652675780621
0,0.0115893554154277,0.116395078150981,0.0036705850311302,0.000105472312467,0.999014844352109,0.809359314474508,0.0220625178446243
0,0.0139082249353356,0.0567161471717508,0.0103396879654458,0.0003458421839953,0.999075506645699,0.809413216176552,0.0221316878633451
0,0.0035700356629152,0.200955346615473,0.0001965602649966,0.0001219045930325,0.998969665386788,0.809253594227987,0.0220528621714604
0,0.0119506647405156,0.127913656014753,0.0047152140465487,0.0001906908837719,0.999046619839227,0.809379625260785,0.0220768670283114
1,0.0062090289889891,0.219971581461438,0.0004683410513331,0.0001522852047758,0.999061409884141,0.809411914203073,0.022900048722432
0,0.0070470918967491,0.143241527345285,0.0015284375797276,0.0001173188403166,0.99896596787556,0.809400587033802,0.0221222534331015
0,0.0064037241693473,0.161320555068477,0.0015974606182147,0.0001203760087939,0.998990694981899,0.809354366975287,0.0222764281424092
0,0.018473577305531,0.0412673458898933,0.0045101923113863,0.0002770558932559,0.998976713767567,0.809196047000201,0.0235717738345512
0,0.0043756493739489,0.124588082353297,0.0009273206067483,0.0001337511208821,0.998973016256339,0.809295387576673,0.0223282147888218
0,0.0024711311353162,0.210508812770203,0.0006013241749698,0.0001536227159846,0.998958457305878,0.80926414021317,0.0224173914887627
0,0.0054807941316875,0.14759500559301,0.0010460027900716,0.0001906908837719,0.998960537155944,0.809169877333267,0.022257733115645
0,0.0078995073338304,0.086495147685703,0.0016018310587005,0.0001906908837719,0.998936618880185,0.809318432507257,0.0220987068651568
0,0.007308557539602,0.130543882456087,0.0004201990688917,0.0001906908837719,0.998925757440952,0.809163758057914,0.0223582564167835
0,0.0029566210401839,0.159113583456783,0.0005972048913562,0.0001906908837719,0.99893003268831,0.809623745288158,0.0225513382739301
0,0.0181590697064908,0.0898509538349911,0.0001685487439006,0.0001906908837719,0.999034025191606,0.809375328748304,0.0220942662036853
0,0.0092037154330251,0.107295099313723,0.002565647994382,0.0001906908837719,0.999043962253032,0.809430532423827,0.0220861592309634
0,0.0154951154598582,0.118088097469541,0.0082490475127751,0.0001906908837719,0.998930494877214,0.809333795794313,0.0219681261329909
0,0.0117335047316545,0.105057895214197,0.0013010854822019,0.0001906908837719,0.998989308415189,0.809396420718669,0.0225730358831838
0,0.0048973326136267,0.124255524987151,0.0020071189683809,0.0001906908837719,0.998841985702186,0.808874199156113,0.0221409010506684
0,0.0062152692191288,0.0926625752033135,0.0036404488880664,0.0001454065757018,0.998998321098808,0.809289789090712,0.0221596434866298
0,0.0124798362563611,0.0965927986213985,0.0071726514766163,0.0001906908837719,0.998957186286393,0.809273905014265,0.022012437929311
0,0.0036218295730746,0.111255555219639,0.001633338566866,0.0001196117166746,0.998900452598484,0.809061553139787,0.0223681017267362
0,0.0065566098077697,0.114429966441938,0.0022120998966239,0.0001098669921532,0.99898226003441,0.8092905702748,0.0220779258337156
0,0.0094776615361574,0.0482208180911207,0.0046776683968343,0.0001906908837719,0.999205035085915,0.809741053098645,0.0220750338726862
0,0.0362257840069142,0.0225836684100735,0.0158832618559789,0.0002688397529731,0.998979717995441,0.809386395522878,0.0220932073982811
0,0.0039294729189612,0.18115306708589,0.0001314595681579,0.0001906908837719,0.99893061042444,0.809031737947111,0.0220353997838235
0,0.0075843757117762,0.101641624089246,0.0007829600865179,0.0001083384079145,0.999012533407592,0.809308537508814,0.0220413733426713
0,0.0066832864796053,0.0837439912930435,0.0001242165926016,0.0001389100926876,0.999043268969677,0.809411784005725,0.0223430854736782
0,0.0036661352070664,0.140036883635154,0.0001682109597684,0.0001284010760468,0.999041535761289,0.80928991928806,0.02221288401509
0,0.0054470968889332,0.0971672158901956,0.0020884981865683,0.0001190384975851,0.999027207905279,0.809353585791199,0.0221349116887549
0,0.0122564360173603,0.0967741935483871,0.0020597511304683,0.0001906908837719,0.998969434292337,0.809326765137525,0.022066705657044
0,0.0110888889582248,0.0448347794540013,0.0056292539053973,0.0001484637441791,0.998867637186333,0.809228075547792,0.0220132596887292
0,0.0205253649754603,0.120536928983886,0.0126763986495116,0.0001906908837719,0.999053321578329,0.809446546697622,0.0220870125965131
0,0.0157359883432501,0.0801160927532727,0.0008766069722544,0.0001906908837719,0.99898168229828,0.809346555134411,0.0220082343138256
0,0.0057135547158979,0.172174018199958,0.0010902197686989,0.0002155303776501,0.999052974936651,0.809337571517403,0.022164036738904
0,0.0104842106576891,0.08749281978414,0.000983500541829,0.0001906908837719,0.998976713767567,0.809344732371539,0.0220690603138385
0,0.0070034102857713,0.0521812739970372,0.0006842640829325,0.0001906908837719,0.998974980559179,0.809285752972926,0.0220603686276844
0,0.0072642519056102,0.0687486773286574,0.0008989385588253,0.0001557245193128,0.998955453078005,0.809307886522075,0.0222225870974511
0,0.0113228975884631,0.0544789430722254,0.0008459518040412,0.0001264903457485,0.998980064637118,0.80935475756733,0.0222382795417256
0,0.0118470769201968,0.0877649121746228,0.0009326405270861,0.0001578263226409,0.99900976027417,0.809464644128985,0.0220933654289384
0,0.0103444295025601,0.140943858270097,0.0009523328387098,0.0001299296602855,0.99902801673586,0.809359705066552,0.0221111280748242
0,0.0047082536403942,0.18221120415999,0.000213792968709,0.0001906908837719,0.998934654577345,0.809065459060225,0.0220338668864473
0,0.0078115200888608,0.128548538259213,0.0020780380712241,0.0001131152336603,0.999026976810827,0.809341217043145,0.0221121710771627
0,0.0102439617973111,0.136197357680564,0.003794315224686,0.0001455976487317,0.999023857035728,0.809392905390274,0.0220986278498281
0,0.0072030976502413,0.151283369108444,0.0037263379703804,0.0001906908837719,0.999042806780773,0.809379885655481,0.0222393699532613
0,0.0187980692727948,0.0576231218066935,0.0039480854318629,0.0002134285743219,0.998925526346501,0.809282758433924,0.0220532888542352
0,0.0014452373003516,0.13272062157995,0.0003865222648977,0.0002162946697694,0.998854580349808,0.80909540445025,0.0222714975859
0,0.0083949816069216,0.141608973002388,0.0036137945856735,0.0001906908837719,0.999010453557526,0.809353976383243,0.0221067506256157
0,0.0107955981416595,0.116516008102307,0.0022545649759114,0.0001906908837719,0.998977291503697,0.809314526586819,0.0221163588895824
0,0.0130651698434638,0.0700184418175772,0.0137139698556279,0.0003349510212948,0.99908359495151,0.809423631964386,0.0221512678617904
0,0.0152636029216758,0.117785772591227,0.014605103177845,0.0001027972900494,0.999345540512591,0.809656945611881,0.0221752095063784
0,0.010645832618307,0.144995011639508,0.0017952497155737,0.0001906908837719,0.99897833142873,0.809313354810688,0.0220764087394051
0,0.0073759520251106,0.120446231520392,0.0012942164340492,0.0001115866494216,0.998946093752708,0.809464253536941,0.0220738328396903
0,0.0078458413546291,0.151253136620612,0.0025293775414629,0.0001375725814787,0.998985379809509,0.809328718097744,0.0221118708189138
0,0.0149503433686634,0.0556882425854823,0.0066411869208424,0.0002885202750458,0.999057019089557,0.809310881061077,0.022174340337763
0,0.0060536472585108,0.133688061190555,0.0007313797130587,0.0001091027000338,0.998969549839563,0.809251901662464,0.0220880714019173
0,0.0021441430759966,0.208906490915137,0.0006533708937888,0.0001412029690455,0.998951177830647,0.809273774816917,0.0220612377962998
0,0.0033628600222776,0.118269492396529,0.0004582864401754,0.0001906908837719,0.998923215401983,0.809112199908133,0.0220261075811715
0,0.0080817220539093,0.0890346766635426,0.0010241479643409,0.0001906908837719,0.998953835416842,0.809307626127379,0.0220909633629467
0,0.0069796974112405,0.134685733288992,0.0006636216502052,0.0001906908837719,0.998897101728933,0.809222477061831,0.0220963364052965
0,0.0034290064617583,0.156362427064123,0.0002314993047311,0.0001906908837719,0.998895484067771,0.809564635692197,0.0220758872382358
0,0.0181272445327784,0.0925718777398192,0.0002213577748353,0.0001906908837719,0.998944938280449,0.809300725667939,0.0219621367710775
0,0.0144754618550332,0.119478791909786,0.0029380004840641,0.0001906908837719,0.999013804427076,0.809410351834897,0.0220826509503703
0,0.0143637617355328,0.12147413610666,0.0060168524819386,0.0001906908837719,0.998993814756998,0.809338352701491,0.022465448611662
0,0.0135044820452978,0.10511836018986,0.0010890386998641,0.0001906908837719,0.99899208154861,0.809406315717111,0.0221021519334869
0,0.0060255662228823,0.126281101671857,0.0008613769749805,0.0001906908837719,0.998877112058855,0.808990465387816,0.0221858765757494
0,0.0061996686437795,0.0965021011579043,0.0023683041976716,0.0001626031483867,0.998961461533751,0.809308537508814,0.0220440282577147
0,0.0152255375178237,0.0892160715905312,0.0070719809427987,0.0001906908837719,0.998949097980581,0.809273644619569,0.0220804543242332
0,0.0045353992655249,0.100341627112495,0.0024950118778079,0.0001700549965501,0.998968972103433,0.809335227965141,0.0230601495813902
0,0.0064586381945766,0.120778788886537,0.0022116262060187,0.0001278278569573,0.998954413152972,0.809287054946406,0.0220301847721311
0,0.010145366161104,0.0350696858844514,0.0060178380856302,0.0001906908837719,0.999185507604741,0.809788705327988,0.0220653781995223
0,0.028020505396239,0.0276929588535841,0.0089241482853942,0.0002380769951702,0.998962848100461,0.809327806716308,0.022069502799679
0,0.0036779916443318,0.136076427729238,0.0002231325649137,0.0001075741157952,0.998961692628203,0.809335618557184,0.0222398914544306
0,0.0090221247359602,0.0993137225262267,0.0019918508652171,0.0001117777224515,0.998993583662547,0.809324030993218,0.0220742753255309
0,0.0082970099937285,0.0773649363606131,0.0002063888058216,0.0001245796154502,0.99900444510178,0.809354627369982,0.022047346901519
0,0.0047082536403942,0.139129909000212,0.0002331902074426,0.0001299296602855,0.999005947215716,0.809296689550153,0.022047346901519
0,0.0170639093169756,0.0865556126613659,0.012889469121999,0.0001906908837719,0.9990103380103,0.809352544212415,0.0220707196357406
0,0.010805582509883,0.100220697161169,0.0022956457096103,0.0001906908837719,0.99883990585212,0.809085639649155,0.0219553572558773
0,0.017516326002103,0.0337092239320374,0.0085945453769543,0.0001864872771156,0.998887857950862,0.809224299824702,0.0221087418118983
0,0.0101672069665929,0.0808114399733954,0.0041220363511915,0.0001906908837719,0.999008835896363,0.809418944859861,0.022047283689256
0,0.0168748303437431,0.0541766181939112,0.0019210953786882,0.0001906908837719,0.998959150589233,0.809331842834094,0.0220509341974407
0,0.0056180791947607,0.135985730265744,0.0021330589537745,0.0002130464282623,0.999051588369941,0.809373505985432,0.0221024521917359
0,0.0090639342778961,0.0892463040783626,0.0019220464325215,0.0001906908837719,0.998962270364332,0.809314786981515,0.0220842944692067
0,0.0063357056608247,0.0556882425854823,0.0005986432963968,0.0001906908837719,0.998991850454158,0.809344471976844,0.0220611745840368
0,0.0091506734768378,0.0711672763551713,0.0005899891787084,0.0001333689748224,0.998904265656938,0.80923640817806,0.0220206239173616
0,0.0200149141500339,0.0341022462738459,0.0011934343030233,0.0001906908837719,0.998982837770539,0.809307105337987,0.022094282006751
0,0.0102551942115625,0.0744928500166279,0.0029328325209208,0.0001553423732531,0.99899462358758,0.80942779827952,0.0220807229763507
0,0.0151831039528738,0.139674093781177,0.0035732437784009,0.0001136884527498,0.999026283527472,0.809362048618814,0.0220972529831092
0,0.0052655061918683,0.157843818967863,0.0005199305577695,0.0001906908837719,0.998796922284091,0.808693224842487,0.0219738626458526
0,0.0083163547071616,0.127006681379811,0.0014671714896608,0.0001209492278834,0.999029865491474,0.809349028884021,0.0221065925949584
0,0.0166676547031055,0.13356713123923,0.0068296283966359,0.0001589727608199,0.999065107395369,0.809390822232708,0.022202517203968
0,0.0063350816378108,0.160383347945702,0.0033980629190936,0.0001906908837719,0.999010684651977,0.809376760919131,0.0220572080145374
0,0.0211930696004069,0.0596184660035674,0.0052303333325131,0.0001901176646825,0.998887164667507,0.809244480413632,0.021928571059457
0,0.0022134096305471,0.136469450071046,0.0005993795698116,0.0003297920494894,0.998856544652648,0.808984215915116,0.0221116337729277
0,0.0072935809872668,0.147927562959156,0.0040077784734873,0.0001906908837719,0.99900976027417,0.809355668948766,0.0220802962935758
0,0.0082495842446669,0.144632221785531,0.0011816751091201,0.0001906908837719,0.998901723617968,0.809219742917525,0.0219795043403199
0,0.0302039619221157,0.0392115367173565,0.0403701974607299,0.0003655227060679,0.999051357275489,0.80939004104862,0.0220552800405178
0,0.0202545389873979,0.0815974846570124,0.0266704107494417,0.0001906908837719,0.999357672971308,0.80967022574137,0.0221385621969397
0,0.0097328869488706,0.150376394473501,0.0012010324348003,0.0001906908837719,0.998988384037382,0.809324161190566,0.022123533481426
1,0.0032455436956515,0.246576170753091,0.0001597132103082,0.0001906908837719,0.996294747107564,0.761550327524449,0.0219423671358434
0,0.0079463090598781,0.105511382531669,0.0008543793267365,0.0001102491382128,0.998927606196567,0.809621401735895,0.0220880081896544
0,0.0073915526004599,0.131178764700547,0.0021093321592019,0.000129356441196,0.998959381683685,0.809340175464362,0.0220399668698209
0,0.0316660478438445,0.0449254769174955,0.0513795775719872,0.000223555444903,0.999018426316112,0.809294215800542,0.0220645090309069
0,0.0066177640631386,0.137799679535629,0.0005432426374511,0.0001906908837719,0.998954528700198,0.809293825208498,0.0220388606552194
0,0.0023918802125422,0.211385554917314,0.0005862066104744,0.0001306939524048,0.998942858430383,0.809269868896479,0.0220398720514265
0,0.0029597411552538,0.106327659703117,0.0005433235517424,0.0001906908837719,0.998930263782762,0.809268827317695,0.0221510150127386
0,0.0084648721844861,0.0811439973395411,0.0010888453527942,0.0001906908837719,0.998870294772528,0.80910230490969,0.0220723947607085
0,0.0086895204695149,0.137708982072135,0.0014864661864358,0.0001906908837719,0.998968625461755,0.809283539618011,0.0222054881803261
0,0.0033659801373474,0.134292710947184,0.000408488357495,0.0001906908837719,0.998892826481575,0.809478705442562,0.0222424357480139
0,0.027662316186221,0.0771230764579617,0.0001398709041085,0.0001906908837719,0.998931188160569,0.80928301882862,0.0220062273244773
0,0.0102321053600457,0.117967167518215,0.0022590525711192,0.0001906908837719,0.999008142613008,0.80942024683334,0.0221053283496996
0,0.0115138486307375,0.134443873386341,0.0106846048556858,0.0001037526551985,0.998965621233883,0.809340566056406,0.0220369484842655
0,0.0223181830945925,0.0948090818393445,0.0007880367004575,0.0001906908837719,0.998976598220342,0.809378583682002,0.0220872812486306
0,0.0052636341228264,0.136106660217069,0.0010570310154595,0.0001906908837719,0.998951062283421,0.808971196180322,0.0225849039855506
0,0.007688587555109,0.101883483991898,0.0006904714566052,0.0001906908837719,0.998969087650659,0.809272212448741,0.0221199777916357
0,0.0236186470557034,0.0810835323638782,0.0159911577795138,0.0001906908837719,0.998974171728598,0.809246433373851,0.0221459580317035
0,0.0080211918215543,0.093630014813919,0.0029309487569361,0.0001402476038964,0.99898168229828,0.809309709284946,0.0220863172616207
0,0.0078333608943497,0.115488103516038,0.0015280031414923,0.000129356441196,0.999022354921792,0.809361658026771,0.0222873480608319
0,0.0098664278738599,0.0329231792484204,0.0115917880056169,0.0001906908837719,0.999131778144704,0.8096651480448,0.0220735325814414
0,0.0495280825956861,0.021979018653445,0.009209833621403,0.0002420895287967,0.998991388265255,0.809297340536892,0.0221391785165033
0,0.0054751779245618,0.141729902953714,0.0001748912856354,0.0001906908837719,0.998922868760305,0.809117798394094,0.0220770566651002
0,0.0097565998234014,0.0913928107143937,0.00326995705788,0.0001102491382128,0.998983762148346,0.80929747073424,0.0220832198607367
0,0.0066202601551945,0.0973183783293527,0.0048495417581753,0.0001058544585267,0.999038762627867,0.809385093549398,0.0221945050496405
0,0.0040037316576235,0.135653172899598,0.0002816346663152,0.0001213313739431,0.999008604801912,0.80914448885042,0.0221097532081053
0,0.0161128982436872,0.0858602654412431,0.0115832392863714,0.0001906908837719,0.999005138385135,0.809414908742075,0.0220935392626615
0,0.0108392797526373,0.0960183813526015,0.0021103625727772,0.0001906908837719,0.998984917620605,0.809347336318498,0.0233104227334307
0,0.0254751155222605,0.02633249690117,0.0118248947143299,0.0002199250573362,0.998995085776483,0.809507609253803,0.0223324816165702
0,0.010804958486869,0.0814765547056867,0.0037962702841883,0.0001906908837719,0.998966661158916,0.809356710527549,0.0220456559734854
0,0.0151656313084827,0.064727756447078,0.002111811995686,0.0001906908837719,0.998949329075033,0.809326765137525,0.0220662947773349
0,0.0078389771014755,0.139250838951537,0.0063467524453189,0.0001874426422648,0.999043153422451,0.809377542103218,0.0220695976180734
0,0.0097753205138205,0.0876137497354657,0.0076399623475566,0.0001906908837719,0.99893199699115,0.809222997851223,0.0220741805071365
0,0.0073385106442725,0.0759137769447048,0.0044432293810708,0.0001906908837719,0.998959959419814,0.808870423433023,0.0220558489508842
0,0.0172654687504875,0.0408138585724219,0.0058358214260935,0.00012477068848,0.998887511309185,0.809229247323924,0.0220033985757108
0,0.0144455087503627,0.0381231671554252,0.0018056513992958,0.0001906908837719,0.998903803468034,0.809246954163243,0.0220015022078226
0,0.0175475271528014,0.0966532635970614,0.0051666196239967,0.0001356618511804,0.998985379809509,0.809477924258474,0.0220935234595958
0,0.0131743738709084,0.133748526166218,0.0035048846490584,0.0001906908837719,0.999030096585926,0.809366605525992,0.0221101008755515
0,0.0032199587520787,0.188469329141095,0.0005804344523117,0.0001906908837719,0.998626490125912,0.808608726763679,0.0215067240227349
0,0.0085341387390366,0.15161592647459,0.0041936505513249,0.0001469351599405,0.999041073572385,0.80935853329042,0.0221702631468035
0,0.0203387820942836,0.137648517096472,0.0288167683284329,0.0001675710471623,0.999065222942595,0.809395248942537,0.0220937288994503
0,0.0062196373802265,0.158055446382683,0.0026091714108366,0.0001906908837719,0.999018079674434,0.809379755458133,0.0221125029415431
0,0.0297827463876868,0.0489161653112435,0.0105469146344794,0.0001956587825476,0.998932921368957,0.809283930210055,0.025818116416476
0,0.0033447633548725,0.0641231066904496,0.0058193719237531,0.0001192295706149,0.998574840515941,0.809317260731126,0.0220326816565172
0,0.0077303970970449,0.148743840130604,0.0031705773440782,0.0001906908837719,0.999006871593523,0.80937116243317,0.0221122342894257
0,0.0098221222398682,0.149892674668198,0.000510750536051,0.0001906908837719,0.998963079194913,0.809308146916771,0.0224075777849415
0,0.0247955544600485,0.050095232336669,0.0405050164099371,0.0003273081001016,0.999056441353428,0.80939824348154,0.0221088366302927
0,0.0239331546547437,0.0703207666958914,0.018849151906746,0.0001906908837719,0.999271359193573,0.809604996870056,0.0220636872714887
0,0.0096136985532026,0.166187985609336,0.0035458050309965,0.0001906908837719,0.998925641893726,0.809270259488522,0.0220198811732721
1,0.0027637979288676,0.293708619282281,0.0007799969989503,0.0001906908837719,0.99851059625835,0.808234409388375,0.0219670357214552
0,0.0073054374245322,0.109290443510596,0.0055443792442327,0.0001085294809443,0.998953488775165,0.809591846937915,0.0221448518171021
0,0.0071843769598222,0.145297336517822,0.0016903630302888,0.0001213313739431,0.998954297605746,0.809311532047817,0.0220792690943031
0,0.0488641221088234,0.0526347613145086,0.0954491787263747,0.0002155303776501,0.998999245476615,0.809224169627354,0.022067954099237
0,0.0056343037931238,0.143543852223599,0.0004633125312626,0.0001906908837719,0.998840599135476,0.809171049109398,0.0215045748057949
0,0.0022458588272735,0.205399522326692,0.0008425285893111,0.0001234331772712,0.998870641414206,0.809152430888644,0.0216685158097267
0,0.004532279150455,0.10469510536022,0.0030766527575401,0.0001906908837719,0.99885816231381,0.808974451114021,0.0220919747591538
0,0.0094626849838222,0.0707742540133628,0.0019257553928459,0.0001906908837719,0.998752783243803,0.8087994658784,0.0221271523834792
0,0.0063768911797467,0.134836895728149,0.0016059298999907,0.0001012687058107,0.998860935447231,0.809034992880809,0.0218869141781803
0,0.0027974951716219,0.0989509326722496,0.0009440709921068,0.0001906908837719,0.998913856076686,0.809626479432465,0.0221967332819091
0,0.186486157609493,0.0332859691023974,0.019356965005293,0.0001906908837719,0.998915011548945,0.809281326263097,0.0219243358378401
0,0.0140692228729396,0.112676482147716,0.004130379811633,0.0001906908837719,0.999005138385135,0.80943600071244,0.0220972529831092
0,0.0134445758359568,0.0961393113039272,0.0250565516569675,0.0001906908837719,0.998952333302906,0.809305412772464,0.0220386394122992
0,0.0080336722818337,0.0757323820177162,0.0010568684096021,0.0001906908837719,0.998946555941612,0.809308667706162,0.0220451660784476
0,0.00515255802634,0.144360129395048,0.0048495417581753,0.0001906908837719,0.998846260949544,0.80897510210076,0.0217691023231281
0,0.0076211930696004,0.112222994830245,0.0018334845941546,0.0001906908837719,0.998898719390095,0.809144879442464,0.0219448798232952
0,0.0256005441480682,0.0818091120718324,0.0181172035589832,0.0001906908837719,0.998958572853104,0.809283669815359,0.0220680331145657
0,0.0061647233549973,0.106871844484083,0.0017183511165541,0.0001906908837719,0.998897101728933,0.808699734709884,0.0219782242919954
0,0.007048339942777,0.138374096804426,0.0008228582745601,0.000142922626314,0.998961577080977,0.809311662245165,0.0220161358466929
0,0.0194102358494981,0.0669649605466034,0.0247282788014816,0.000129356441196,0.998982606676088,0.809481830178912,0.0220267713099324
0,0.0288492079587895,0.0346464310548115,0.016354771331411,0.000223555444903,0.998967816631174,0.809271170869958,0.0220424637542069
0,0.0046165222573408,0.180306557426611,0.0002500425906674,0.0001906908837719,0.996804194826489,0.801096990774737,0.0217464249237988
0,0.0112367824125354,0.0806300450464068,0.0020402512526168,0.0001906908837719,0.998961808175428,0.809286403959666,0.0220389554736138
0,0.006549745554616,0.123499712791366,0.0001734258314369,0.0001092937730637,0.998950369000066,0.809281456460444,0.0219780346552066
0,0.0041254161453474,0.14015781358648,0.000369539338395,0.0001906908837719,0.998950715641743,0.809259322911296,0.0219871530241355
0,0.0059949890951978,0.111164857756145,0.0043218954864057,0.000104325874288,0.998887742403636,0.809206072195992,0.0219049454761836
0,0.0120567486528903,0.0934486198869305,0.0036556123700619,0.0001906908837719,0.998995547965387,0.809318692901953,0.0220803120966416
0,0.0256598263343952,0.0262417994376757,0.0127677420818146,0.0002447645512143,0.998977291503697,0.809307365732683,0.0220646828646299
0,0.0108898256167687,0.0692626296217916,0.005343825206047,0.0001906908837719,0.998877458700533,0.808881360010249,0.0219951177692658
0,0.021150636035457,0.0438975723312271,0.0042956334356663,0.0001906908837719,0.998972785161887,0.809390301443316,0.0221515523169736
0,0.0107069868736759,0.148290352813133,0.0045773488802498,0.0001631763674762,0.999029865491474,0.809371553025214,0.0221092633130675
0,0.0134152467543003,0.0953230341324788,0.0086785391721869,0.0001906908837719,0.998951640019551,0.809309839482294,0.0221324780166318
0,0.0070552041959307,0.0699579768419143,0.0007107994234398,0.0001906908837719,0.998936965521863,0.809153342270079,0.0220669268999643
0,0.0215780918000256,0.0397557214983221,0.0111683631497568,0.0001419672611649,0.998950369000066,0.80930879790351,0.0223954252273915
0,0.0161490915784974,0.0295069081234695,0.0035229250577262,0.0001906908837719,0.998874223378208,0.809117668196746,0.0218999517074114
0,0.0155100920121934,0.110076488194213,0.0029328290814805,0.0001104402112426,0.999006640499072,0.80947505991682,0.0221472064738965
0,0.0096935734989906,0.137920609486955,0.0016497667718809,0.0001906908837719,0.998991041623577,0.809348247699934,0.0220414839641314
0,0.0037597386591617,0.15651358950328,0.0002584203289211,0.0001906908837719,0.998781901144726,0.80899840742604,0.0222337756679912
0,0.0099331983363546,0.11255555219639,0.0017493933481125,0.0001278278569573,0.999060485506334,0.809371943617257,0.0221203570652133
0,0.0099999687988493,0.144511291834205,0.0119285672771753,0.0001675710471623,0.999058867845171,0.809380797036917,0.0221185239095881
0,0.0074258738662281,0.143936874565408,0.0046147908803893,0.0001906908837719,0.999025474696891,0.809371422827866,0.0221016462353834
0,0.0219418972171694,0.0636393868851468,0.0145357301714454,0.000164513878685,0.998921482193595,0.809272863435481,0.0219708442602973
0,0.0183281799432763,0.0442301296973728,0.0439039593399608,0.0002661647305555,0.998703675672803,0.808885005535991,0.0218072193176802
0,0.0075506784690219,0.1414275780754,0.0042676356334679,0.0001906908837719,0.999013573332625,0.809355148159374,0.0220973478015036
0,0.0102377215671714,0.140853160806603,0.0019519829714544,0.0001906908837719,0.998904843393067,0.809224950811442,0.0219623896201292
0,0.0364048786119232,0.0342836412008344,0.0652036829514709,0.0002608146857202,0.99904430889471,0.809386655917574,0.0220704193774916
0,0.0118545651963644,0.0783928409468815,0.0076345768641018,0.0001906908837719,0.999197293421781,0.809446416500274,0.0220728214434833
0,0.0046096580041871,0.187350727091332,0.0008164903159442,0.0001721567998783,0.998990579434674,0.809318432507257,0.022036205740176
0,0.0069946739635757,0.164283338875956,0.0027618080600918,0.0001906908837719,0.998918131324044,0.809226773574313,0.0221077146126255
1,0.0132567449087522,0.175439126885751,0.0005988784414111,0.0001906908837719,0.998963194742139,0.809243438834848,0.0220017708599401
0,0.0102757869710235,0.106992774435408,0.0103101960470461,0.0001379547275384,0.998984917620605,0.80960786121171,0.0222051563159457
0,0.0082639367739882,0.134081083532364,0.0016640367377994,0.0001371904354191,0.998985495356735,0.809339394280274,0.0222580807830912
0,0.0412279524868877,0.0516068567282402,0.0760105526631052,0.0002245108100521,0.998898372748418,0.80935853329042,0.0221111754840214
0,0.006309496694238,0.129878767723796,0.0005469802403464,0.0001016508518704,0.998972322972984,0.809312964218644,0.0225110878655038
0,0.0033871969198224,0.189678628654352,0.0007852693306475,0.0001906908837719,0.998997396721001,0.809314656784167,0.0227404219554457
0,0.0065216645189874,0.0806905100220697,0.0013414424760398,0.0001906908837719,0.998747468071413,0.80941582012351,0.0220754447523953
0,0.0095319515383727,0.049883604921849,0.0032155035858262,0.0001906908837719,0.998854002613678,0.809357752106333,0.0221087260088326
0,0.0053235403321674,0.164555431266439,0.0008399538475919,0.0001240063963607,0.998883004967375,0.809167273386308,0.0222814377142471
0,0.0038564622263269,0.0685975148895002,0.0007629291357599,0.0001906908837719,0.998917322493463,0.809425064135214,0.0221237863304777
0,0.119110392791286,0.0346161985669801,0.0855966129831059,0.0001906908837719,0.999043037875225,0.809410091440201,0.0222714975859
0,0.01821398373172,0.0461347764307525,0.0036862901763994,0.0001906908837719,0.998990810529125,0.809635983838864,0.0220899677698055
0,0.188816883566666,0.0587417238564561,0.45042011211129,0.000663978778665,0.998950137905614,0.809331973031442,0.0221869669872851
0,0.0163706197484563,0.0614324152734528,0.0043280714581824,0.0001110134303321,0.999020621713403,0.809487558862221,0.022171543195128
0,0.0039762746450089,0.142788040027814,0.0001912897598948,0.0001906908837719,0.998869485941947,0.808825375150638,0.0218842118539397
0,0.0073360145522166,0.124557849865465,0.000306934664785,0.0001906908837719,0.99900976027417,0.809366996118036,0.022536151527759
0,0.0297428089147928,0.0723463433805968,0.0192779352357667,0.0001906908837719,0.998970820859047,0.809289789090712,0.0221838853894668
0,0.0022789320470138,0.10744626175288,0.0030845294451208,0.0004805486700266,0.998998667740486,0.8094668574839,0.0232001805468654
0,0.0081946702194376,0.138646189194909,0.0012011817298292,0.000182665816519,0.998978100334278,0.809319864678084,0.0220798063985381
0,0.0083101144770219,0.0753695921637391,0.0008518919312564,0.0001906908837719,0.99897833142873,0.809459436235068,0.0220718416534078
0,0.0671798215918203,0.0169301931855972,0.0211580016472479,0.0002149571585606,0.99898422433725,0.809349289278717,0.0222466235604336
0,0.0089684587567589,0.153157783353992,0.0004849134213643,0.0001906908837719,0.999065685131499,0.809394858350493,0.024044807001188
0,0.0120817095734491,0.0891556066148683,0.0019454435266182,0.0001906908837719,0.998971051953499,0.80931387560008,0.02219524779373
0,0.0090576940477564,0.135804335338755,0.0001062412029585,0.0001264903457485,0.998979602448214,0.80932142704626,0.0221059446692632
0,0.0052455374554213,0.119236932007135,0.000605587273826,0.0001180831324359,0.998981335656603,0.809306714745943,0.0228374527790568
0,0.0067974826911616,0.130090395138616,0.0016415602672332,0.000164513878685,0.999004329554554,0.809416210715554,0.0222622527924452
0,0.0157309961591383,0.0950509417419959,0.0021711787374112,0.0001906908837719,0.998973593992469,0.809334967570445,0.0220980589394616
0,0.0298058352392036,0.0272697040239441,0.0125895373714938,0.0002852720335386,0.998893288670479,0.809148134376162,0.0220840732262864
0,0.0061347702503268,0.0877649121746228,0.0006081586732642,0.0001906908837719,0.998939623108059,0.809341217043145,0.0221302813904947
0,0.0307331334379612,0.030685975148895,0.0037213104413351,0.0001192295706149,0.998969665386788,0.80936738671008,0.0220961783746392
0,0.0070658125871682,0.156997309308583,0.0011556683348085,0.0001882069343841,0.999025590244117,0.80933587895188,0.0220921960020741
0,0.0092430288829052,0.104181153067086,0.0011486826371623,0.0001906908837719,0.998942627335932,0.80925151107042,0.0222351347316444
0,0.0092998149771763,0.0549928953653596,0.0006391768093083,0.0001906908837719,0.998977638145374,0.809282498039228,0.0220558963600814
0,0.0346682225640482,0.0306557426610636,0.0237289800163118,0.0001906908837719,0.99893199699115,0.809272733238133,0.0224900855911424
0,0.0114526943753686,0.06116032288297,0.0063343629982636,0.0001906908837719,0.998946555941612,0.8090827753075,0.0222583494352087
0,0.0139026087282099,0.0726184357710796,0.0009258721942966,0.0002233643718732,0.998985957545638,0.809401628612586,0.0220485163283833
0,0.0106539449174886,0.149590349789884,0.0017352953347791,0.0001906908837719,0.998986073092864,0.809335488359836,0.0220693763751531
0,0.0056430401153194,0.110983462829156,0.0048237561767981,0.0001906908837719,0.998731869195918,0.809090847543072,0.0203528473750499
0,0.0111718840190826,0.101520694137921,0.0068891829473491,0.0001029883630792,0.99907377343731,0.809379755458133,0.0221159954190705
0,0.0104336647935576,0.113553224294827,0.009326755977185,0.0001950855634581,0.999095496315777,0.809404362756892,0.0221345324151773
0,0.0067681536095051,0.131390392115367,0.0029046609006782,0.0001906908837719,0.999030327680378,0.809367256512732,0.0220965102390196
0,0.0399399689860562,0.0469208211143695,0.0089244549396766,0.0001629852944464,0.998978446975956,0.809343820990104,0.0222703281590356
0,0.0183288039662903,0.0305348127097379,0.0376006046257851,0.0006177391054457,0.99843479727817,0.811018289081859,0.0219551992252199
0,0.0068224436117204,0.153853130574115,0.0031868149613483,0.0001906908837719,0.999016115371594,0.809353455593851,0.0220895252839649
0,0.0157884062764235,0.0672370529370862,0.0024228843071982,0.0001906908837719,0.998917322493463,0.80926348922643,0.0221684299911783
0,0.0352991098311706,0.0425371103788131,0.0430954783535167,0.000242853820916,0.999055979164524,0.809398894468279,0.0220865068984096
0,0.0166395736674769,0.0858602654412431,0.0161227687607741,0.0001906908837719,0.999109477530109,0.809399805849715,0.0221082993260577
0,0.0047450709982184,0.209934395501406,0.0005487520184856,0.0001692907044308,0.998984455431702,0.809313354810688,0.0220307536824975
0,0.0104380329546554,0.155606614868337,0.0184514864575393,0.0002082696025165,0.999134320183674,0.809504744912148,0.0220862224432263
1,0.0035893803763482,0.211446019892977,0.000245255783582,0.0001906908837719,0.998728402779142,0.808970545193583,0.0217624808385853
1,0.0051831351540244,0.231883181667019,0.0002010256495812,0.0001906908837719,0.998900221504032,0.80932142704626,0.0219740364795757
1,0.001817155016677,0.18496236055265,0.0048495417581753,0.0001906908837719,0.998291056529169,0.808448584025723,0.0210508213793545
0,0.0083806290776003,0.116697403029295,0.0074363517156626,0.0001436869184334,0.998964812403301,0.809425454727257,0.0220792058820401
0,0.0058938973669348,0.147988027934819,0.0038322346074853,0.000146361940851,0.998969203197885,0.809302939022853,0.0220508077729149
0,0.0543224514120081,0.0468603561387066,0.113487823175066,0.0002122821361429,0.998961577080977,0.809328067111004,0.0220587093057822
0,0.0053821984954805,0.143906642077577,0.0004531292811498,0.0001906908837719,0.998851922763612,0.809190578711588,0.0217108206166985
0,0.0026489776942973,0.197085588173051,0.000950192088293,0.0001041348012582,0.998910043018232,0.809230549297403,0.0219028278653751
0,0.0045029500687985,0.0696858844514315,0.0019057395212161,0.0001906908837719,0.998695587366991,0.808412128768302,0.0220771514834946
0,0.007607464563293,0.0573812619040421,0.0012019729954257,0.0001906908837719,0.998841985702186,0.809363871381686,0.0220776097724009
0,0.0026988995354148,0.176587961423345,0.0001449061281729,0.0001182742054657,0.998775430500077,0.809061422942439,0.0183594170571433
0,0.002536029528769,0.0995858149167095,0.0007829701327928,0.0001906908837719,0.998762604758003,0.809324030993218,0.0220361425279131
0,0.183731720025835,0.0349185234452943,0.22415558796733,0.0001906908837719,0.998795997906284,0.809120011749009,0.0218330889362879
0,0.0191837154954275,0.0677510052302204,0.0111738863662801,0.0001906908837719,0.998996356795968,0.809445374921491,0.0220854638960711
0,0.282589445898765,0.0579859116606705,0.738106300952838,0.0009796314239469,0.999012533407592,0.809377672300566,0.0220672745674104
0,0.0115462978274639,0.0622789249327327,0.0034317990485754,0.0001127330876006,0.998975096106405,0.809277420342659,0.0220290627544639
0,0.0048736197390959,0.144178734468059,0.0003947678664605,0.0001906908837719,0.998826964562821,0.809123787472099,0.0217368956751608
0,0.0087157294361016,0.127822958551259,0.0006709477358537,0.0001906908837719,0.998967585536723,0.809257500148425,0.0220238319397057
0,0.0382576029403964,0.0424766454031502,0.0497684491425275,0.0001906908837719,0.998949906811162,0.80932390079587,0.0220413733426713
0,0.0025884474619424,0.0960183813526015,0.001351088415617,0.0004287678789422,0.998971051953499,0.80932142704626,0.0220370433026599
0,0.0036511586547311,0.155848474770989,0.0014088495216601,0.0001822836704594,0.998873761189304,0.809192271277111,0.0217660207253098
0,0.008067369524588,0.0703207666958914,0.0016751841582552,0.0001906908837719,0.998915820379526,0.809321947835651,0.0219934900534951
0,0.0650949607021507,0.0174139129909,0.0204814300960989,0.0001981427319354,0.998975096106405,0.809267134752172,0.0220507445606519
0,0.0105316364067507,0.114097409075793,0.000370148391381,0.0001906908837719,0.999105086735525,0.809358272895724,0.0221426867970964
0,0.0107687651520588,0.0779091211415787,0.0026567888300468,0.0001906908837719,0.998964234667172,0.809316870139082,0.0220693921782189
0,0.005332276654363,0.127309006258125,0.0001111183099266,0.0001341332669418,0.998871796886464,0.809195916802853,0.0217526987408955
0,0.0044680047800162,0.113492759319164,0.00046489646155,0.0001003133406616,0.998931072613343,0.8092528130439,0.0219568743501878
0,0.005850215755957,0.157420564138223,0.0034074078784934,0.0002483949387811,0.998929454952181,0.80904814281295,0.0219585810812872
0,0.012862362363924,0.116455543126644,0.0027259374761178,0.0001906908837719,0.9988438344578,0.809156987795821,0.0219797255832402
0,0.0395630590856191,0.025334824802733,0.0835693406820729,0.0002361662648719,0.998814138820748,0.808924976121806,0.0219576803065403
0,0.0049509985928281,0.0955951265229616,0.0007046414650032,0.0001906908837719,0.998861859825038,0.809196307394897,0.0220329187025032
0,0.0416922256092805,0.023551108020679,0.0289030677923317,0.0001005044136914,0.998990463887448,0.809354627369982,0.0221174967103153
0,0.0068006028062314,0.190676300752789,0.0028493186539227,0.0002010088273829,0.998986535281768,0.80925528679351,0.0220692025414301
0,0.0086052773626291,0.11192066995193,0.0011293829075339,0.0001906908837719,0.998861397636135,0.809092540108595,0.0220013757832967
0,0.0061534909407458,0.0835323638782235,0.0006255209680931,0.0001906908837719,0.998952564397358,0.808805064364361,0.0220708460602665
0,0.0336616734425166,0.0249115699730931,0.025652374281945,0.0001906908837719,0.999034025191606,0.80940826867733,0.0223654784178242
0,0.0129846708746619,0.0537231308764398,0.0055274237166614,0.0001906908837719,0.998851229480257,0.808955963090614,0.0218867087383257
0,0.0146607966901819,0.0728300631858996,0.0012636024613926,0.0002329180233647,0.998955684172457,0.80934095664845,0.022057176408406
0,0.0146514363449724,0.107778819119025,0.0099730591902836,0.0001906908837719,0.998979486900989,0.809306193956552,0.0220518033660562
0,0.0031276033460114,0.157390331650392,0.0023338183479234,0.0001906908837719,0.998819569540365,0.808672783858862,0.0223059008600044
0,0.0093222798056792,0.101460229162258,0.002460469442465,0.0001129241606305,0.999032291983218,0.809344341779496,0.0220800750506555
0,0.0087157294361016,0.1044834779454,0.006512075441115,0.0002268036864101,0.999006987140749,0.809335618557184,0.022013986629753
0,0.0079163559552076,0.119599721861112,0.0058204950078989,0.0001906908837719,0.999026283527472,0.809364522368425,0.0220990703356686
0,0.0389976942349634,0.0458626840402697,0.0407552142029208,0.0001585906147602,0.99894378280819,0.80929369501115,0.0219893654533384
0,0.0606687654640703,0.0116395078150981,0.028087297368739,0.0023429374917958,0.998682299436014,0.808276202737061,0.0236969025090385
0,0.0059157381724238,0.138918281585392,0.002872758692444,0.0001906908837719,0.999006640499072,0.809335618557184,0.0220772779080205
0,0.0085622197746652,0.117181122834598,0.0019706337350434,0.0001906908837719,0.998707373184031,0.808928491450201,0.021502725847104
0,0.0638519068583249,0.023974362850319,0.101680641150978,0.0002206893494555,0.9990201595245,0.80937116243317,0.0220455769581567
0,0.0153547102817152,0.0798440003627898,0.0184449514431686,0.0001906908837719,0.999126925161217,0.809466076299812,0.0221259197443519
0,0.0040786144192997,0.21809716721589,0.0013125160832456,0.0001406297499561,0.998916629210107,0.809250078899593,0.0218954162275456
0,0.0139481624082296,0.126915983916316,0.0190627877299521,0.0002109446249341,0.99912600078341,0.809449411039277,0.022135148734741
1,0.0032623923170286,0.256976146567101,0.0005297989727842,0.0001906908837719,0.998872374622594,0.808865085341758,0.0219911828058978
0,0.0100804677676513,0.115578800979533,0.001517562380287,0.0001906908837719,0.999051819464392,0.809363090197598,0.0220895568900964
0,0.0187275546722163,0.107325331801554,0.01985506310341,0.0001906908837719,0.999017733032756,0.80946555551042,0.0220939343393049
0,0.0059669080595692,0.16627868307283,0.0015759858409255,0.0001906908837719,0.998950600094518,0.809070927348838,0.0220684597973405
0,0.0136642319368738,0.0552649877558424,0.0107936303730418,0.0001906908837719,0.999075044456795,0.809471153996382,0.0220776729846639
0,0.0136941850415443,0.164615896242102,0.0021642818822578,0.0001906908837719,0.999006756046297,0.809337962109447,0.0220749390542918
0,0.0039781467140508,0.155667079844,0.0006818748766729,0.0001906908837719,0.99897186078408,0.809273905014265,0.0220895094808992
0,0.0099219659221032,0.18369259606373,0.0001078513662654,0.0001906908837719,0.999079897440282,0.809418814662513,0.0221305816487436
0,0.0142988633420801,0.0922997853493364,0.0027939747748903,0.0001906908837719,0.999071462492793,0.809379234668742,0.0221369028750375
0,0.0067943625760918,0.131420624603199,0.0037524038564293,0.000220116130366,0.999054708145039,0.809369339670299,0.0220768196191142
0,0.0058021659838814,0.119811349275932,0.0010051354959923,0.0001906908837719,0.998857353483229,0.809337962109447,0.022060210597027
0,0.0276061541149638,0.0438068748677329,0.0334525800771461,0.0001700549965501,0.999137671053224,0.809458264458936,0.0220549323730716
0,0.0076243131846702,0.130664812407413,0.0001944087104621,0.0001219045930325,0.999061756525818,0.809416340912902,0.0221106539828522
0,0.007608712609321,0.146295008616259,0.0028521273941761,0.0001381458005682,0.999034371833284,0.809367256512732,0.0220722209269854
0,0.0076361696219356,0.16585542824319,0.0041948795002784,0.0001423494072245,0.999067649434339,0.809400066244411,0.0220901416035285
0,0.005850839778971,0.137376424705989,0.0013073315058567,0.0001817104513699,0.999019812882822,0.80937493815626,0.0221196301241895
0,0.0061453786415643,0.132992713970433,0.0010983494397472,0.0001906908837719,0.999119761233212,0.809487949454265,0.0221838853894668
0,0.0224860452853501,0.0632161320555068,0.0042254935117987,0.000132795755733,0.999048006405938,0.809430792818523,0.0220753025248037
0,0.0061010730075725,0.115850893370015,0.0012068891410133,0.0001906908837719,0.99907573774015,0.809415299334119,0.0220805491426276
0,0.0272205078923311,0.04395803730689,0.0029283680107702,0.0001822836704594,0.999327399598127,0.809622573512027,0.0221494347061651
0,0.0111831164333341,0.134322943435015,0.0012243744784198,0.0001906908837719,0.999032985266573,0.809363871381686,0.0220905208771062
0,0.0201690478344841,0.0730416906007195,0.0003390271498542,0.0001906908837719,0.999063605281432,0.809414387952683,0.0220362689524389
0,0.0234108473920518,0.0586812588807933,0.0024128904400546,0.0001906908837719,0.999121725536052,0.809460217419155,0.0220882768417718
0,0.0091101119809298,0.124346222450645,0.0035073115531386,0.0001033705091389,0.999169099898665,0.809490553401224,0.0221868721688906
0,0.0112062052848509,0.131843879432839,0.0107064368489736,0.0001794175750119,0.999011146840881,0.809392384600883,0.022126093578075
0,0.0071244707504812,0.157632191553043,0.003597223867351,0.0001196117166746,0.999062911998077,0.809375198550956,0.0220918799407594
0,0.0070945176458107,0.152553133597364,0.0021699225061174,0.0001060455315565,0.999080706270863,0.809407227098547,0.0222288293084163
0,0.0065665941759932,0.125736916890891,0.0051278701507319,0.0001664246089833,0.999002827440617,0.809379104471394,0.0220842944692067
0,0.0087812518525683,0.0997067448680352,0.0121369595472782,0.0005449402810798,0.999113868324692,0.80943600071244,0.0221368396627746
0,0.0073703358179849,0.146506636031079,0.0004651244556375,0.0001906908837719,0.99899208154861,0.809183157462756,0.0220092615130983
0,0.0087562909320095,0.105692777458657,0.0015573158786526,0.0002338733885139,0.999060369959108,0.80940579492772,0.0221295070402737
0,0.0095556644129035,0.114822988783747,0.0020051358686955,0.0001906908837719,0.998972322972984,0.809323640401175,0.0220680173115
0,0.0092898306089528,0.107597424192037,0.007164061017722,0.000237121630021,0.998925526346501,0.809295387576673,0.0219779240337464
0,0.0052380491792537,0.158599631163648,0.0006258756773809,0.0001906908837719,0.999008951443589,0.809332493820834,0.0220989755172742
0,0.0117222723174031,0.125102034646431,0.0145542906351516,0.000105472312467,0.999023625941277,0.809310230074337,0.0220971739677805
0,0.020190888639973,0.0601324182967016,0.010812984200986,0.0001906908837719,0.999006178310168,0.809372204011953,0.0220557383294241
0,0.0215749716849557,0.0563533573177737,0.0386440343647099,0.000163367440506,0.999138595431032,0.809463993142245,0.0221138303990649
0,0.0134576803192502,0.0698370468905886,0.0039999592070716,0.0001230510312115,0.999136977769869,0.809534169512781,0.022042700800193
0,0.0055669093076152,0.139704326269009,0.0009742816758097,0.0001906908837719,0.999092260993452,0.809395509337233,0.0221102905123403
0,0.0067619133793654,0.136257822656226,0.0004878703295983,0.0001906908837719,0.999066147320402,0.809308146916771,0.0220978693026728
0,0.0052243206729464,0.156574054478943,0.0007701857330544,0.0001906908837719,0.99910046484649,0.809405664730372,0.022212346710855
0,0.0133971500868952,0.0724370408440911,0.0063105512864352,0.0001906908837719,0.999067764981564,0.809409440453462,0.0221020413120268
0,0.0229347178323937,0.0558998700003023,0.0337172323804827,0.0001906908837719,0.999080590723638,0.809364001579034,0.0220188855801308
0,0.0079899906708559,0.137164797291169,0.0014595319874404,0.0001906908837719,0.99897047421737,0.809086681227938,0.0220280829643884
0,0.008667679664026,0.111618345073616,0.0026177576918797,0.0001906908837719,0.999115370438629,0.809432094792002,0.0220713043491728
0,0.014019925054836,0.0858602654412431,0.0017394629648761,0.0001906908837719,0.999036913872253,0.809397852889496,0.0220445971680811
0,0.0079562934281016,0.163981013997642,0.0015296775076855,0.0001906908837719,0.999004214007328,0.809361397632075,0.0221172438612636
0,0.0097628400535411,0.156574054478943,0.003782672447094,0.0001906908837719,0.999016462013272,0.809322338427695,0.02215986472955
0,0.0057690927641411,0.0976509356954984,0.002483338261844,0.0001981427319354,0.999053552672781,0.809424413148474,0.0221003503839932
0,0.0119456725564039,0.12105088127702,0.0154841299032529,0.0001587816877901,0.99907435117344,0.809349810068109,0.0221125029415431
0,0.0104124480110826,0.094053269643559,0.0112635319003997,0.0001906908837719,0.999097229524165,0.809442380382489,0.0220484215099889
0,0.0063419458909644,0.112495087220727,0.0019537479095766,0.0001906908837719,0.998984339884476,0.809154383848863,0.0221210998093028
0,0.0066408529146554,0.203978595398615,0.0019046486551047,0.0001906908837719,0.998979833542666,0.80930124645733,0.0220915322733132
0,0.0047556793894558,0.193518154608943,0.0034956031347021,0.0002426627478862,0.999171410843183,0.809469331233511,0.0222340601231745
0,0.0112960645988624,0.115820660882184,0.004787691118706,0.0001906908837719,0.999193133721649,0.809473497548644,0.0221108278165753
0,0.0069441280994443,0.163799619070653,0.0004710255442333,0.0001906908837719,0.999014497710432,0.809315047376211,0.0220595784743976
0,0.0096941975220046,0.147201983251202,0.0063399711903383,0.000169099631401,0.999017155296627,0.809353195199155,0.0221048068485303
0,0.0085509873604138,0.16032288297004,0.003737925580904,0.0001786532828926,0.99904430889471,0.809397071705408,0.022137945877376
0,0.0075338298476447,0.135774102850924,0.0012094229786539,0.0001906908837719,0.998991619359707,0.809341086845797,0.0220711305154497
0,0.0074545789248707,0.171357741028509,0.0018939970970136,0.0001906908837719,0.998970589764596,0.809311532047817,0.0224434349410935
0,0.0043569286835298,0.18580887021193,0.0003167654791383,0.0001710103616993,0.999118490213728,0.809402279599325,0.0221512204525932
0,0.0073185419078255,0.178311213229737,0.0041373132764226,0.0001906908837719,0.998956839644715,0.809396681113364,0.0220450554569874
0,0.0098633077587901,0.0966532635970614,0.0117889790484261,0.0002797309156735,0.999073080153955,0.809388999469836,0.022139731623804
0,0.007888898942593,0.178039120839254,0.0006152612535863,0.0001906908837719,0.998935694502379,0.80927169165935,0.022057950758627
0,0.0102707947869117,0.13399038606887,0.0037264404540434,0.0001906908837719,0.999043962253032,0.809342388819277,0.0220508393790463
0,0.0215593711096065,0.0628835746893612,0.0221276130488746,0.0001060455315565,0.998957764022522,0.80935853329042,0.0226607428980114
0,0.0066570775130186,0.103878828188772,0.005537603080401,0.0001906908837719,0.999069498189953,0.809396160323973,0.0221948527170867
0,0.0156767061569231,0.0701696042567343,0.0088979400220607,0.0001593549068796,0.999043846705806,0.809380146050177,0.022097679665884
0,0.0087219696662412,0.134564803337667,0.0021105904891373,0.0001906908837719,0.999025359149665,0.809341086845797,0.0221644160124816
1,0.0042882861519932,0.167518215073918,0.0005031241114766,0.0001215224469729,0.999031252058185,0.809277159947963,0.0220778310153212
0,0.0091874908346619,0.122622970644254,0.0013082842502623,0.0001906908837719,0.999051472822715,0.809372073814605,0.0221020729181582
0,0.007428369958284,0.133899688605375,0.0022327780839853,0.0001906908837719,0.998986535281768,0.809388869272488,0.0220889721766642
0,0.0039837629211765,0.160867067751005,0.0010672107289726,0.0001906908837719,0.999039918100126,0.809308928100858,0.022171479982865
0,0.0151119653292813,0.0557789400489766,0.0116644792946685,0.0001906908837719,0.998986650828993,0.809358403093072,0.0220329977178319
0,0.010484834680703,0.179550745230825,0.0010509035456211,0.0001906908837719,0.999011146840881,0.809329629479179,0.0221177021501699
0,0.0039725305069251,0.146295008616259,0.0014705556657715,0.0001906908837719,0.999027207905279,0.809297861326284,0.0221265834731128
0,0.0088424061079372,0.186685612359041,0.0001589500237585,0.0001906908837719,0.998903341279131,0.809222477061831,0.0219625160446551
0,0.0114495742602987,0.110711370438673,0.0015360793749082,0.0001906908837719,0.999055863617298,0.809380146050177,0.0221025470101303
0,0.0077522379025338,0.166429845511987,0.0058077466542726,0.0002120910631131,0.999050895086585,0.809322989414435,0.0221040799075065
0,0.0065229125650154,0.129395047918493,0.0013986532521969,0.0001906908837719,0.998945516016579,0.808678642739519,0.0221992617724267
0,0.0362601052726825,0.0299603954409408,0.0270312748865734,0.0001973784398161,0.998908771998747,0.809095925239641,0.0219674624042301
0,0.0074770437533736,0.124195060011488,0.0004196756132768,0.0001285921490767,0.999084403782092,0.809399675652367,0.0221262832148638
0,0.0084810967828493,0.145871753786619,0.0040882515643164,0.000146361940851,0.999050317350456,0.809377411905871,0.0221326360472892
0,0.0052380491792537,0.16458566375427,0.0012060979725761,0.0001285921490767,0.998966430064464,0.809335488359836,0.0220256334891995
0,0.0047625436426095,0.166006590682347,0.0026250176897509,0.0001761693335047,0.998933036916183,0.809286403959666,0.02201499802596
0,0.0047987369774197,0.158932188529794,0.0028084264870545,0.0001906908837719,0.998987690754026,0.809342649213973,0.0220198179610091
0,0.020630200841807,0.0708347189890256,0.0011021101276998,0.0001369993623892,0.99904038028903,0.80940201920463,0.0221086469935039
0,0.0076898356011369,0.112736947123379,0.0019781030141148,0.0001906908837719,0.998934307935668,0.809276769355919,0.0220129436274145
0,0.027921909760032,0.0353417782749342,0.0345873675890914,0.0001713925077589,0.999304983436305,0.809643405087696,0.0220958149041273
0,0.0108530082589446,0.134655500801161,0.0016352765068941,0.0001906908837719,0.99902663016915,0.80936738671008,0.0221110016502983
0,0.0221571851569886,0.071076578891677,0.002996271249097,0.0001906908837719,0.999043037875225,0.809380015852829,0.0220928755339006
0,0.0193621860774225,0.0731626205520452,0.0029917876179899,0.0001906908837719,0.999136515580966,0.809477924258474,0.0221497349644141
0,0.0138838880377908,0.10215557638238,0.0160830981976139,0.0001906908837719,0.999162744801241,0.809501359781102,0.02208791337126
0,0.0091163522110695,0.165311243462224,0.0034864698271903,0.0001308850254346,0.999029634397022,0.809384051970615,0.0221135301408159
0,0.0058845370217253,0.179218187864679,0.0018283122588414,0.0001906908837719,0.999066031773176,0.809369209472951,0.0220903312403174
0,0.0084991934502544,0.137074099827675,0.0033281136218346,0.0001906908837719,0.9991442572451,0.809479226231953,0.0221515207108421
0,0.0070864053466291,0.139190373975874,0.0015977761334282,0.0001339421939119,0.998986304187316,0.80932455178261,0.0220711779246469
0,0.0095325755613867,0.0957765214499501,0.0074062553690611,0.000239414506379,0.999088910123901,0.809434828936308,0.0220704509836231
0,0.0092311724456398,0.131481089578861,0.0006592522590402,0.0001906908837719,0.999054939239491,0.809359054079812,0.0221021993426841
0,0.0086202539149643,0.141095020709254,0.0093679512617359,0.0003339956561457,0.999041651308515,0.809394728153146,0.0221474435198826
0,0.0091918589957597,0.124285757474983,0.0034419239059299,0.0001906908837719,0.999035527305543,0.809343820990104,0.022148849992733
0,0.0089809392170383,0.106146264776128,0.0077612007540305,0.000331320633728,0.998974749464727,0.809428579463608,0.0222365254014291
0,0.006669557973298,0.176497263959851,0.0021747782768963,0.0001906908837719,0.998978446975956,0.80934277941132,0.0220967314819399
0,0.0129684462762987,0.0934788523747619,0.0153313309007546,0.0001423494072245,0.999014497710432,0.809391473219447,0.0224866879320094
0,0.0214663916805252,0.0571091695135593,0.0094190662808605,0.0001906908837719,0.999018310768886,0.809369730262342,0.0221121710771627
0,0.0091113600269577,0.126402031623182,0.0079722523333348,0.0001465530138808,0.999138248789354,0.809479877218693,0.0220978060904099
0,0.0096804690156973,0.109471838437585,0.0031514448645232,0.0001226688851519,0.999111904021852,0.809439255646138,0.0221387360306627
0,0.0053353967694328,0.146899658372887,0.0005700776756327,0.0001906908837719,0.999010569104752,0.809340696253754,0.0220381021080642
0,0.0064923354373309,0.14844151525229,0.0004422346887066,0.0001906908837719,0.999123805386118,0.809339524477622,0.0222202956529195
0,0.004892340429515,0.181757716842519,0.0001475402536755,0.0001906908837719,0.999010106915848,0.809310881061077,0.0220490378295526
0,0.0073222860459093,0.18432747830819,0.0020466943736917,0.0001906908837719,0.999037607155609,0.809327416124265,0.0221199777916357
0,0.0143269443777087,0.0621882274692384,0.0062702256361976,0.0001906908837719,0.999046619839227,0.809440818014313,0.0220537155370101
0,0.0216067968586681,0.0586207939051304,0.0219295271880532,0.0001906908837719,0.999124960858377,0.809368428288863,0.0221386412122683
0,0.0070514600578469,0.164615896242102,0.0030918579986163,0.0001906908837719,0.998972669614661,0.809154644243559,0.0221001765502701
0,0.0086932646075987,0.140611300903951,0.002947414037952,0.0001906908837719,0.999058867845171,0.809391212824751,0.0220726160036288
0,0.0118564372654063,0.098195120476464,0.0051832294198023,0.0001906908837719,0.999027092358053,0.809357361514289,0.0220868229597243
0,0.0088293016246439,0.168092632342715,0.0007816538958957,0.0001906908837719,0.999073311248407,0.809419856241296,0.0221893848563425
0,0.0091818746275362,0.16011125555522,0.0020473702722979,0.0001906908837719,0.99903587394722,0.809348638291977,0.0220739434611505
0,0.0052436653863794,0.0967137285727242,0.005260631537342,0.0001939391252791,0.999020275071726,0.809418684465165,0.0220887193276124
0,0.0114664228816759,0.118753212201832,0.0078192484218062,0.0001734943110871,0.999086368084932,0.809372204011953,0.0221302497843632
0,0.0092330445146817,0.116848565468452,0.007287489997918,0.0001906908837719,0.99903390964438,0.809384312365311,0.0220955620550755
0,0.0225434554026352,0.0448347794540013,0.0131700399324969,0.0001906908837719,0.999077239854087,0.809477012877039,0.0222284658379044
0,0.0066346126845158,0.210055325452732,0.0033728574177897,0.0001906908837719,0.998987459659575,0.809333795794313,0.0221499720104001
0,0.0095282074002889,0.136318287631889,0.0114115413947832,0.0001853408389367,0.999183774396352,0.809494198926966,0.022128653674724
0,0.0089572263425075,0.123681107718354,0.002402903102018,0.0001906908837719,0.999211159088887,0.809487689059569,0.0221327308656836
0,0.0091631539371172,0.158720561114974,0.0054904785116163,0.0001547691541636,0.998987113017897,0.809366996118036,0.0221156951608216
0,0.0050377377917697,0.165764730779696,0.0015168311591574,0.0001652781708043,0.999005369479587,0.809388478680445,0.0220709882878581
0,0.0095038705027441,0.105813707409983,0.0006782750457098,0.0001906908837719,0.999006640499072,0.809379625260785,0.0220999237012183
0,0.0058296229964961,0.18136469450071,0.0010846773923555,0.0001906908837719,0.998981451203829,0.809321557243608,0.0221250031665393
0,0.0044598924808346,0.179792605133476,0.000285662775612,0.0001780800638031,0.999107051038365,0.809409961242853,0.0221042379381639
0,0.0069503683295839,0.183873990990719,0.0024855813987645,0.0001906908837719,0.999010684651977,0.809361267434727,0.0222381847233312
0,0.0145035428906618,0.0826858542189437,0.0201080531584244,0.0001580173956707,0.99918412103803,0.809510603792805,0.0222835395219898
0,0.0081647171147671,0.179822837621308,0.0011210148657815,0.0001906908837719,0.99902212382734,0.809362829802902,0.0222966876726811
0,0.0113347540257285,0.139553163829852,0.0069933507896032,0.0001906908837719,0.999120223422116,0.809483913336479,0.0222535611062911
0,0.0312229915039267,0.044744081990507,0.0221413146909988,0.0001070008967057,0.999022470469018,0.809377542103218,0.0222496103398574
0,0.004074246258202,0.163557759168002,0.0010745134186541,0.0002499235230198,0.999115832627532,0.809342649213973,0.0222492310662798
0,0.0083232189603152,0.106660217069263,0.0046429112588004,0.0001906908837719,0.997231257373357,0.806872284734309,0.0220915954855761
0,0.0143256963316807,0.0925718777398192,0.0048196840154603,0.0001473173060002,0.999072271323374,0.809411002821637,0.0221559613723136
0,0.0089584743885354,0.142727575052151,0.0037713558528099,0.0001906908837719,0.99905020180323,0.809387827693705,0.0221275158539911
1,0.0071307109806209,0.215648335701545,0.0002354538838457,0.0001906908837719,0.998942627335932,0.80901728604149,0.0220754763585267
0,0.0091138561190136,0.126099706744868,0.0020760011841328,0.0001906908837719,0.999036567230576,0.809352934804459,0.0221155687362957
0,0.0073534871966078,0.13187411192067,0.0028757961846277,0.0001906908837719,0.998989308415189,0.809331191847355,0.0221052493343709
0,0.0035219858908396,0.176376334008526,0.0010533425946178,0.0001906908837719,0.99904765976426,0.809181204502537,0.0220947244925916
0,0.0186564160486239,0.062944039665024,0.0129658121639605,0.0001906908837719,0.999015999824368,0.809560469377063,0.022078083864373
0,0.0086745439171796,0.142636877588657,0.0026116671425874,0.0001906908837719,0.998996934532097,0.809335358162488,0.0220970159371231
0,0.0085522354064417,0.133234573873084,0.0033956637637185,0.0001906908837719,0.99904234459187,0.809402539994021,0.0220740856887421
0,0.0100367861566735,0.130725277383076,0.00257774197991,0.0001906908837719,0.998939392013607,0.809287054946406,0.022085053016362
0,0.0062414781857154,0.157964748919189,0.0065599834250222,0.000265591511466,0.999028478924764,0.809355668948766,0.0220995602307064
0,0.0038439817660475,0.0929649000816277,0.0006390065667275,0.0001513298396266,0.998945978205482,0.809337831912099,0.0222945226526754
0,0.0235487564781389,0.0501556973123318,0.0029615853094213,0.0001375725814787,0.999011955671462,0.809410482032245,0.0221531326235471
0,0.0082358557383596,0.134685733288992,0.0005571608671573,0.0001906908837719,0.999007911518556,0.809341086845797,0.0220885138877579
0,0.0072268105247721,0.151857786377241,0.0024434839898197,0.0001549602271934,0.999040611383481,0.809416340912902,0.0221189821984944
0,0.0065266567030992,0.169181001904647,0.0028765105000336,0.0001845765468173,0.99909595850468,0.809428579463608,0.0220769618467058
0,0.0070739248863498,0.115669498443027,0.0020161441958522,0.0002367394839614,0.999025359149665,0.809495631097793,0.0221066874133528
0,0.004552247886902,0.155485684917012,0.0008292353855851,0.0001906908837719,0.999051126181037,0.809380797036917,0.0221090420701472
0,0.0147675046255706,0.0917858330562022,0.002046806689879,0.0001490369632686,0.999051703917166,0.809488470243657,0.0221141622634453
0,0.0068761095909217,0.166097288145841,0.0022734013915511,0.0001906908837719,0.998945631563805,0.809257760543121,0.0223363375646094
0,0.0115550341496594,0.0800858602654412,0.0031744473945744,0.0001060455315565,0.999393492611333,0.80967335047772,0.0221135459438816
0,0.0086152617308526,0.179308885328174,0.0007592924619782,0.0001906908837719,0.998999823212744,0.809325332966698,0.0220942345975538
0,0.0097965372962954,0.125767149378722,0.0006058621375751,0.0001906908837719,0.999119645685987,0.80948638708609,0.0222891022011284
0,0.0148080661214786,0.0890649091513741,0.0029996447959768,0.0001906908837719,0.999148648039684,0.80950969241137,0.0221519948028142
0,0.0307318853919333,0.156211264624966,0.0145766659239898,0.0001906908837719,0.999129582747413,0.809432355186698,0.0220616170698774
0,0.007327902253035,0.22000181394927,0.000590031248699,0.0001906908837719,0.998970705311822,0.809332624018182,0.0221533064572701
0,0.0122333471658435,0.157511261601717,0.0020491365900826,0.0001140705988095,0.9991246142167,0.809408008282634,0.0221227907373364
0,0.0121278872764828,0.0875835172476343,0.0044048412433602,0.0001906908837719,0.99902801673586,0.809444723934751,0.0220483741007917
0,0.0072174501795626,0.145932218762282,0.004104575148163,0.0002218357876345,0.999036105041672,0.809399154862975,0.0221792708942723
0,0.0063531783052159,0.158690328627143,0.005635387865479,0.0001096759191233,0.999029287755345,0.809337050728012,0.0221191876383489
0,0.0107912299805617,0.0937811772530761,0.0013303646605292,0.0001906908837719,0.999067764981564,0.809410482032245,0.0220980905455931
0,0.0144230439218598,0.171811228345981,0.0217719256580897,0.0001494191093283,0.999053668220006,0.809385874733486,0.0220717626380791
0,0.0096417795888312,0.104211385554917,0.0017068870927003,0.0001906908837719,0.999038069344512,0.809382880194484,0.0220903786495146
0,0.0066782942954936,0.1393113039272,0.0086702133947437,0.0003829103517826,0.999007102687975,0.809489772217136,0.022263216779455
0,0.0059956131182118,0.160020558091725,0.0012794787236766,0.0001906908837719,0.999155465326011,0.809504875109496,0.0221717644380483
0,0.010585926408966,0.100099767209844,0.0037558874848319,0.0001056633854969,0.999050086256004,0.809354106580591,0.0221712271338133
0,0.0084580079313325,0.109078816095777,0.0030671234285927,0.0001906908837719,0.999093647560163,0.809449931828669,0.0220699136793881
0,0.0140929357474704,0.112918342050367,0.0077993517063808,0.0001352797051208,0.999201222027461,0.809515030502635,0.0221987560743231
0,0.0109721966546126,0.0981648879886326,0.0055131103982493,0.0001220956660624,0.999033563002703,0.809365824341905,0.0220690129046412
0,0.0101048046651961,0.124527617377634,0.0022834456066604,0.0001524762778056,0.999149456870265,0.809463211958158,0.0220955146458783
0,0.0116686063382018,0.127913656014753,0.0138313885984351,0.0002199250573362,0.999068920453823,0.809362178816162,0.0221431766921342
0,0.0119469206024318,0.122139250838952,0.0034027378180608,0.0001906908837719,0.999201337574687,0.809560078785019,0.0222282762011156
0,0.0089653386416891,0.115125313662061,0.002009722352671,0.0001906908837719,0.999207230483207,0.809533127933997,0.0220835359220514
0,0.0144211718528179,0.090485836079451,0.0121963264055946,0.0001060455315565,0.999107859868946,0.809435610120396,0.0221629305243026
0,0.0051494379112701,0.145388033981316,0.0029357483307577,0.000110058065183,0.999069729284404,0.809485345507306,0.0221153790995069
0,0.0066408529146554,0.133748526166218,0.0021988515416454,0.0001906908837719,0.999201337574687,0.809484824717915,0.022151173043396
0,0.0179063403858334,0.0680230976207032,0.0305744156143789,0.0003475618412637,0.999238428234196,0.809613720092367,0.0221509043912785
0,0.0042695654615742,0.156271729600629,0.0011747996290197,0.0003028507522831,0.999018657410564,0.809462821366114,0.0221071457022591
0,0.0069391359153325,0.162378692142576,0.0038119538600858,0.0001341332669418,0.999046504292002,0.809382619799788,0.0221115073484019
0,0.0087163534591155,0.16945309429513,0.010413267601698,0.0002889024211054,0.99899208154861,0.80933965467497,0.0221385621969397
0,0.017794640266333,0.0584091664903105,0.0025594351992186,0.0001906908837719,0.999033678549929,0.809417642886382,0.0220863488677522
0,0.0107556606687655,0.102820691114672,0.0050475376300238,0.0001906908837719,0.999036336136124,0.809384702957355,0.0221383409540194
0,0.0063743950876908,0.170390301417904,0.0014444172211338,0.0001906908837719,0.99901230231314,0.809328587900396,0.02218857889999
0,0.0089697068027868,0.120718323910875,0.0021469552254717,0.0001906908837719,0.999066956150983,0.809399024665627,0.0226096515864911
0,0.0130352167387933,0.109350908486259,0.0021348530979918,0.0001262992727187,0.999025012507987,0.809433136370785,0.0221412171119831
0,0.0134246070995098,0.150950811742298,0.0019364503034307,0.0001906908837719,0.999125423047281,0.809453707551759,0.0222195213026985
0,0.0091531695688937,0.164132176436799,0.0013735675094851,0.0001906908837719,0.999051588369941,0.809421028017428,0.0221656328485432
0,0.0063912437090679,0.10215557638238,0.0037829873793514,0.0002382680682,0.999114330513596,0.809460868405895,0.0221864138799843
0,0.0106133834215806,0.0871602624179944,0.0118208163736587,0.0001704371426098,0.999067302792661,0.809412825584508,0.0220719206687364
0,0.0071369512107606,0.172325180639115,0.0031430906776915,0.0001778889907732,0.998974865011953,0.809315437968255,0.0221413593395747
0,0.0192298931984612,0.127309006258125,0.0032396583478226,0.0001006954867212,0.999063258639755,0.809406315717111,0.0220934286412014
0,0.0075856237578041,0.210780905160686,0.002777265643384,0.0001906908837719,0.998997281173775,0.809330280465919,0.0220944874466056
0,0.0083693966633489,0.108262538924328,0.0075368074301981,0.0001906908837719,0.999119876780438,0.809462040182026,0.0220651727596677
0,0.0103681423770909,0.112706714635547,0.0033698650075358,0.0001906908837719,0.999240161442584,0.809557995627452,0.0221533696695331
0,0.0090133884137647,0.145327569005653,0.008429563876777,0.0001104402112426,0.998870294772528,0.809224039430007,0.0219474399199442
0,0.0050433539988954,0.158176376334008,0.0014266571754332,0.000200817754353,0.999058983392397,0.809411784005725,0.0220771830896261
0,0.007528837663533,0.160081023067388,0.0020628107749796,0.0001906908837719,0.999009529179719,0.809385744536138,0.0220968104972686
0,0.005012776871211,0.196239078513771,0.0006051878518138,0.0001906908837719,0.999040611383481,0.809367516907428,0.0221868089566277
0,0.0069029425805223,0.133446201287904,0.0014444380909582,0.0001371904354191,0.999263617529438,0.809561510955847,0.0221336790496276
0,0.0050957719320688,0.17646703147202,0.0009624178218746,0.0001906908837719,0.998995201323709,0.809440687816966,0.0221222692361672
0,0.0136480073385106,0.0848323608549747,0.0140625316393291,0.0001906908837719,0.999180885715705,0.809555521877842,0.0221058656539346
0,0.0093079272763579,0.171811228345981,0.0027437170314122,0.0001906908837719,0.999052512747748,0.809374807958912,0.0221860030002752
0,0.0179812231475097,0.0836835263173806,0.0074905160221137,0.0001906908837719,0.998825577996111,0.809290960866844,0.0220466041574294
0,0.0107350679093045,0.104967197750703,0.0006687280143322,0.0001906908837719,0.999090181143386,0.80941204440042,0.022091010772144
0,0.005770964833183,0.14058106841612,0.0013929969856849,0.0001906908837719,0.999181810093512,0.80949771425536,0.022101014112754
0,0.0051413256120885,0.148260120325302,0.005818138699789,0.0001906908837719,0.999217283091859,0.809603434501881,0.0224136303591179
0,0.0145827938134358,0.0750974997732563,0.0062180876847663,0.0001906908837719,0.999087292462739,0.809485605902002,0.0220942662036853
0,0.0101491102991878,0.117483447712912,0.0031630576781774,0.0001241974693905,0.999083826045962,0.809409310256114,0.0221253508339855
0,0.0101846796109841,0.109471838437585,0.0054447548055064,0.0001906908837719,0.99919001394655,0.809523363132902,0.0222467657880252
1,0.0087032489758222,0.196964658221725,0.0002010282534513,0.0001906908837719,0.999035296211091,0.809330410663267,0.0221265360639156
0,0.0089048084093341,0.11340206185567,0.0006062009127325,0.0001026062170196,0.999019004052241,0.809373766380128,0.0221055811987513
0,0.007549430422994,0.12041599903256,0.003556670203594,0.0001906908837719,0.998985726451186,0.809395118745189,0.0220857799573858
0,0.0038664465945504,0.168032167367053,0.0007034911568127,0.0001906908837719,0.999000747590551,0.809315177573559,0.022078858214594
0,0.014999017163753,0.0688393747921516,0.0130407195019109,0.0001906908837719,0.999014959899335,0.809507348859107,0.0221231067986511
0,0.0088342938087556,0.157874051455694,0.0012990112470635,0.0001906908837719,0.998978562523182,0.809347596713194,0.0220742279163337
0,0.0078776665283415,0.158146143846177,0.0054679525286547,0.0001906908837719,0.999102775791007,0.809429360647695,0.0221162324650565
0,0.0112579991950103,0.112071832391087,0.0035539297663508,0.0001906908837719,0.998976482673116,0.809325072572002,0.0220994812153778
0,0.0055494366632241,0.170662393808386,0.0008188118021496,0.0001778889907732,0.998949906811162,0.809249167518157,0.0220369958934627
0,0.0046252585795364,0.0842881760740091,0.0003644909978208,0.0002011999004127,0.998896177351126,0.809308537508814,0.0220366640290823
0,0.0198751329949049,0.0584998639538047,0.0166519693680987,0.0001092937730637,0.99902859447199,0.809322598822391,0.0220664528079922
0,0.007030243275372,0.166943797805121,0.0001492659977233,0.0001906908837719,0.99900248079894,0.809349159081369,0.0223986016436042
0,0.0078826587124533,0.149348489887233,0.0011622472069015,0.0001723478729081,0.999019812882822,0.809381448023656,0.0220701981345714
0,0.0079943588319537,0.190797230704115,0.0014970397061518,0.0001675710471623,0.99899404585145,0.809243569032196,0.0220317650787046
0,0.0060405427752175,0.138222934365269,0.0015355319986658,0.0001866783501455,0.998982606676088,0.8093660847366,0.0220577137126409
0,0.0071837529368083,0.153006620914835,0.0010189603555808,0.0001906908837719,0.999026399074698,0.809353455593851,0.0220574450605234
0,0.0116779666834113,0.0887928167608912,0.0019398630638168,0.0001347064860313,0.999015422088239,0.809430792818523,0.0220577453187724
0,0.0039768986680228,0.174955407080449,0.000696825327118,0.0001906908837719,0.998714768206487,0.808751553254361,0.0219298669108472
0,0.0076224411156283,0.151343834084107,0.0137469808267225,0.0001906908837719,0.99929585520546,0.809618146802197,0.0220967946942029
0,0.013481393193781,0.150285697010007,0.0015818547697825,0.0001906908837719,0.999010684651977,0.809349810068109,0.0220957042826672
0,0.0085484912683579,0.152190343743387,0.0009267786908604,0.0001906908837719,0.999122996555537,0.809467248075944,0.0221339793078766
0,0.0156149278785402,0.0869486350031744,0.0030100779593224,0.0001906908837719,0.999084865970995,0.80947753366643,0.0221027840561163
0,0.0114189971326143,0.144481059346374,0.0109536590596997,0.0001906908837719,0.999057596825687,0.809321947835651,0.0220790004421856
0,0.0082358557383596,0.194062339389908,0.0055888896246095,0.0002191607652169,0.999030096585926,0.80938691631227,0.0221738820488567
0,0.0087207216202133,0.178008888351422,0.0038253666086534,0.0001427315532842,0.999186316435322,0.809468550049423,0.0221484391130239
0,0.0131250760528048,0.07029053420806,0.0029007629071583,0.0001906908837719,0.998979833542666,0.809337311122707,0.0221076672034283
0,0.009925710060187,0.162801946972216,0.0095366113890943,0.0005137953772173,0.999033794097154,0.809397071705408,0.0220865543076068
0,0.0071906171899619,0.160292650482208,0.0012197734011127,0.0001906908837719,0.998931534802247,0.809154904638254,0.021997488229126
0,0.0160405115740669,0.117543912688575,0.0022270511437755,0.0001906908837719,0.999134551278126,0.809418554267817,0.0221361917370795
0,0.0070377315515396,0.156211264624966,0.0065758834330468,0.0001519030587161,0.998945631563805,0.809277680737354,0.0220069858716325
0,0.0053703420582151,0.156543821991112,0.0051003956486935,0.0005837281061357,0.999031252058185,0.809372985196041,0.022104111513638
0,0.0067363284357927,0.136197357680564,0.0015417308806129,0.0001906908837719,0.999147492567425,0.809549142207793,0.0221063239428409
0,0.0087856200136661,0.136983402364181,0.0042726465871313,0.0001173188403166,0.999072964606729,0.809391473219447,0.0222351189285787
0,0.0108817133175872,0.156846146869426,0.0069520330648626,0.0001906908837719,0.999003636271198,0.809346555134411,0.0221120604557026
0,0.0123082299275197,0.102881156090335,0.004184624099646,0.0001142616718393,0.999216820902955,0.80954367391918,0.0220995918368379
0,0.0106508248024187,0.112918342050367,0.0034547230544548,0.0002696040450924,0.999163784726274,0.809487558862221,0.0221195669119266
0,0.0101403739769923,0.102971853553829,0.0041826314783461,0.000188398007414,0.999025243602439,0.809356710527549,0.0221160586313335
0,0.0084243106885782,0.157420564138223,0.0063458050252447,0.0001906908837719,0.999209772522176,0.809502140965189,0.0221241972101868
0,0.0102720428329397,0.099192792574901,0.0024110848116043,0.0001906908837719,0.999050663992133,0.809370120854386,0.0220820188277409
0,0.0137590834349971,0.103395108383469,0.0113581188998288,0.0002040659958602,0.999068342717694,0.809451624394192,0.0221306448610066
0,0.0093360083119865,0.140671765879614,0.0035731147896723,0.0001906908837719,0.9991442572451,0.809525576487817,0.0221098480264997
0,0.0062171412881707,0.133748526166218,0.0029159312082566,0.0001906908837719,0.999036682777801,0.809338352701491,0.0221408852476027
0,0.0080973226292585,0.143060132418297,0.0014739572139707,0.0001906908837719,0.999208154861014,0.809565807468328,0.0221004926115848
0,0.0119781217531303,0.0515161592647459,0.009601087623477,0.0004809308160862,0.99914229294226,0.809476101495603,0.0220613168116284
0,0.0053659738971173,0.131753181969344,0.002426361795131,0.000338199262802,0.999021083902307,0.809372724801345,0.0221362233432109
0,0.0128798350083151,0.0871300299301629,0.0126692895595142,0.0001157902560779,0.999044539989162,0.809374156972172,0.0220984382130393
0,0.0053466291836842,0.155334522477855,0.0002667555502513,0.0001035615821687,0.99932982608987,0.809598096410615,0.0224322463705533
0,0.0106832739991451,0.158508933700154,0.0056595624674109,0.000112350941541,0.999087754651642,0.809388999469836,0.0221532590480729
0,0.0102932596154146,0.132327599238141,0.00637722767445,0.0002388412872895,0.998985264262283,0.809330280465919,0.0220616170698774
0,0.0210982181022836,0.0610696254194758,0.011766117069064,0.0001906908837719,0.998977869239826,0.809417642886382,0.0220656152455083
0,0.0107506684846537,0.141488043051063,0.0015070108380119,0.0001906908837719,0.998871219150335,0.809132380497062,0.0219895392870614
0,0.0078046558357072,0.182332134111316,0.0032728929602666,0.0001906908837719,0.998984686526153,0.809345773950323,0.0220740698856764
0,0.0146670369203216,0.0955951265229616,0.0019985154318405,0.0001071919697355,0.999021199449533,0.809429751239739,0.0220902680280544
0,0.0096424036118452,0.138434561780089,0.0004650996022805,0.0001906908837719,0.999099771563134,0.809474018338036,0.0220817185694919
0,0.0153409817754079,0.159567070774254,0.0048480906058305,0.0001906908837719,0.999050895086585,0.809393556377014,0.0220971739677805
0,0.0077229088208773,0.0931160625207848,0.0021909337750993,0.0001234331772712,0.999063836375884,0.809442640777185,0.022041626191723
0,0.0125753117774984,0.104150920579254,0.0007269983518641,0.0001906908837719,0.998998436646034,0.809293304419106,0.022015598542458
0,0.0054196398763186,0.172174018199958,0.0041492785841318,0.0001906908837719,0.998929108310503,0.809131469115627,0.0221732973354245
0,0.0121054224479799,0.0749765698219306,0.0059689563514699,0.0001906908837719,0.999007449329653,0.809599658778791,0.0220400616882153
0,0.0066726780883679,0.210297185355383,0.002239173111191,0.0001155991830481,0.998998898834937,0.809354627369982,0.0221226485097448
0,0.0043176152336498,0.172929830395743,0.0021145499650822,0.0001906908837719,0.998847185327351,0.809240704690542,0.0219559735754409
0,0.0148480035943726,0.0763067992865133,0.0034246458482416,0.0001906908837719,0.999221904980894,0.809532607144606,0.022081892403215
0,0.0105478610051139,0.157722889016537,0.0073818111694158,0.0001255349805994,0.998987459659575,0.809358923882464,0.022088150417246
0,0.0073553592656497,0.146929890860719,0.003209862320715,0.0001603102720287,0.999018310768886,0.809330020071223,0.0220894462686362
0,0.0076105846783629,0.154185687940261,0.001486627801268,0.0001906908837719,0.998931765896698,0.80930944889025,0.0220339300987102
0,0.0045541199559439,0.215255313359736,0.000983812190101,0.0001343243399716,0.998908078715392,0.809234845809885,0.0220595942774634
0,0.0095556644129035,0.119085769567978,0.0062749270013668,0.0001203760087939,0.999266159568408,0.809580649965993,0.0221028472683792
0,0.0052137122817089,0.184387943283853,0.0004954051523549,0.0001906908837719,0.99901623091882,0.809419726043948,0.0221036848308632
0,0.0159537723751252,0.076004474408199,0.0130332872988404,0.0001906908837719,0.999180076885124,0.80955877681154,0.0220938869301077
0,0.0099837442004861,0.160141488043051,0.0045024720697614,0.0001906908837719,0.999057019089557,0.809385874733486,0.0220895410870306
0,0.0161054099675196,0.0773044713849503,0.0151805191952249,0.0001906908837719,0.998772657366656,0.808932006778595,0.0219906296985971
0,0.0165646909058006,0.0687486773286574,0.0217204373528132,0.0001906908837719,0.999064414112014,0.80943977643553,0.0220363163616362
0,0.0094938861345206,0.118964839616652,0.0055699253472894,0.0001906908837719,0.999141946300582,0.809473106956601,0.0220732639293239
0,0.0103244607661131,0.0721347159657768,0.0048972166957098,0.0001906908837719,0.999292157694232,0.809659419361491,0.0221248767420134
0,0.0126476984471187,0.0858904979290746,0.004808696558128,0.0001906908837719,0.999072040228922,0.809493678137574,0.0220936498841216
0,0.0077859351452881,0.142455482661668,0.0027557162865919,0.0001906908837719,0.99903587394722,0.809392124206187,0.0220867913535928
0,0.0091494254308098,0.103516038334795,0.0083191727850155,0.0001039437282284,0.999068227170468,0.809447197684362,0.0220518665783191
1,0.0055488126402101,0.206125102034646,0.0015252602946976,0.0001906908837719,0.998998898834937,0.809350461054849,0.0221282585980806
1,0.0079250922774031,0.19218792514436,0.0001350698534651,0.0001906908837719,0.999001671968358,0.809303069220201,0.0220770724681659
0,0.0064879672762331,0.1250718021586,0.001120155122288,0.0001016508518704,0.999032176435992,0.809386395522878,0.0221104801491291
0,0.0080467767651271,0.105148592677691,0.0035900729794092,0.0001906908837719,0.998996125701516,0.809417773083729,0.0220950879631035
0,0.0039600500466457,0.16395078150981,0.0005151431288644,0.0001906908837719,0.99893650333296,0.809214925615651,0.0220539841891275
0,0.0134907535389905,0.0717114611361369,0.0108962778855069,0.0001906908837719,0.99905667244788,0.809523623527598,0.0221111596809557
0,0.0087338261035067,0.161229857604982,0.0010179322349657,0.0001906908837719,0.998929686046632,0.809333275004921,0.0220495119215246
0,0.0082408479224713,0.145811288810956,0.0008145404058865,0.0001906908837719,0.999083363857059,0.80941647111025,0.0220864436861466
0,0.0112916964377646,0.114520663905433,0.0057796105360497,0.0001906908837719,0.998988499584608,0.809331582439398,0.0221147469768775
0,0.0058820409296694,0.178462375668894,0.0014026207923664,0.000222409006724,0.998961114892073,0.809314917178863,0.0220888773582698
0,0.0059719002436809,0.0790579556791728,0.0042684958433261,0.0001729210919976,0.998956955191941,0.809349159081369,0.0221942522005888
0,0.0230164648472236,0.0528463887293285,0.0181785957035667,0.0001144527448691,0.998996356795968,0.80947375794334,0.0220594520498718
0,0.0075107409961279,0.182241436647822,0.0001340065806038,0.0001906908837719,0.999046388744776,0.809363220394946,0.0221915814824796
0,0.0077584781326735,0.147111285787707,0.0012334659685553,0.0001425404802544,0.998987690754026,0.809353715988547,0.0220500808318911
0,0.0054676896483942,0.18644375245639,0.0005677346200556,0.0002015820464724,0.999037376061157,0.80932077605952,0.0221610025502829
0,0.0041260401683614,0.149620582277716,0.000900527677421,0.0001809461592505,0.998977291503697,0.809348638291977,0.0220851320316906
0,0.0053272844702512,0.171599600931161,0.0009735219675641,0.0001906908837719,0.999017617485531,0.809358142698376,0.0220970633463203
0,0.0112567511489824,0.0874021223206458,0.0029723168490742,0.0001906908837719,0.998986650828993,0.809425845319301,0.0220518349721876
0,0.00459280938281,0.161743809898116,0.001337402455009,0.0001906908837719,0.998814716556877,0.809151519507208,0.0248770596550402
0,0.0124916926936265,0.148592677691447,0.0170496765958181,0.0001906908837719,0.999294121997072,0.809581040558036,0.0220740856887421
0,0.0102433377742971,0.144148501980228,0.0017898085792537,0.0001906908837719,0.99904430889471,0.809401238020542,0.0221248293328162
0,0.0115425536893801,0.14121595066058,0.0029716651820053,0.0001906908837719,0.999136515580966,0.809488730638352,0.0221298389046541
0,0.0213060177659352,0.0667835656196148,0.0135650574595759,0.0001345154130014,0.999037953797286,0.809477403469082,0.0220619647373236
0,0.0120742212972814,0.141941530368534,0.0120702753865168,0.0001906908837719,0.999079319704153,0.809462951563462,0.0221370609056949
0,0.0101547265063136,0.151041509205793,0.0104458031721831,0.000506152456024,0.999023279299599,0.809385874733486,0.0221145415370229
0,0.0062932720958749,0.180850742207576,0.0024069144027505,0.0001129241606305,0.999169099898665,0.809459175840372,0.0220979641210672
0,0.0117765623196183,0.077002146506636,0.0064226902162765,0.0001119687954813,0.99896203926988,0.809393686574362,0.0220807229763507
0,0.0045060701838683,0.169755419173444,0.0010090863247568,0.000466409265819,0.998969549839563,0.809282888631272,0.0220600209602382
0,0.0079550453820736,0.173383317713215,0.0026303065773982,0.0001087205539742,0.998977407050923,0.809314135994776,0.0222208803663517
0,0.0193915151590791,0.103153248480817,0.0078769948567903,0.0001906908837719,0.999170139823698,0.809499797412927,0.0221331575484584
0,0.0067594172873095,0.148139190373976,0.0035231375646163,0.0001727300189678,0.998961461533751,0.809317130533778,0.0221270575650848
0,0.0080349203278616,0.107929981558182,0.0050766409499608,0.0007820619111009,0.999053090483877,0.809415559728815,0.0221230119802567
0,0.0077004439923744,0.118541584787012,0.002588213151986,0.0001906908837719,0.999205843916496,0.809535341288912,0.0222023433702449
0,0.0107200913569692,0.115881125857847,0.0089595477049055,0.0001906908837719,0.999078395326346,0.809383010391832,0.0220932073982811
0,0.0072461552382051,0.152311273694712,0.0034852536255411,0.0001906908837719,0.998970820859047,0.809239923506454,0.0220877079314054
0,0.0106670494007819,0.0791788856304985,0.0053600060628355,0.0001906908837719,0.999110401907916,0.809438604659399,0.0220343251753536
0,0.0086358544903136,0.0987997702330925,0.0029738329621482,0.0001906908837719,0.999025936885794,0.809371032235822,0.0220472204769931
0,0.0084405352869413,0.152734528524352,0.0021901084260093,0.0001906908837719,0.999168291068084,0.809460347616503,0.0221127083813977
0,0.0113397462098402,0.106448589654443,0.0016587635122363,0.0001906908837719,0.999020390618952,0.809377281708523,0.0220632921948453
0,0.0098732921270136,0.0952928016446473,0.0063787692821326,0.000265591511466,0.999051472822715,0.809458524853632,0.0221040166952436
0,0.0089285212838649,0.13740665719382,0.0029987935636409,0.0001906908837719,0.999159047290013,0.809562812929326,0.0221220163871154
0,0.0053971750478157,0.178704235571545,0.0009311042825986,0.0002164857427992,0.999055863617298,0.809443291763924,0.0222075741850031
0,0.0038658225715364,0.143634549687094,0.0014380460756918,0.0001906908837719,0.99884834079961,0.809026660250541,0.0220000009165778
0,0.006310744740266,0.160201953018714,0.0013430503075228,0.0001906908837719,0.9991964845912,0.80955057437862,0.0221117760005193
0,0.0154670344242296,0.0488557003355806,0.0196233407985809,0.0005157061075156,0.999106242207784,0.809540939774873,0.0221140832481166
0,0.0075313337555889,0.169362396831635,0.0037843473962432,0.0003217669822365,0.998978562523182,0.809210498905822,0.0220432539074937
0,0.0130121278872765,0.0909695558847538,0.0103043006714191,0.0001906908837719,0.999123920933344,0.809452796170323,0.0221743087316316
0,0.0086951366766406,0.134655500801161,0.0051098263609193,0.0001906908837719,0.999226642417155,0.809591716740567,0.022058962154834
0,0.011943176464348,0.138374096804426,0.004628005482216,0.0001618388562674,0.998979833542666,0.809347987305238,0.022027988145994
0,0.0079806303256464,0.194122804365571,0.0032976984566023,0.0002957810501794,0.998991966001384,0.809283409420663,0.0221290487513674
0,0.0243768350176755,0.0565952172204251,0.0102393155941849,0.0001906908837719,0.999046042103098,0.809409961242853,0.022158316029108
0,0.0094077709585929,0.11128578770747,0.0037358827282297,0.0001906908837719,0.998969203197885,0.809350721449544,0.0221342479599941
0,0.0126102570662806,0.171025183662364,0.0024621894541123,0.0001906908837719,0.999021892732888,0.80941269538716,0.0221534170787303
0,0.0142832627667308,0.0834114339268978,0.0005126502147343,0.0001906908837719,0.998922868760305,0.809367126315384,0.0220260917781058
0,0.0095843694715461,0.119841581763763,0.0011696338811092,0.0001906908837719,0.999085212612673,0.809503312741321,0.0221372663455494
0,0.0122739086617514,0.158055446382683,0.003712899902091,0.0001906908837719,0.999038762627867,0.809402409796673,0.0220949457355119
0,0.0078196323880424,0.106871844484083,0.0036797574549889,0.0001113955763918,0.999033447455477,0.809421288412124,0.0220900151790027
0,0.0095837454485321,0.126039241769205,0.0029021134218675,0.0001350886320909,0.998960652703169,0.809312183034556,0.0220642719849208
0,0.0061828200224024,0.132025274359827,0.0040821975469327,0.0001906908837719,0.999001209779455,0.80937116243317,0.0221129770335152
0,0.0102826512241771,0.0644858965444266,0.0015347277914463,0.0001906908837719,0.999008835896363,0.809447458079058,0.0220634028163054
0,0.0071906171899619,0.180790277231913,0.0003235739775956,0.000122477812122,0.999002134157262,0.809364522368425,0.0221066400041556
0,0.003435246691898,0.152674063548689,0.0012438252908088,0.0001906908837719,0.998857353483229,0.809135505233413,0.0220069542655011
0,0.0199799688612516,0.0566556821960879,0.013628318871972,0.0001906908837719,0.999207577124885,0.809521800764727,0.0220985962436966
0,0.0105803102018402,0.129243885479336,0.0036794737108769,0.0001906908837719,0.99900386736565,0.809359444671856,0.0221427816154908
0,0.00638999566304,0.140732230855277,0.0034768004722142,0.0001322225366435,0.999016577560498,0.809347726910542,0.0220849740010333
0,0.0061653473780113,0.152220576231218,0.0011357389155521,0.0001906908837719,0.998890284442606,0.809261666463559,0.0220725211852344
0,0.0038502219961872,0.232911086253288,0.0009558069843615,0.0001906908837719,0.998822804862689,0.809165060031393,0.0219999377043149
0,0.0063725230186489,0.103606735798289,0.0040536654072743,0.0001068098236758,0.999234615175742,0.80954992339188,0.0220830776331451
0,0.0060355505911058,0.168274027269704,0.0014061565176025,0.0001906908837719,0.999043846705806,0.809446286302927,0.022117512513381
0,0.0144105634615805,0.0785440033860386,0.0071767973041593,0.0001906908837719,0.999161011592853,0.809529742802951,0.0220856377297942
0,0.0094683011909479,0.158901956041963,0.0020596534076126,0.0001906908837719,0.99906788052879,0.809394988547841,0.0221143360971684
0,0.0174820047363347,0.0783928409468815,0.01562151912485,0.0001906908837719,0.999014382163206,0.809430532423827,0.0221794447279953
0,0.0133659489361968,0.0835928288538864,0.012677126256314,0.0001906908837719,0.999056325806202,0.809510603792805,0.022103874467652
0,0.0097965372962954,0.117906702542552,0.003021574123483,0.0001906908837719,0.999199142177395,0.809511124582197,0.0221506199360952
0,0.0093840580840621,0.0644254315687638,0.002208727962589,0.000111204503362,0.999256453601434,0.809615803249934,0.0221448676201678
0,0.0124767161412913,0.0872509598814886,0.0019196541754589,0.0001906908837719,0.999094340843518,0.809537554643827,0.022114241278774
0,0.0087381942646044,0.139069444024549,0.002165334409297,0.0001906908837719,0.99905609471175,0.809441599198401,0.0221402531249733
0,0.0084973213812125,0.101006741844786,0.0057828774991428,0.0001906908837719,0.999079319704153,0.809505526096236,0.0221128980181865
1,0.0068174514276086,0.116818332980621,0.0007786269163517,0.0001906908837719,0.998745272674121,0.808766135357329,0.0219901398035594
1,0.0073066854705601,0.176799588838165,0.0014950429458644,0.0001906908837719,0.998976713767567,0.809280154486965,0.0220726792158917
0,0.0064349253200458,0.134655500801161,0.0010732283504706,0.0001906908837719,0.999028941113667,0.809399024665627,0.0220933496258727
0,0.0093073032533439,0.10596486984914,0.0044122057263766,0.0001906908837719,0.998997512268227,0.809433266568133,0.0220866333229354
0,0.0039906271743301,0.171690298394655,0.0004605886499694,0.0001906908837719,0.998866135072396,0.809206332590688,0.0220181270329755
0,0.0131444207662379,0.0701998367445657,0.0117553453637435,0.0001906908837719,0.999106473302236,0.809584816281126,0.0221113019085473
0,0.0077921753754278,0.166853100341627,0.0006439033193125,0.0001029883630792,0.998958919494781,0.809352023423024,0.0221131350641725
0,0.008128523779957,0.138827584121897,0.0011101074677384,0.0001906908837719,0.999062911998077,0.809417903281077,0.0220731849139952
0,0.0099993447758353,0.118602049762675,0.00257252615608,0.0001906908837719,0.998983993242798,0.809335097767793,0.0220932073982811
0,0.0063781392257746,0.169664721709949,0.0022881243531372,0.0002250840291416,0.998946093752708,0.809287836130493,0.022063371210174
0,0.0258164561109014,0.0241557577773075,0.0151048040357278,0.0001136884527498,0.998973247350791,0.808022187711245,0.022074212113268
0,0.020550325896019,0.0609486954681501,0.0219118434318598,0.0001207581548536,0.999015537635465,0.809405404335676,0.0221309925284527
0,0.0088785994427474,0.162046134776431,0.0002587166065869,0.0001906908837719,0.999109015341205,0.809441469001053,0.0222040026921471
0,0.0073871844393621,0.138283399340932,0.0021706259008144,0.00014750837903,0.998997858909904,0.809361788224119,0.0220933022166755
0,0.0070333633904418,0.171841460833812,0.0024004737883864,0.0002138107203816,0.999064991848143,0.809377672300566,0.0221215106890119
0,0.0056979541405487,0.149620582277716,0.0012817938362299,0.0001935569792194,0.998977522598149,0.809341998227233,0.0221048068485303
0,0.0042009229300376,0.183420503673247,0.0011040634383341,0.0001026062170196,0.998991041623577,0.809336920530664,0.0220764561486023
0,0.0113072970131138,0.0776672612389273,0.0006970979562025,0.0001906908837719,0.99895360432239,0.809422720582951,0.0220412785242768
0,0.0060149578316448,0.162771714484385,0.0008552622135827,0.0001906908837719,0.998963310289365,0.8092213052857,0.0224251982032357
0,0.0082165110249266,0.189406536263869,0.0024637828088549,0.0001906908837719,0.999245938803878,0.809540288788134,0.0220779732429128
0,0.0115007441474442,0.126976448891979,0.0047319154441722,0.0001014597788406,0.999034371833284,0.809408529072026,0.0220831250423423
0,0.0100910761588887,0.111981134927593,0.001327570571903,0.0001906908837719,0.999146799284069,0.809503052346625,0.0221086627965696
0,0.0171880898967554,0.0797533028992956,0.0067368853647294,0.0004595306367451,0.999032291983218,0.809430792818523,0.022104885863859
0,0.0105559733042955,0.126704356501496,0.0085528156189203,0.0001906908837719,0.999092260993452,0.809421679004167,0.0221058814570003
0,0.0111575314897613,0.139553163829852,0.0185711691876594,0.0002738076517487,0.999025705791342,0.809377411905871,0.0221448676201678
0,0.0046988932951847,0.187501889530489,0.0014222414198352,0.0001906908837719,0.999173259598797,0.809425324529909,0.0221096109805137
0,0.0140055725255147,0.13018109260211,0.0172633396042052,0.0001341332669418,0.999045579914195,0.809429621042391,0.0222949177293188
0,0.0061934284136399,0.177555401033951,0.001727213174644,0.0003257795158629,0.99887838307834,0.809170398122658,0.0220323813982682
0,0.0081503645854459,0.170480998881398,0.0025666998801696,0.0001152170369884,0.999026167980246,0.809353715988547,0.0221942047913915
0,0.0179961996998449,0.105874172385646,0.0053512805719021,0.0001906908837719,0.999193827005004,0.809513207739764,0.0221239917703323
0,0.0085784443730284,0.103123015992986,0.0011594673035377,0.00018151937834,0.999017848579982,0.809362048618814,0.0222140692450201
0,0.008248336198639,0.11509508117423,0.008150676196244,0.0007788136695938,0.999036567230576,0.809402930586065,0.0220599419449095
0,0.0074264978892421,0.111406717658796,0.0021237568610718,0.0001906908837719,0.999129351652961,0.809468159457379,0.0220761874964848
0,0.0150164898081441,0.0851044532454576,0.0045562959299146,0.000111204503362,0.999064414112014,0.809357621908985,0.0221114757422704
0,0.0076349215759077,0.180004232548296,0.0043580727246621,0.0001906908837719,0.999014959899335,0.809337441320055,0.0221586794996199
0,0.0141753067853142,0.0645161290322581,0.0047213250575963,0.0001906908837719,0.999079319704153,0.809411393413681,0.0220770566651002
0,0.006630244523418,0.138706654170572,0.0015889877415435,0.0001906908837719,0.999046504292002,0.809341868029885,0.0221395103808837
0,0.0120099469268427,0.0867672400761859,0.002183773657021,0.0001906908837719,0.999008489254686,0.80938561433879,0.0220892250257159
0,0.0169272482769165,0.0724068083562596,0.0235470393548043,0.0004025908738553,0.999049739614326,0.809498755834143,0.0221117918035851
0,0.0073328944371468,0.141911297880703,0.0025833567205236,0.0001906908837719,0.99918804964371,0.809575832664119,0.0221522634549317
0,0.0107949741186455,0.10257883121202,0.0086084311748756,0.0001585906147602,0.999075968834602,0.809472325772513,0.0221162482681223
0,0.0083619083871813,0.14971127974121,0.0010894876148398,0.0001906908837719,0.999174646165507,0.809438214067355,0.0221407746261425
0,0.0041840743086605,0.126885751428485,0.0006117611858249,0.0001906908837719,0.998975904936986,0.809414127557987,0.0221594696529067
0,0.0072305546628559,0.17583214922756,0.0017307689147024,0.0001906908837719,0.999214278863986,0.809570234178158,0.0221598489264843
0,0.0162701520432074,0.0503673247271518,0.0187626963272332,0.0003360974594738,0.999066840603757,0.809562292139934,0.0220709408786609
0,0.0122558119943464,0.152674063548689,0.0064248691503106,0.000492586270906,0.998962617006009,0.809232892849666,0.0220784789410163
0,0.0135912212442395,0.0964416361822414,0.0038446662411225,0.0001906908837719,0.999042922327999,0.809413606768596,0.0220570341808143
0,0.0109347552737745,0.110983462829156,0.0028601062933736,0.0001906908837719,0.999296086299912,0.809532216552562,0.0221418334315467
0,0.0109204027444532,0.136529915046709,0.004747058095207,0.0001648960247447,0.999051935011618,0.809374547564216,0.0221915972855453
0,0.0084567598853045,0.186141427578075,0.0058875487044621,0.0001771246986539,0.998973131803565,0.809294085603194,0.0220760926780904
0,0.0232311287640288,0.0644556640565952,0.016105775710269,0.0001906908837719,0.999023625941277,0.809415429531467,0.0221048542577275
0,0.0113266417265469,0.129213652991505,0.0050928022777237,0.0001906908837719,0.999024781413535,0.809355278356722,0.0221625986599221
0,0.0102695467408838,0.167669377513076,0.0049526466773418,0.0001906908837719,0.999066147320402,0.809439255646138,0.0221052651374367
0,0.0088542625452026,0.0749463373340992,0.0020059017368427,0.0001906908837719,0.998834244038052,0.809325463164046,0.022033645643527
0,0.0097615920075132,0.144148501980228,0.0034659820915508,0.0001906908837719,0.999094340843518,0.809432355186698,0.0221178601808272
0,0.013282329852325,0.151948483840735,0.0021402444693021,0.0001906908837719,0.9990005164961,0.809363741184338,0.0220703245590972
0,0.0081322679180408,0.0984672128669468,0.0041171115001278,0.000128210003017,0.99910774432172,0.809458004064241,0.0221550605975667
0,0.0124324105072995,0.0980741905251383,0.0079481677981033,0.0001356618511804,0.998989192867963,0.809347726910542,0.0221154739179013
0,0.0067625374023794,0.123076457961726,0.0028922454537857,0.0001906908837719,0.998830777621275,0.809331973031442,0.0220086767996662
0,0.0123918490113915,0.0350092209087886,0.0013015736495476,0.0001906908837719,0.999004214007328,0.809563724310761,0.0220944400374084
0,0.0081060589514541,0.15862986365148,0.0038968881187845,0.0001383368735981,0.998989308415189,0.809391733614143,0.0220975058321609
0,0.0047875045631682,0.134353175922847,0.0049726920854083,0.0001906908837719,0.998707142089579,0.808914560333972,0.0213860834189161
0,0.0121603364732091,0.0721951809414397,0.0031678612743953,0.0001906908837719,0.999221442791991,0.80954302293244,0.0221548551577121
0,0.0090221247359602,0.154488012818575,0.0051308066166426,0.0001906908837719,0.999001209779455,0.809353976383243,0.0220797589893408
0,0.0074764197303596,0.137225262266832,0.0025834886628959,0.0001272546378678,0.999048930783745,0.809401889007282,0.0221218109472609
0,0.0103987195047753,0.150104302083018,0.002071511995512,0.0001906908837719,0.998949329075033,0.809338743293535,0.0220992125632603
0,0.0043432001772225,0.237566889379327,0.001839048928507,0.0001006954867212,0.998854349255356,0.809212451866041,0.0221664546079614
0,0.0064193247446965,0.114278804002781,0.0044338523202278,0.0001906908837719,0.999223407094831,0.809555261483146,0.022116501117174
0,0.0052043519364994,0.152311273694712,0.0008063264976977,0.0001906908837719,0.99903252307767,0.809467768865335,0.0220902048157915
0,0.014299487365094,0.0721649484536082,0.0114067112546359,0.0001906908837719,0.99915858510111,0.809540418985481,0.0220872338394334
0,0.010545988936072,0.144995011639508,0.0055698184137291,0.0001906908837719,0.999066609509305,0.809399024665627,0.0220952459937609
0,0.0141347452894063,0.094053269643559,0.0087031456667796,0.0001906908837719,0.99905863675072,0.809249558110201,0.0221044749841499
0,0.0126183693654622,0.084923058318469,0.0125032940268249,0.0001906908837719,0.999038069344512,0.809519196817769,0.0221135143377502
0,0.0106795298610613,0.10681137950842,0.0037716691333587,0.0001906908837719,0.999177534846155,0.809509562214022,0.0220775781662695
0,0.0078795385973834,0.0809021374368897,0.0015991857987384,0.0001906908837719,0.99921162127779,0.809574921282683,0.0220983117885134
0,0.0109540999872075,0.0924811802763249,0.0047686044789237,0.0001906908837719,0.999075506645699,0.809592888516698,0.0220957200857329
0,0.0075400700777844,0.154367082867249,0.0015243246503343,0.0001906908837719,0.999048930783745,0.809409831045506,0.0221116811821249
0,0.0064586381945766,0.117150890346767,0.0059376729898823,0.0001906908837719,0.9991018514132,0.809523232935554,0.0221250031665393
1,0.0074514588098009,0.188227469238444,0.0027183372068355,0.0001906908837719,0.998881849495116,0.809093451490031,0.0219523230672562
1,0.001297343846041,0.244731988995374,0.0006314233197601,0.0004239910531964,0.998918709060174,0.809103086093778,0.0220532730511695
0,0.0070321153444139,0.149439187350727,0.0009886086742558,0.0001906908837719,0.999017848579982,0.809375068353608,0.0220773569233492
0,0.008787492082708,0.12020437161774,0.004023706094194,0.0001906908837719,0.998997165626549,0.80938939006188,0.0221090894793444
0,0.0032405515115397,0.186111195090244,0.0002604124061287,0.0001906908837719,0.998889244517573,0.809006479661612,0.0221200252008329
0,0.0097828087899881,0.0659975209359978,0.0125539071985699,0.0001906908837719,0.999118952402631,0.809514639910591,0.0221027366469191
0,0.0039088801595002,0.161501949995465,0.0007584370323591,0.0001024151439897,0.998933383557861,0.809290049485408,0.0220603686276844
0,0.0067800100467705,0.141790367929377,0.0020097934927336,0.0001906908837719,0.999020737260629,0.809369600064995,0.0220640507420006
0,0.0090121403677367,0.132811319043444,0.0035636487891772,0.0001906908837719,0.998931419255021,0.809244871005676,0.0220685388126692
0,0.0037222972783236,0.191311182997249,0.0016946421021392,0.0002046392149497,0.998899874862354,0.808990074795772,0.0220261233842373
0,0.0068186994736365,0.183299573721922,0.0095014138278103,0.0004883826642497,0.998775199405625,0.807546706996597,0.021945543552056
0,0.0212124143138399,0.0594068385887475,0.0198160129414458,0.0001119687954813,0.999068689359371,0.809445114526795,0.022160402033785
0,0.0094289877410678,0.161471717507634,0.000254671649862,0.0001906908837719,0.999085790348802,0.809421028017428,0.0221366816321172
0,0.0076498981282429,0.141790367929377,0.0026722524955132,0.0001163634751674,0.998957995116974,0.809332233426138,0.022040314537267
0,0.0072349228239537,0.166429845511987,0.0020792475300157,0.0002292876357979,0.999038069344512,0.809337962109447,0.0220708934694637
0,0.0063793872718025,0.143090364906128,0.0024359429877296,0.0001897355186228,0.998998321098808,0.809342258621929,0.0221061659121835
0,0.0049628550300935,0.179943767572634,0.0010977849634625,0.0001906908837719,0.998989308415189,0.809331712636746,0.0220951827814979
0,0.0171918340348392,0.0547812679505396,0.0054580205325735,0.0001906908837719,0.998912007321072,0.809458785248328,0.0220120270496019
0,0.0095500482057778,0.1598996281404,0.0010612331371192,0.0001906908837719,0.998994970229257,0.809337701714751,0.0221325412288947
0,0.0051937435452619,0.214378571212625,0.0020588804856979,0.0001906908837719,0.99914564381181,0.809352934804459,0.0220349889041144
0,0.0106938823903826,0.156332194576292,0.0033700316940851,0.0001906908837719,0.999014613257658,0.80932012507278,0.0220676854471195
0,0.0133671969822247,0.124557849865465,0.0027767809932062,0.0001906908837719,0.999095842957454,0.809448239263146,0.0220608427196564
0,0.0279749517162193,0.0461650089185839,0.0214915288988184,0.0004782557936686,0.999030443227604,0.80940957065081,0.0220487375713036
0,0.0182857463783264,0.127732261087765,0.0189020765378534,0.0001906908837719,0.999041997950192,0.809269608501783,0.0220335508251326
0,0.0106814019301032,0.138011306950449,0.0111076375764836,0.0001874426422648,0.999022817110695,0.809371683222561,0.0221520896212086
0,0.0060261902458962,0.22913202527436,0.001789694281016,0.0001906908837719,0.999041189119611,0.809200473710031,0.0220454031244336
0,0.0060436628902873,0.128639235722708,0.0019400948471182,0.0001400565308666,0.998967701083948,0.809321036454216,0.0220270083559184
0,0.013082018464841,0.109592768388911,0.0220329179111095,0.0001912641028614,0.99887191243369,0.809530914579082,0.0220185537157503
0,0.0087338261035067,0.150225232034344,0.0018873381267677,0.0001906908837719,0.998975904936986,0.809272082251393,0.0220128330059544
0,0.0119862340523118,0.114581128881096,0.0026574030130455,0.0001906908837719,0.999163784726274,0.809469331233511,0.0221059446692632
0,0.0141278810362526,0.0499138374096804,0.0068088509513014,0.0001910730298316,0.998982722223313,0.809339915069666,0.0220353049654291
0,0.0087481786328279,0.105692777458657,0.0039312031818596,0.0008911646111348,0.99903194534154,0.809384051970615,0.0221009192943596
0,0.0066626937201444,0.0977718656468241,0.0029941506495256,0.0001003133406616,0.999037260513931,0.809378844076698,0.0220208293572161
0,0.0083350753975806,0.136802007437192,0.0029431036030694,0.0001906908837719,0.998974633917502,0.809283149025968,0.0219874532823845
0,0.0073378866212585,0.176980983765154,0.0010475132873362,0.0001906908837719,0.99897833142873,0.80930944889025,0.0220874076731564
0,0.0136654799829018,0.0653324062037065,0.0059878536665787,0.0001906908837719,0.998880116286728,0.809126912208449,0.0220162148620216
0,0.0108417758446932,0.0757928469933791,0.0021513993515946,0.0001173188403166,0.99899011724577,0.809408008282634,0.0220701507253741
0,0.0085541074754837,0.0958369864256129,0.0071350100472328,0.000392655076304,0.999031020963733,0.809502401359885,0.0220835359220514
0,0.0082252473471221,0.130967137285727,0.002481696560618,0.0001906908837719,0.999146568189618,0.80939004104862,0.0220674484011335
0,0.0143075996642756,0.0670254255222662,0.0135473486557069,0.0001492280362985,0.999040842477933,0.80941712209699,0.0220597681111864
0,0.0079419408987803,0.163799619070653,0.0016941561305944,0.0001906908837719,0.999069382642727,0.809384312365311,0.0220371855302516
0,0.0047943688163219,0.175711219276234,0.0016245063172591,0.000206549945248,0.998975327200857,0.809308016719423,0.0221083941444521
0,0.0135968374513652,0.113069504489524,0.0130719149731671,0.0001906908837719,0.999040611383481,0.809384963352051,0.0221115547575991
0,0.0023893841204863,0.140883393294434,0.0005636417637802,0.0001906908837719,0.999034834022187,0.809341217043145,0.0221383093478879
0,0.0071388232798025,0.181878646793845,0.0025035811753998,0.0001906908837719,0.999198564441266,0.80950526570154,0.0221029894959709
0,0.0163225699763807,0.0445022220878556,0.0143751829454347,0.0003378171167423,0.999067071698209,0.809503052346625,0.0220799328230639
0,0.0055949903432438,0.161532182483297,0.0015689310824264,0.0006479286441591,0.998927144007663,0.809073270901101,0.0220275930693506
0,0.0113010567829742,0.0884300269069142,0.0023080469129448,0.0001906908837719,0.999057481278461,0.809418944859861,0.022096368011428
0,0.0122876371680588,0.10427185053058,0.0034448228683387,0.0001906908837719,0.99923773495084,0.809519847804508,0.0220826035411731
0,0.0039475695863663,0.244490129092723,0.001292663283838,0.0004398501146724,0.998978215881504,0.809326895334873,0.0222804737272373
0,0.0099469268426619,0.121655531033649,0.0062605882272097,0.0001694817774606,0.999040264741804,0.809379755458133,0.02210566021408
0,0.011483895526067,0.131843879432839,0.0100960954330295,0.0001358529242103,0.998963656931043,0.809337180925359,0.0220727266250889
0,0.0163225699763807,0.0826858542189437,0.0047757198065501,0.0001906908837719,0.999055863617298,0.809329889873875,0.0221203886713448
0,0.0093229038286932,0.15693684433292,0.0028368695899014,0.0001906908837719,0.999021430543985,0.809262187252951,0.0220839309986948
0,0.012062364860016,0.174471687275146,0.0037063512854139,0.0001906908837719,0.999007449329653,0.809337311122707,0.0220631815733851
0,0.0092998149771763,0.0766091241648275,0.0034284198858862,0.0001906908837719,0.998827311204499,0.809179902529057,0.0220497963767078
0,0.0104642419212421,0.14015781358648,0.0053197041194749,0.0001906908837719,0.99902605243302,0.809411393413681,0.0220747178113715
0,0.0096361633817055,0.14632524110409,0.0034007898706217,0.0001906908837719,0.999015422088239,0.809366605525992,0.0221163746926481
0,0.0082988820627704,0.0945369894488617,0.0055152266839464,0.0001381458005682,0.999106011113332,0.809438604659399,0.0221039060737835
0,0.0109360033198024,0.103878828188772,0.0101977943012128,0.0001583995417304,0.998911545132169,0.809192792066503,0.0220363637708334
0,0.0057859413855183,0.0958974514012758,0.0056478654943437,0.0001241974693905,0.998584315388464,0.808960389800444,0.0219263428271884
0,0.0145784256523381,0.0308371375880521,0.008616841228323,0.0001906908837719,0.998924255327016,0.809156076414386,0.0220538577646017
0,0.0073859363933341,0.143725247150588,0.0019115168676871,0.0001906908837719,0.998959035042007,0.809357101119593,0.0220373909701061
0,0.0098988770705863,0.0824439943162923,0.0184224497111762,0.0001906908837719,0.998606269361382,0.80875793292441,0.0220100832725165
0,0.0140673508038976,0.0724975058197539,0.0047923502972934,0.0001906908837719,0.999200182102428,0.809503052346625,0.0220921801990083
0,0.0108168149241344,0.160413580433534,0.0145583698308249,0.000104325874288,0.999056787995105,0.809368167894167,0.0223563916550268
0,0.0083032502238682,0.137769447047798,0.0080394767582755,0.0001906908837719,0.99900779597133,0.809360225855943,0.0220558963600814
0,0.0053210442401115,0.149348489887233,0.0011317229511717,0.0001906908837719,0.998917438040689,0.809309188495554,0.0220604792491445
0,0.0029840780527985,0.267829609698582,0.001682274574229,0.0001010776327809,0.998821071654301,0.809066761033704,0.0220104941522257
0,0.0088804715117893,0.112283459805907,0.0058773592750158,0.0001906908837719,0.999158122912206,0.809463732747549,0.0220601315816983
0,0.0051182367605717,0.143815944614082,0.0011908842203425,0.0001906908837719,0.998982837770539,0.809333144807574,0.0220660103221517
0,0.0131481649043217,0.0627324122502041,0.0079160742831452,0.0001906908837719,0.999107282132817,0.809485475704654,0.0220505233177316
0,0.0101871757030399,0.122653203132086,0.0046061135804844,0.0001906908837719,0.999034602927736,0.809371032235822,0.0220648408952873
0,0.013761579527053,0.0677812377180518,0.0102406827231398,0.0001906908837719,0.998957532928071,0.809334316583705,0.0220493538908673
0,0.0099706397171927,0.108746258729631,0.0034622388145505,0.0001906908837719,0.999131778144704,0.809455400117282,0.0220850688194277
0,0.0107163472188854,0.0656649635698522,0.0057384166505932,0.0001906908837719,0.999119414591535,0.809498235044751,0.0220616644790746
0,0.0107793735432963,0.0840463161713577,0.003587903217216,0.0001906908837719,0.999028363377538,0.809497974650056,0.02208350431592
0,0.0068617570616004,0.164283338875956,0.0019926626120007,0.0001906908837719,0.999053783767232,0.809397071705408,0.0221257143044974
0,0.0039120002745701,0.209964627989237,0.0025617954325655,0.0001262992727187,0.999065569584273,0.80900283413587,0.0220849423949018
1,0.0037279134854493,0.168243794781873,0.0003688106239761,0.0001906908837719,0.998999823212744,0.80932520276935,0.0220606530828676
0,0.0051669105556612,0.179641442694319,0.0005249401512022,0.0001906908837719,0.999013111143721,0.809089415372245,0.0220485637375805
0,0.0094795336051993,0.103878828188772,0.0023951748350323,0.0001039437282284,0.999014382163206,0.80949771425536,0.0221576206942157
0,0.0093484887722659,0.0721951809414397,0.013935227808966,0.0001161724021376,0.998978678070408,0.809794434011297,0.0220705932112147
0,0.0098589395976923,0.084348641049672,0.0036545060556168,0.0001209492278834,0.998982722223313,0.80932142704626,0.0219952283907259
0,0.0092829663557992,0.122229948302446,0.0070556242664837,0.0001906908837719,0.999038069344512,0.809312834021296,0.0221301549659688
0,0.0198027463252845,0.0648184539105723,0.0190728250078851,0.0001906908837719,0.998984108790024,0.809393035587622,0.0220439808485175
0,0.0239943089101126,0.0621277624935756,0.0091942365173106,0.0001906908837719,0.999004329554554,0.809517764646941,0.0221320671369227
0,0.0307100445864444,0.0568370771230765,0.0079443118162783,0.0001906908837719,0.998995316870935,0.809368949078255,0.0220751761002778
0,0.0060655036957763,0.147232215739033,0.0011664127772206,0.0001906908837719,0.99889663954003,0.809227815153097,0.021959007764062
0,0.0095213431471352,0.0835323638782235,0.0024751920737093,0.0001906908837719,0.998980989014925,0.809358923882464,0.0220384655785761
0,0.0068617570616004,0.129395047918493,0.0023300682309062,0.0002516431802882,0.99904176685574,0.809371032235822,0.0221019464936324
0,0.0058084062140211,0.134957825679475,0.0006417165542363,0.0001906908837719,0.99899601015429,0.809360225855943,0.0219897921361132
0,0.01310073915526,0.0987997702330925,0.000729771978735,0.000372210262112,0.999008951443589,0.809337571517403,0.0220892408287817
1,0.0067968586681476,0.153974060525441,0.0053797434952528,0.0001217135200027,0.99895025345284,0.808701557472755,0.0220045838056409
0,0.0046427312239275,0.187290262115669,0.0003213566656255,0.0001906908837719,0.998888089045314,0.809069234783315,0.021980452524264
0,0.0141022960926799,0.101460229162258,0.0020772523437095,0.0001308850254346,0.998969203197885,0.809394207363754,0.0220504284993372
0,0.0086820321933472,0.07029053420806,0.0136162227683705,0.0001148348909288,0.998977984787052,0.809141624508765,0.0220959571317189
0,0.0118364685289594,0.079995162801947,0.0065187490241243,0.0001333689748224,0.998998667740486,0.809134593851977,0.0221270417620191
0,0.0082988820627704,0.110560207999516,0.0054853038444792,0.0001906908837719,0.998998090004356,0.809327285926917,0.0220376280160921
0,0.0189216258295606,0.0663905432778063,0.0212525937961215,0.0001029883630792,0.998983184412217,0.809376109932391,0.0220837571649717
0,0.0202782518619287,0.0655440336185265,0.0092812695341629,0.0001906908837719,0.998894328595512,0.809242397256065,0.0219584388536955
0,0.0159188270863429,0.0949300117906702,0.0010831669145227,0.0001736853841169,0.99898226003441,0.809355017962026,0.0220522458518967
0,0.0049990483649037,0.153369410768812,0.0018188374751428,0.0001190384975851,0.998926566271534,0.809274556001004,0.0221786229685771
0,0.0089846833551221,0.0888835142243855,0.0031193945660358,0.0001906908837719,0.998935232313475,0.809257500148425,0.0219906929108601
0,0.0084299268957039,0.127762493575596,0.003365350382602,0.0002665468766151,0.99902212382734,0.809376630721783,0.0220690603138385
0,0.0062233815183103,0.148925235057593,0.0007014361786539,0.0001906908837719,0.999015884277142,0.809337311122707,0.0221826527503395
0,0.0121441118748459,0.105662544970826,0.0030786269379988,0.0002172500349185,0.99900837370746,0.809342909608669,0.0221434611473174
1,0.0032767448463499,0.236418054841733,0.0048495417581753,0.0001906908837719,0.998902185806872,0.808975362495456,0.0220567813317626
0,0.0041666016642693,0.164404268827282,0.0002048900648361,0.0001906908837719,0.99905020180323,0.809328848295092,0.0221929089400013
0,0.0098839005182511,0.141488043051063,0.0017936525716172,0.0001906908837719,0.998830893168501,0.808807277719276,0.0220169418030454
0,0.009445836362445,0.0588324213199504,0.0101856291367584,0.0001268724918082,0.999005138385135,0.809357491711637,0.0220181744421727
0,0.0346800790013136,0.0425371103788131,0.0280874447205813,0.0001213313739431,0.999002827440617,0.809284841591491,0.0220943294159482
0,0.0126121291353225,0.118692747226169,0.0066159050523039,0.0001906908837719,0.998994161398676,0.809372464406649,0.0220670059152929
0,0.0213060177659352,0.0490673277504006,0.0209320032123937,0.0001906908837719,0.999016115371594,0.809442640777185,0.0220835201189857
0,0.0196841819526304,0.0472836109683466,0.016406104473235,0.0001906908837719,0.999051472822715,0.809405274138328,0.0221180814237475
0,0.0187818446744316,0.0765184267013332,0.0015065467273167,0.0002197339843064,0.999010915746429,0.809390431640664,0.0220841522416151
0,0.0080804740078814,0.152129878767724,0.0072092255718785,0.0001906908837719,0.999013573332625,0.809296168760761,0.0220362847555047
0,0.0095644007350991,0.136348520119721,0.0022772657290786,0.0001008865597511,0.99900779597133,0.809339784872318,0.0220944874466056
0,0.0105397487059323,0.167881004927896,0.004302964437577,0.0003867318123792,0.998970358670144,0.809308277114119,0.0220283832226373
0,0.0063344576147968,0.117755540103395,0.0013129239581197,0.0001906908837719,0.998993468115321,0.809325983953437,0.0220005382208128
0,0.0074408504185634,0.204401850228255,0.0025652592598963,0.0005115025008593,0.99898226003441,0.809338873490883,0.0220471572647302
0,0.0200810605895145,0.0621882274692384,0.0172484530651684,0.0016885123646223,0.998995663512612,0.809330410663267,0.0220929703522951
1,0.0113428663249101,0.185143755479638,0.0014424457222726,0.0001048990933775,0.999004791743457,0.80934277941132,0.0221297914954569
0,0.0044037304095775,0.156332194576292,0.0002086735657997,0.0001906908837719,0.999030212133152,0.809376891116479,0.0220988648958141
0,0.0110726643598616,0.211869274722617,0.0018144877101628,0.0001906908837719,0.998928761668825,0.809040070577378,0.0220808652039423
0,0.0082527043597367,0.0770323789944675,0.0103561097773767,0.0001603102720287,0.998984108790024,0.809333535399617,0.0219992897786197
0,0.038026714425228,0.0464673337968981,0.0067092276007597,0.0001177009863763,0.998968625461755,0.809380406444873,0.0220232946354708
0,0.0114963759863464,0.115336941076881,0.0078316385684088,0.0001906908837719,0.998949560169485,0.809317911717865,0.0220073809482759
0,0.0189022811161276,0.0435952474529129,0.0166972372609203,0.0001906908837719,0.999007218235201,0.809506437477671,0.022095830707193
0,0.0204055525567783,0.045318499259304,0.017869651822668,0.0001906908837719,0.999009529179719,0.809447197684362,0.0220591675946885
0,0.0318669832543424,0.0575324243431992,0.0017573015736122,0.0001740675301766,0.99901819522166,0.809385093549398,0.0220676064317909
0,0.0108835853866291,0.136046195241406,0.0025838988307302,0.0001314582445241,0.999022932657921,0.809355668948766,0.0220806597640877
0,0.0075406941007984,0.143664782174925,0.0009703170115565,0.0001906908837719,0.998990579434674,0.809271821856698,0.0221379300743103
0,0.0076985719233325,0.164827523656922,0.0037855712734796,0.0004320161204493,0.998981335656603,0.809312834021296,0.0220739276580847
0,0.0071169824743136,0.113311364392176,0.0016667421782514,0.0001906908837719,0.998952333302906,0.8093125736266,0.0220199759916665
0,0.0121565923351253,0.175106569519606,0.0041381316883364,0.0011980278970445,0.998966776706141,0.809314656784167,0.0220177635624636
0,0.0151344301577842,0.0716812286483055,0.0071709420747681,0.0031825123848761,0.998963425836591,0.809248125939374,0.022082967011685
0,0.0241022648915292,0.0459231490159325,0.0174987368052969,0.0001906908837719,0.999078048684668,0.809503573136017,0.0220490852387498
0,0.0080611292944483,0.0935997823260876,0.0005314278684102,0.0001906908837719,0.999142061847808,0.809563854508109,0.022072663412826
0,0.0067962346451337,0.116818332980621,0.0031928392091127,0.0001906908837719,0.999056441353428,0.809358793685116,0.0221448518171021
0,0.00854724322233,0.116243915711824,0.0006000210157188,0.0001906908837719,0.9990398025529,0.80940071723115,0.0220980273333302
1,0.0032361833504419,0.13399038606887,0.0001115963144062,0.0001906908837719,0.998588590635822,0.808538550393144,0.0219045345964745
0,0.0221503209038349,0.0333464340780603,0.0154112519128297,0.0001906908837719,0.99917765039338,0.809575181677379,0.0220548691608087
0,0.0046065378891173,0.121836925960637,0.0008928827925736,0.0001906908837719,0.998833088565793,0.808627995971173,0.0220102255001082
0,0.0085316426469808,0.119478791909786,0.0025918205030814,0.0001906908837719,0.999023163752373,0.809341998227233,0.0220680331145657
0,0.0066108998099849,0.113099736977356,0.0013886815568127,0.0001906908837719,0.998983531053895,0.809254896201466,0.0220319389124276
1,0.107802471755158,0.0010883695619312,0.0241969843911291,0.0001379547275384,0.998684032644402,0.809035774064897,0.0219197687518427
0,0.036190214695118,0.0245185476312846,0.0680689117568524,0.0001906908837719,0.999116525910888,0.809540158590786,0.0220690129046412
0,0.0072205702946324,0.088702119297397,0.0027659115844618,0.0001906908837719,0.999159740573368,0.809508781029934,0.022102088721224
0,0.0072942050102807,0.109713698340236,0.002647920067963,0.0001906908837719,0.999015537635465,0.809351893225676,0.022100002716547
0,0.0085959170174196,0.0953230341324788,0.0010415437014117,0.0001906908837719,0.999043500064129,0.809386786114922,0.0221232964354399
1,0.0074514588098009,0.1730809928349,0.0005716010756565,0.0001906908837719,0.998908656451521,0.809048403207646,0.0219709390786917
1,0.0039949953354279,0.175348429422257,0.0001911608488936,0.0001906908837719,0.999051010633811,0.809323770598522,0.022079332306566
1,0.0058832889756974,0.207485563987061,0.0001198745809363,0.0001339421939119,0.999051703917166,0.809391343022099,0.0220874708854194
1,0.0032711286392242,0.158660096139311,0.0048495417581753,0.0001574441765812,0.998804201759322,0.808651301296453,0.0221399212605928
0,0.0100099531670728,0.0701696042567343,0.0006013643989331,0.0001303118063451,0.998983299959443,0.809394858350493,0.0220902522249887
0,0.0098158820097285,0.109471838437585,0.0141257351447635,0.0001906908837719,0.999150727889749,0.809525706685165,0.022067717053251
0,0.0061672194470532,0.159718233213411,0.0007675189425845,0.0001906908837719,0.998985148715057,0.809261666463559,0.0220667214601097
0,0.0149653199209987,0.0631858995676754,0.0018306219693359,0.0001906908837719,0.999048584142068,0.809474278732732,0.022320518695809
0,0.0108536322819586,0.119116002055809,0.0004593532107726,0.0001906908837719,0.998999014382163,0.80935918427716,0.0221044907872157
0,0.0074396023725355,0.13867642168274,0.0002236891712925,0.0001906908837719,0.998946209299934,0.809241876466673,0.0220360319064529
0,0.0078071519277631,0.133718293678387,0.0048495417581753,0.0001906908837719,0.999003058535069,0.809356189738158,0.0220551220098604
0,0.0067956106221197,0.112102064878919,0.0023335757022087,0.0001906908837719,0.999035758399994,0.809361007040031,0.0222277546999463
0,0.0069516163756119,0.120657858935212,0.0029829150083967,0.0001906908837719,0.999013111143721,0.80921062910317,0.0231878857617238
0,0.0048942124985569,0.159567070774254,0.0001086598096318,0.0001820925974295,0.999011262388107,0.809335227965141,0.0221436349810405
0,0.0025304133216433,0.0801463252411041,0.0004147732837461,0.0001070008967057,0.998883929345182,0.807751637622242,0.0219886859215118
0,0.0141272570132386,0.0603138132236902,0.0018869322922396,0.0001734943110871,0.999035758399994,0.809403190980761,0.0221265992761785
0,0.0068118352204829,0.168153097318378,0.0003651710354145,0.0001906908837719,0.999046735386454,0.809360356053291,0.0220919115468908
0,0.0085328906930087,0.165825195755359,0.0008334282965401,0.0001906908837719,0.999027670094182,0.809355799146114,0.0221674818072342
0,0.0102377215671714,0.115457871028207,0.0003634727485938,0.0001906908837719,0.999058983392397,0.809394728153146,0.0222838397802388
0,0.0080467767651271,0.123409015327871,0.0022355561801855,0.0001906908837719,0.999049046330971,0.809381708418352,0.0221559139631164
0,0.0101210292635592,0.135441545484778,0.0004721404281315,0.0001906908837719,0.999035758399994,0.80936673572334,0.022118286863602
0,0.0030433602391256,0.209027420866463,0.0002526172352272,0.0001203760087939,0.999012071218688,0.80931009987699,0.0221328730932752
0,0.0095569124589314,0.130241557577773,0.0003457714065614,0.0001568709574917,0.998992428190288,0.809329759676527,0.0221430818737398
0,0.0048193297368807,0.22870877044472,0.0048495417581753,0.0001914551758913,0.998958226211426,0.809297600931588,0.0221389256674516
0,0.0125047971769199,0.197871632856668,0.0030912232178393,0.0001906908837719,0.998990001698544,0.809209847919082,0.0220332505668836
0,0.0038633264794805,0.213683223992502,0.0008816846549467,0.0001906908837719,0.998999476571067,0.809226382982269,0.0220530518082492
0,0.007708556291556,0.138585724219246,0.0014183536474769,0.0002252751021715,0.999025243602439,0.809350070462805,0.0220923382296657
0,0.0068929582122988,0.208846025939475,0.0001468484598027,0.0001906908837719,0.999057250184009,0.809361137237379,0.0222070842899653
0,0.0139313137868525,0.108806723705294,0.0068876873154622,0.0001050901664074,0.999034025191606,0.809370641643778,0.0220634660285684
0,0.0072548915604007,0.188590259092421,0.002951056755044,0.0001906908837719,0.999027438999731,0.809353846185895,0.022145926425572
0,0.0067007591239964,0.181727484354688,0.0047827505666943,0.0004184499353313,0.998989770604092,0.809321296848912,0.0221020729181582
0,0.0068835978670893,0.157722889016537,0.0029599657993867,0.0001551513002233,0.999069498189953,0.809400066244411,0.0221422759173873
0,0.0097035578672141,0.198506515101128,0.0003516628375196,0.0001906908837719,0.999054477050588,0.809342909608669,0.0220581087892843
0,0.0087500507018698,0.166883332829459,0.002040361411867,0.0001906908837719,0.999053899314458,0.809353065001807,0.0222258425289924
1,0.0023288538881313,0.204039060374278,0.0003204924916665,0.0001906908837719,0.999022586016244,0.809306844943291,0.0221197249425839
1,0.0074158894980046,0.187380959579164,0.0019010175194049,0.0001906908837719,0.998926219629856,0.809189537132805,0.0219572852298969
1,0.0058433515028034,0.14206246031986,0.0035962408869613,0.0001570620305216,0.999041882402966,0.809355538751418,0.0220921327898111
1,0.0040711261431321,0.14333222480878,0.0035521886128329,0.0001906908837719,0.998962848100461,0.809054262088303,0.0219714447767952
1,0.0052904671124271,0.183813526015056,0.0004633674651487,0.0001240063963607,0.999044424441936,0.809339394280274,0.0221243710439099
1,0.0037035765879045,0.163467061704508,0.0003530260995331,0.0001035615821687,0.998915820379526,0.809108424185043,0.0220607004920648
0,0.0063032564640984,0.109260211022765,0.002051284802336,0.0001215224469729,0.9989777536926,0.809427277490129,0.0220970949524518
0,0.0104798424965913,0.103123015992986,0.0098743110121372,0.0001906908837719,0.999204226255334,0.809547059050226,0.0221483442946294
0,0.0062221334722824,0.165734498291864,0.0011721834391296,0.0001906908837719,0.999047890858712,0.809352023423024,0.0222219233686902
0,0.0144617333487259,0.0669951930344348,0.0047755111860333,0.0001906908837719,0.999081399554219,0.809365433749861,0.0221674027919055
0,0.0101048046651961,0.127913656014753,0.0003556791905372,0.0001906908837719,0.999002596346166,0.809346034345019,0.022116264071188
0,0.006888590051201,0.157753121504369,0.0001565215845609,0.0001906908837719,0.998945169374901,0.809140192337938,0.0220869651873159
0,0.0069147990177877,0.156876379357257,0.0048495417581753,0.0001906908837719,0.99901819522166,0.809355799146114,0.0221163588895824
0,0.0062483424388691,0.113522991806996,0.0016482006606149,0.0001906908837719,0.999034140738832,0.809350721449544,0.0220996392460351
0,0.0063513062361739,0.125736916890891,0.0019632203420194,0.0001906908837719,0.999054939239491,0.809199692525943,0.0221465111390042
0,0.0056530244835429,0.149136862472413,0.0001031201343177,0.0001706282156396,0.998972207425758,0.809372724801345,0.0220293788157786
0,0.0020143462890911,0.104090455603592,0.0006347931745854,0.0003271170270718,0.998915820379526,0.808903102967354,0.0220009649035876
0,0.0077921753754278,0.126915983916316,0.0005390939728556,0.0001906908837719,0.999117450288695,0.809281196065749,0.0221293806157478
0,0.0090595661167983,0.0701393717689029,0.0008455070863486,0.0001285921490767,0.999018541863338,0.809380276247525,0.0220907263169607
0,0.0083887413767819,0.183329806209753,0.0065872317595685,0.0001906908837719,0.999033331908251,0.809352674409763,0.0221054389711597
0,0.0091001276127063,0.158932188529794,0.0004330934529934,0.0001906908837719,0.999046157650324,0.809325463164046,0.02216868284023
0,0.0097391271790103,0.115457871028207,0.0005654516089455,0.0001073830427653,0.999020043977274,0.809376500524435,0.0220577769249039
0,0.0063712749726209,0.135532242948272,0.0024145888628984,0.0001906908837719,0.999035527305543,0.809290309880104,0.0220740224764791
0,0.008348179880874,0.127188076306799,0.0016404055091453,0.0001906908837719,0.999023625941277,0.809358923882464,0.0220876921283397
0,0.0031675408189054,0.20364603803247,0.0004967398689568,0.0001369993623892,0.999022239374566,0.809316609744386,0.0221261883964694
0,0.0076049684712372,0.136741542461529,0.0003088401535962,0.0002033017037408,0.998962732553235,0.809325723558741,0.0220572396206689
0,0.0047207341006736,0.223962269855186,0.0001299956685087,0.000206549945248,0.998962270364332,0.809329629479179,0.022108220310729
0,0.0102757869710235,0.210508812770203,0.0021847491561421,0.000125917126659,0.998976598220342,0.809234455217841,0.0220773411202834
0,0.0038483499271453,0.212927411796717,0.001084073780292,0.0001906908837719,0.999066956150983,0.809312834021296,0.0221429870553454
0,0.0065653461299652,0.142636877588657,0.0015831904579776,0.0001889712265035,0.999023510394051,0.809346685331758,0.0221063555489723
0,0.0069447521224582,0.184297245820359,0.0003579042752539,0.0001906908837719,0.99904627319755,0.809362699605554,0.0220910581813412
0,0.0111456750524959,0.118722979714001,0.0101360207868208,0.000108911627004,0.999082555026478,0.809391343022099,0.0222095495682199
0,0.0062720553133999,0.190615835777126,0.0025592758190511,0.000110058065183,0.99902408813018,0.80935163283098,0.0220966524666112
0,0.0067213518834574,0.18644375245639,0.0035867768685166,0.0003267348810121,0.998997396721001,0.809330540860615,0.0220968104972686
0,0.0077310211200589,0.15799498140702,0.0023929530537329,0.0001591638338497,0.999043037875225,0.809349159081369,0.0220846737427843
0,0.0074502107637729,0.202497203494876,0.0004472012016917,0.0001906908837719,0.999062796450851,0.809354497172634,0.022130502633415
0,0.0091812506045223,0.166641472926807,0.0024154345765843,0.0001906908837719,0.999025936885794,0.809323119611783,0.0221227907373364
1,0.0047538073204139,0.163255434289688,0.000409848490978,0.0001906908837719,0.998934654577345,0.809218961733437,0.0220056584141108
0,0.0057041943706883,0.102609063699852,0.0008447905945737,0.0001243885424204,0.998950369000066,0.809397201902756,0.0220189803985252
0,0.0109765648157104,0.105450917556006,0.0032654381773674,0.0001906908837719,0.999060947695237,0.80942089782008,0.022006006081557
0,0.0047020134102545,0.174804244641292,0.000685906580865,0.0001906908837719,0.998996703437645,0.809268827317695,0.0220283990257031
0,0.0097565998234014,0.0905463010551138,0.0025510219589451,0.0001906908837719,0.998985264262283,0.809178340160882,0.0220258863382512
0,0.0118102595623727,0.120083441666415,0.0005701749709873,0.0001906908837719,0.998988499584608,0.809337571517403,0.0220446919864755
0,0.0071781367296825,0.160020558091725,0.0013522034549702,0.0001906908837719,0.999015768729916,0.809271301067306,0.0221215739012749
0,0.0066995110779685,0.168939142001995,0.0002477812460882,0.0001906908837719,0.999003405176747,0.809347987305238,0.02211006926942
0,0.0064910873913029,0.105813707409983,0.0025576217980218,0.0001029883630792,0.998997396721001,0.809329369084484,0.0220670849306216
0,0.0060318064530219,0.114097409075793,0.0016124549263821,0.0001906908837719,0.998955453078005,0.809247865544678,0.0219801364629493
0,0.0087587870240654,0.123318317864377,0.0013904363320688,0.0001530494968951,0.998983531053895,0.809334837373097,0.0221134985346844
0,0.0015544413277961,0.124195060011488,0.000326557002258,0.0002673111687344,0.99891235396275,0.808554694864288,0.0219875481007789
0,0.0067906184380079,0.117150890346767,0.0004362241015442,0.0001906908837719,0.999079435251379,0.809316609744386,0.0220352417531662
0,0.0084561358622906,0.0820509719744838,0.0006676158703271,0.0001605013450585,0.99899855219326,0.809345643752975,0.022087850158997
0,0.0078065279047491,0.171146113613689,0.0012582936366505,0.0001906908837719,0.999007333782427,0.809321947835651,0.022063307997911
0,0.0088611267983563,0.158569398675817,0.001308582140773,0.0001906908837719,0.999000863137777,0.809311271653121,0.0220175107134119
0,0.0117871707108558,0.114581128881096,0.001366451268561,0.0001073830427653,0.998981913392732,0.809340696253754,0.0220432855136252
0,0.0060374226601477,0.140883393294434,0.0027475300299488,0.0001906908837719,0.999034834022187,0.80936986045969,0.0221068928532073
0,0.0076062165172651,0.154336850379418,0.0009544932153116,0.0001906908837719,0.998953142133487,0.809303329614897,0.0220082343138256
0,0.0030658250676284,0.201922786226079,0.0005948134115683,0.0002038749228303,0.999019812882822,0.809306975140639,0.0220835201189857
0,0.0084910811510728,0.124104362547994,0.0004275017197094,0.0001918373219509,0.998969434292337,0.80935228381772,0.0220855429113997
0,0.0043388320161247,0.229313420201348,0.0048495417581753,0.000150947693567,0.998965505686657,0.809276118369179,0.0220921011836796
0,0.0077647183628132,0.205127429936209,0.0021264950442186,0.0001906908837719,0.999030674322056,0.809328457703048,0.0221072247175878
0,0.0034321265768281,0.204311152764761,0.0010825097676675,0.0001906908837719,0.999074582267891,0.809321947835651,0.0220988806988798
0,0.0066945188938568,0.137739214559966,0.0034763449698358,0.0001828568895488,0.998985610903961,0.809309969679642,0.0220432064982965
0,0.0074601951319964,0.187471657042658,0.0003031322954792,0.0001251528345397,0.99900386736565,0.809318562704605,0.0220433961350853
0,0.0131232039837629,0.101067206820449,0.0093391144109817,0.0001257260536292,0.99905667244788,0.809416210715554,0.0220772621049548
0,0.0060573913965947,0.199927442029205,0.0018155116529266,0.0001906908837719,0.999014959899335,0.809342258621929,0.0220685546157349
0,0.0073260301839931,0.167518215073918,0.0024371021957149,0.0002675022417643,0.999021199449533,0.809335618557184,0.0220768512252457
0,0.0091044957738041,0.140429905976963,0.0024806823337874,0.0001717746538186,0.999067533887113,0.809393426179666,0.0221155845393614
0,0.0078396011244894,0.18242283157481,0.0002134333237272,0.0001906908837719,0.998982722223313,0.809241095282586,0.0220076021911962
0,0.0099569112108854,0.153278713305318,0.0030655378465966,0.0001906908837719,0.998978678070408,0.809307235535335,0.0220060534907542
1,0.0129715663913685,0.139613628805514,0.0115453078363831,0.0001906908837719,0.999089256765579,0.809351893225676,0.0221065135796297
0,0.0101902958181098,0.129304350454999,0.0013211019950832,0.000112350941541,0.998999592118293,0.809384182167963,0.0221908229353243
0,0.0122383393499552,0.0772742388971188,0.002185086124136,0.0001906908837719,0.999323239897995,0.809677907384898,0.0222263324240302
0,0.0064268130208642,0.164343803851619,0.0007725715387374,0.0001106312842725,0.99902212382734,0.809340175464362,0.0221284324318037
0,0.0161983893966009,0.0668742630831091,0.0055008565078933,0.0001906908837719,0.999035065116639,0.809395248942537,0.0220726318066945
0,0.0097784406288903,0.140127581098649,0.0001907736106616,0.0001906908837719,0.9990299810387,0.809396290521321,0.0220967314819399
0,0.0078115200888608,0.152341506182544,0.0006998405892466,0.0001906908837719,0.999041997950192,0.809346034345019,0.0221189189862314
0,0.0066963909628987,0.182815853916619,0.0011006383775766,0.0001906908837719,0.998953835416842,0.809321817638304,0.0219948333140826
0,0.0085241543708132,0.100099767209844,0.0020509624471057,0.0001320314636136,0.999067071698209,0.809402800388717,0.0221232016170455
0,0.0080324242358058,0.107809051606857,0.0038134822735312,0.0001906908837719,0.999042922327999,0.809402670191369,0.0220436805902685
0,0.0082995060857844,0.136408985095383,0.0009869462197966,0.0001310760984645,0.998991734906932,0.809402670191369,0.0220772304988233
0,0.0021641118124436,0.0851649182211204,0.0005619029420864,0.0001713925077589,0.99896203926988,0.809776206382587,0.0220046154117723
0,0.0059519315072339,0.136106660217069,0.0013717935744088,0.0001906908837719,0.999026399074698,0.809364782763121,0.0221096267835794
0,0.0184529845460701,0.0487347703842549,0.0019750516087148,0.000182665816519,0.99910242914933,0.80943222498935,0.0221160744343992
0,0.0091307047403908,0.188469329141095,0.0060620911492333,0.0001906908837719,0.999029634397022,0.809356580330201,0.0221532748511387
0,0.0105272682456529,0.14015781358648,0.0010476953444918,0.0001906908837719,0.999122765461085,0.809439646238182,0.0221132298825669
0,0.0100954443199865,0.139190373975874,0.0008770754939832,0.0001301207333153,0.999028363377538,0.809377542103218,0.0221155529332299
0,0.0085759482809726,0.129576442845482,0.0087034072391321,0.000111204503362,0.99902605243302,0.809331973031442,0.0220731849139952
0,0.0097360070639405,0.1414275780754,0.0014045883854224,0.0001314582445241,0.999012071218688,0.809355278356722,0.022135085522478
0,0.0043057587963844,0.204432082716087,0.0008109287992124,0.0001385279466279,0.999031367605411,0.80934030566171,0.0220834094975256
0,0.007808399973791,0.132781086555613,0.0015238156908916,0.0002560378599744,0.999030674322056,0.809361658026771,0.0220603528246186
0,0.0050508422750631,0.231762251715694,0.0001478179933408,0.0001513298396266,0.999010684651977,0.809342128424581,0.0220808968100737
0,0.0084810967828493,0.185778637724098,0.0013204278842087,0.0001362350702699,0.999050895086585,0.809375068353608,0.0221245922868302
0,0.0063169849704057,0.196390240952928,0.000645637982587,0.0001906908837719,0.999053090483877,0.809373115393389,0.022075160297212
0,0.0232585857766434,0.131088067237053,0.011290362177774,0.0001434958454035,0.999066956150983,0.809396420718669,0.0221034161787457
0,0.0063051285331403,0.200653021737159,0.0003761188517395,0.000141776188135,0.9990103380103,0.809307365732683,0.0220404251587272
0,0.0091338248554606,0.15820660882184,0.0006071902667743,0.0001033705091389,0.999057019089557,0.809404753348936,0.0221353541745955
0,0.0082645607970021,0.200320464371013,0.0014367656711563,0.0001287832221065,0.999017733032756,0.809362569408206,0.022072363154577
0,0.0085734521889167,0.14611361368927,0.0040448682127542,0.0002606236126903,0.999014959899335,0.809362829802902,0.0220969527248602
0,0.0086982567917104,0.162832179460048,0.0026347857974716,0.0001469351599405,0.999005253932361,0.809334707175749,0.0220675432195279
0,0.0077722066389808,0.197115820660882,0.0002194510423845,0.0001906908837719,0.999008951443589,0.80934095664845,0.0222130736518788
0,0.014199643682859,0.117695075127732,0.0061530308262179,0.0001262992727187,0.999022470469018,0.809356189738158,0.0220922118051398
1,0.0067587932642955,0.187471657042658,0.0048495417581753,0.0001471262329703,0.999021314996759,0.809326504742829,0.0225019536935091
0,0.0061934284136399,0.174320524835989,0.0003034829823707,0.0001121598685111,0.99900640940462,0.809469721825554,0.0230656648513316
0,0.0117260164554869,0.0662696133264806,0.0080848277806212,0.0001906908837719,0.999206075010948,0.809593669700786,0.0220361741340445
0,0.0089771950789545,0.106267194727454,0.0012129976064864,0.0001220956660624,0.999118605760953,0.809443161566576,0.0221325728350262
0,0.0161952692815311,0.082141669437978,0.0029279653825001,0.0001906908837719,0.999109824171786,0.809400456836454,0.0223349626978905
0,0.0096779729236414,0.139220606463706,0.0005498118324746,0.0001906908837719,0.998999129929389,0.809359054079812,0.0220526883377373
0,0.0126963722422083,0.110771835414336,0.0004759196540845,0.0001906908837719,0.999047313122583,0.809364912960469,0.0220745597807141
0,0.0067706497015609,0.180971672158902,0.0005923973310376,0.0001906908837719,0.998976020484212,0.809338352701491,0.0220857483512543
0,0.0096018421159372,0.0950207092541645,0.0018828609081765,0.000103179436109,0.999108206510624,0.80946243077407,0.0221037480431261
0,0.0069784493652125,0.129274117967168,0.0009736677259934,0.0001906908837719,0.998958919494781,0.809283669815359,0.0246221245986081
0,0.0082695529811139,0.161108927653657,0.0009140913338624,0.0001906908837719,0.999036567230576,0.80941712209699,0.0222772024926302
0,0.0062265016333802,0.0972276808658584,0.0096005938986176,0.0001048990933775,0.998863939675104,0.808983564928376,0.0214494379094466
0,0.0132455124945008,0.15841823623666,0.0016189233671787,0.000108911627004,0.99914818585078,0.809518285436333,0.0223109104318423
0,0.0195637455109344,0.0608882304924872,0.0019093605912091,0.0001144527448691,0.999065338489821,0.8093975924948,0.0221618401127669
0,0.0124086976327687,0.157692656528706,0.003189274355509,0.0001906908837719,0.999089025671127,0.80942467354317,0.0221725387882693
0,0.0117191522023332,0.150708951839647,0.0017165966910716,0.0001906908837719,0.999055979164524,0.809404623151588,0.0221695520088454
0,0.0118601814034902,0.148562445203616,0.0006416925364495,0.0001375725814787,0.999061525431367,0.809409961242853,0.0230328576868664
0,0.0106982505514803,0.115004383710736,0.0048397771870543,0.0001906908837719,0.998991157170803,0.809342388819277,0.0220753341309351
0,0.0129135322510694,0.126643891525834,0.001296780624265,0.0001906908837719,0.999072271323374,0.809418814662513,0.0225572170143834
0,0.0092149478472766,0.188469329141095,0.0023612941713288,0.000218969692187,0.999020043977274,0.809348638291977,0.0221704843897238
0,0.0071388232798025,0.169936814100432,0.0008797636206424,0.0001524762778056,0.998974287275824,0.809316609744386,0.0220757924198414
0,0.0061453786415643,0.21788553980107,0.0004131631204392,0.000103179436109,0.998918015776818,0.809257109556381,0.022018095426844
0,0.0073703358179849,0.155697312331832,0.0062287279140793,0.0001906908837719,0.999278292027126,0.809613459697671,0.0221540175952282
0,0.0076449059441312,0.142606645100825,0.00478103797802,0.0001906908837719,0.999090527785064,0.809434047752221,0.0221028472683792
0,0.0094608129147803,0.129485745381987,0.0006331998198428,0.0001906908837719,0.999142870678389,0.809478445047866,0.0220773885294806
0,0.0211044583324233,0.134867128215981,0.0029679632948803,0.0001906908837719,0.99905216610607,0.809394728153146,0.0221784491348541
0,0.0125696955703726,0.0854370106116032,0.0027726041329727,0.000107765188825,0.99906002331743,0.809518676028377,0.025418362065651
0,0.0082183830939685,0.156453124527617,0.0010614349370509,0.0001906908837719,0.999041304666837,0.809399415257671,0.0221785597563142
0,0.0086027812705732,0.18284608640445,0.0054547788697703,0.0001006954867212,0.999037607155609,0.809366605525992,0.022097379407635
0,0.0066851585486472,0.174653082202134,0.0004597268466981,0.0001784622098627,0.999005947215716,0.809382229207744,0.0220947560987231
0,0.0098720440809857,0.154276385403755,0.0030080403726839,0.0001287832221065,0.998990579434674,0.809361918421467,0.0221025944193275
0,0.0074608191550104,0.212413459503583,0.0012143828459407,0.0001906908837719,0.999045464366969,0.809369730262342,0.022080406915036
0,0.0088411580619093,0.167064727756447,0.0019738869403751,0.0001683353392816,0.999024319224632,0.809357491711637,0.0225055093832994
1,0.0018539723745011,0.214227408773468,0.0001670744482029,0.0001713925077589,0.999046966480905,0.809040721564118,0.0220884190693635
0,0.0048592672097747,0.133446201287904,0.0006854119038441,0.0001754050413854,0.998961230439299,0.809080822347281,0.0220650779412733
0,0.007407777198823,0.0775463312876016,0.002649689106209,0.00011349737972,0.999006640499072,0.809275988171831,0.0220700243008483
0,0.0022914125072932,0.101702089064909,0.0003203086273474,0.0001104402112426,0.999050432897682,0.809804068615044,0.0220424479511412
0,0.0114682949507178,0.0707137890376999,0.0076965455910228,0.0001906908837719,0.999078395326346,0.809520238396552,0.0220838203772347
0,0.0076174489315165,0.110983462829156,0.0040076641752497,0.000125917126659,0.998993583662547,0.80948508511261,0.0220930177614923
0,0.0069460001684862,0.119871814251595,0.0032772476803725,0.0001906908837719,0.999010800199203,0.80939069203536,0.0220705299989518
0,0.0171138311580931,0.0514254618012516,0.000214996986578,0.0001906908837719,0.999121263347149,0.809434438344265,0.022105122909845
0,0.0139556506843972,0.0831091090485836,0.0046023367835147,0.0001461708678212,0.99899462358758,0.80944290117188,0.0220779890459786
0,0.0104542575530186,0.121171811228346,0.0005402114023283,0.0001906908837719,0.999060138864656,0.809385353944094,0.0221814833234751
0,0.0125921603988755,0.097983493061644,0.0217076664387901,0.0001647049517148,0.999019697335596,0.809415299334119,0.0220518823813848
0,0.0149272545171466,0.0942346645705475,0.0259118137345271,0.0001087205539742,0.999022008280114,0.809393035587622,0.0220718100472763
0,0.0101441181150761,0.116999727907609,0.010484413513285,0.0002369305569912,0.998995663512612,0.809346815529106,0.022115252674981
0,0.0087213456432273,0.116667170541464,0.0010752786649816,0.0007035308958401,0.998980642373248,0.809328197308352,0.0221087102057668
1,0.0034583355434148,0.16373915409499,0.0001552313086373,0.0001198027897044,0.998879307456147,0.808674997213777,0.0220073967513416
1,0.0091937310648016,0.175076337031774,0.0002661540173976,0.0001906908837719,0.998959959419814,0.809259583305992,0.0220736432029015
0,0.0098233702858961,0.0793905130453185,0.0036514184486498,0.0003662869981872,0.998995547965387,0.809380927234265,0.0221273262172023
0,0.0105740699717006,0.159929860628231,0.0147594685053598,0.0002134285743219,0.998977407050923,0.809398634073583,0.0220885138877579
0,0.0107712612441147,0.174169362396832,0.003377690744763,0.0002226000797538,0.99896654561169,0.809308016719423,0.0221335052159046
0,0.0115525380576036,0.119660186836775,0.0251394997457459,0.0001712014347291,0.998787331864343,0.80918224608132,0.0217655782394693
0,0.0173291190979123,0.0974393082806784,0.0121118528764464,0.0001906908837719,0.999062334261948,0.809463472352854,0.0221206889295937
0,0.0094576927997104,0.121534601082323,0.003791266578611,0.0001104402112426,0.998979371353763,0.809353455593851,0.0221458316071776
0,0.024406788122346,0.0345859660791487,0.0203348654192719,0.0001906908837719,0.99907631547628,0.809511905766284,0.022122695918942
0,0.0112199337911582,0.133053178946095,0.0076561307096551,0.0002092249676656,0.999052512747748,0.809415689926163,0.0222114775422396
0,0.0088573826602725,0.0737068053330108,0.0089887061724792,0.0001624120753569,0.999075044456795,0.8096053874621,0.0221452468937454
0,0.0096536360260966,0.104785802823714,0.01349920338928,0.0002514521072584,0.999057134636783,0.809423241372343,0.0220933022166755
0,0.0097990333883513,0.162529854581734,0.0021212332445929,0.0001434958454035,0.999006756046297,0.809353195199155,0.0221742455193686
0,0.0404866131462928,0.11657647307797,0.0834571326913787,0.0001906908837719,0.999260844396017,0.809745479808474,0.0220637662868173
0,0.0082601926359044,0.198446050125465,0.0036544838644254,0.0001713925077589,0.99899208154861,0.809336009149228,0.0221460844562294
0,0.109245212963454,0.0141488043051063,0.0302650993800577,0.0001129241606305,0.999226989058833,0.80960030976553,0.0220913426365244
0,0.020391824050471,0.0738277352843365,0.0006265564533855,0.0001906908837719,0.999189436210421,0.809547319444922,0.0220990545326029
0,0.0061447546185503,0.0799346978262841,0.0083134008406033,0.0002432359669757,0.999063720828658,0.810595668490471,0.0220360951187159
0,0.0110058938973669,0.0745533149922907,0.003012259730409,0.0021673413773805,0.999120338969342,0.809516072081418,0.0224514945046182
0,0.0081372601021525,0.202648365934033,0.0024136330871216,0.0007258864403304,0.99902663016915,0.809362439210858,0.0222666934539166
0,0.0095550403898895,0.130211325089942,0.0020767743975255,0.0001906908837719,0.991251803981064,0.803400702649047,0.0220915954855761
0,0.0225927532207388,0.0820509719744838,0.0090018132383577,0.0001906908837719,0.998856544652648,0.809194484632026,0.0223238057334818
0,0.0091350729014886,0.124074130060163,0.0210262500570029,0.0007159506427792,0.999195675760619,0.809549532799837,0.022151884181354
0,0.0747379883370099,0.0185022825528313,0.186231282260112,0.000893266414463,0.998703444578351,0.809080171360541,0.0220915954855761
0,0.0043806415580606,0.170118209027421,0.0079763069282654,0.0009567026603671,0.998986535281768,0.809472846561905,0.022156056190708
0,0.0075731432975248,0.176860053813828,0.0026801556104321,0.0001906908837719,0.99894574711103,0.80932142704626,0.0222178935869279
0,0.0047687838727492,0.122592738156423,0.0023285616200148,0.0001906908837719,0.998908078715392,0.809225471600834,0.0219946436772937
0,0.0040867267184813,0.168122864830547,0.002766964539002,0.0001906908837719,0.999037953797286,0.809308667706162,0.0223212456368328
0,0.0096892053378928,0.0751881972367506,0.0187673543399086,0.0008055638937702,0.998973362898017,0.80934095664845,0.0220379598804726
0,0.0289883650909046,0.0253952897783959,0.0133546524367597,0.0003611280263818,0.999042922327999,0.809480137613389,0.0220706880296091
0,0.0104342888165716,0.139553163829852,0.0068691175050284,0.000282597011121,0.999007218235201,0.809370381249082,0.0221136565653418
0,0.0109865491839339,0.134292710947184,0.011659466028613,0.0001906908837719,0.998869832583624,0.809185110422975,0.0225555260863497
0,0.0237290991291759,0.0983765154034525,0.0463685851809041,0.0001906908837719,0.99838060562923,0.809315437968255,0.0222011897464463
0,0.0085834365571402,0.187290262115669,0.0004566174177453,0.0002241286639925,0.998993468115321,0.809329369084484,0.0221395103808837
0,0.0101204052405453,0.145085709103002,0.0023677520800539,0.0001906908837719,0.999042806780773,0.809400196441759,0.025298274569133
0,0.0270457814484198,0.106539287117937,0.0466675126925579,0.0239303684021766,0.999099193827005,0.809511384976893,0.0221225378882847
0,0.0081528606775017,0.177132146204311,0.0006787664193134,0.0001906908837719,0.999054708145039,0.80937051144643,0.0223842682629828
0,0.0085291465549249,0.208634398524655,0.0027266032118579,0.0001339421939119,0.999040149194578,0.809366865920688,0.0221505093146351
0,0.0178302095781292,0.0671161229857605,0.0050600817353032,0.0001906908837719,0.998972669614661,0.809334707175749,0.0221111754840214
0,0.0230900995628719,0.0558394050246395,0.031075420603106,0.0001906908837719,0.999043615611355,0.809388869272488,0.0221342795661256
0,0.0238108461440058,0.0895788614445083,0.0087573296382794,0.0001906908837719,0.999026861263601,0.810307671956845,0.0230897329204456
0,0.0086976327686965,0.198718142515948,0.0009550807183579,0.0003164169374012,0.998971514142403,0.809310881061077,0.0220959887378504
0,0.0202152255375178,0.0660277534238292,0.0212350895320773,0.0001906908837719,0.999050432897682,0.809380146050177,0.0223562968366324
0,0.0153965198236511,0.099767209843698,0.007823003843723,0.0001553423732531,0.998882889420149,0.809222607259179,0.0220620753587837
0,0.0101447421380901,0.158660096139311,0.0098572338799465,0.0001828568895488,0.999004907290683,0.809341086845797,0.022102088721224
0,0.0370582307075485,0.0342231762251716,0.0366371817683525,0.0002705594102416,0.99933826103736,0.8096746524512,0.02230914048848
0,0.013340363992624,0.1240136650845,0.0012859611359852,0.0001906908837719,0.999013226690947,0.809334707175749,0.0220940923699622
0,0.0096536360260966,0.0811439973395411,0.0051076609320323,0.0005390170171551,0.998981913392732,0.809417382491686,0.0220725685944316
0,0.021529418004936,0.0262417994376757,0.0356541924206308,0.0001113955763918,0.999085674801577,0.809652909494095,0.0220724421699057
0,0.0137047934327818,0.100825346917798,0.0053517587512685,0.0001906908837719,0.999131315955801,0.809477143074386,0.0221574626635584
0,0.0236610806206533,0.0609486954681501,0.0077609641127625,0.0001906908837719,0.998942165147028,0.80916401845261,0.0220761716934191
0,0.0060480310513851,0.160655440336185,0.0046512213741594,0.0004444358673884,0.999066147320402,0.80935228381772,0.02215986472955
0,0.022788072424111,0.050881277020286,0.0050913765616919,0.0001906908837719,0.999418450812124,0.80978857513064,0.0223260497688162
0,0.0062427262317434,0.228587840493394,0.0014904441615175,0.0001916462489211,0.998993583662547,0.809314266192123,0.0221518209690911
0,0.0207231802708884,0.0802067902167669,0.0294371940862903,0.0001906908837719,0.999123920933344,0.809471544588425,0.0221324938196975
0,0.0138501907950365,0.0705021616228799,0.00263967654561,0.0001906908837719,0.998775430500077,0.808955832893266,0.0220427324063244
0,0.0180305209656132,0.0679324001572089,0.0262026359232612,0.0003857764472301,0.999048468594842,0.809929969450494,0.0221559297661821
0,0.0067282161366111,0.0530580161441485,0.0036254088761495,0.0007646742653862,0.998886009195248,0.809218701338741,0.022026913537524
0,0.0066470931447951,0.219759954046618,0.0012863903664803,0.0001906908837719,0.999008720349137,0.809350591252197,0.0222592028007584
0,0.0079350766456266,0.155001965111709,0.0115647796934833,0.0002128553552324,0.99918804964371,0.809534299710129,0.0222176565409418
0,0.0080449046960851,0.129274117967168,0.0043519522697275,0.0001906908837719,0.999101158129845,0.809447588276406,0.0221341215354682
0,0.0201952568010708,0.0808416724612268,0.0303266669749623,0.0001906908837719,0.997379388916941,0.807925451081732,0.022380680967061
0,0.0099363184514244,0.170269371466578,0.0060638203327215,0.0004100427220187,0.999001787515584,0.809389520259228,0.0223375385976053
0,0.007387808462376,0.161955437312936,0.0003278549149051,0.0001906908837719,0.99902408813018,0.809339003688231,0.0221271681865449
0,0.011943800487362,0.116395078150981,0.0004100827615584,0.0001906908837719,0.998984455431702,0.809375979735043,0.0220879607804572
0,0.010624615835832,0.1414275780754,0.0036962879299163,0.0001041348012582,0.998941125221995,0.809156727401126,0.0223421846989313
0,0.0099781279933604,0.171297276052846,0.0004932001796199,0.0002898577862546,0.998960652703169,0.809308016719423,1.0
0,0.0278289303309506,0.0515463917525773,0.0109597308378092,0.0001906908837719,0.99938598204165,0.809710586919229,0.0221007612637023
0,0.0154295930433914,0.10406022311576,0.0269870931379197,0.0001761693335047,0.999194982477263,0.809528310632124,0.0221316404541479
0,0.036629526896952,0.060162650784533,0.0290568964116988,0.0001906908837719,0.987298702289106,0.778927376960902,0.0098889896264093
0,0.0103082361677499,0.0904253711037881,0.0030198855525955,0.0001906908837719,0.999112597305208,0.809490032611832,0.0220946138711315
0,0.0541084115182168,0.0094325362034041,0.140929838242099,0.0001906908837719,0.975998414692061,0.786859259791622,0.0220915954855761
0,0.008627118168118,0.154760105209058,0.0003496881129686,0.0001360439972401,0.998921251099143,0.809276769355919,0.0221333629883129
0,0.0081266517109151,0.139915953683829,0.0018162083436298,0.0001906908837719,0.998597141130537,0.808990725782512,0.0183300391579425
0,0.0118764060018533,0.0728905281615624,0.0035677721534827,0.0003366706785633,0.999099771563134,0.809645227850567,0.0221738030335281
0,0.0071837529368083,0.146657798470236,0.0029384132363366,0.0001906908837719,0.998850767291353,0.809010255384702,0.0219651077474356
0,0.0382083051222929,0.063155667079844,0.0463403303728417,0.0001906908837719,0.998251308283465,0.808196391762778,0.0220243218347435
0,0.0496379106461446,0.0363999153490341,0.021681018257435,0.0001906908837719,0.998941934052576,0.809338873490883,0.0261367694339505
0,0.0050683149194542,0.122502040692929,0.0030032796042993,0.0001906908837719,0.998366739962124,0.808863783368278,0.0211806593674308
0,0.0206589059004496,0.0654533361550322,0.0407504285228837,0.0001906908837719,0.998725398551269,0.809093842082074,0.022234802867264
0,0.0059818846119044,0.156846146869426,0.0024590585529472,0.0003066722128798,0.999058290109042,0.809442770974532,0.0221233438446371
0,0.0065528656696859,0.142334552710343,0.0017151514071503,0.0001830479625787,0.998996125701516,0.809389259864532,0.0220525777162772
0,0.0580160436316891,0.0269976116334613,0.110419633908605,0.0001906908837719,0.992471058308597,0.804326145398149,0.0223658418883361
1,0.0089946677233456,0.104423012969737,0.0036654675325438,0.0001979516589055,0.998533705703527,0.808765354173242,0.0217123693171405
1,0.0052754905600918,0.178250748254074,0.0002084305120158,0.0001973784398161,0.999019466241145,0.809387437101661,0.0221160112221362
1,0.0151918402750693,0.0701393717689029,0.0036494524878706,0.0001354707781506,0.994014884793638,0.803775280419048,0.0220915954855761
1,0.0064455337112832,0.180215859963116,0.000279717090883,0.0001906908837719,0.998852847141419,0.809192922263851,0.0219643808064118
1,0.004453028227681,0.231701786740031,0.0013598571618848,0.0001906908837719,0.998871796886464,0.809027050842585,0.0221123449108858
1,0.0031013943794247,0.119932279227258,0.0004199056282784,0.0001853408389367,0.998887742403636,0.809188235159325,0.0227990513293215
1,0.0089247771457811,0.144904314176014,0.0054405859123381,0.0001906908837719,0.999087639104416,0.809334186386357,0.0221520264089456
0,0.0078464653776431,0.106448589654443,0.0015191999230936,0.0003024686062235,0.998968394367304,0.809392644995579,0.0220431432860335
0,0.0097160383274935,0.145236871542159,0.0112726790239685,0.0002029195576812,0.999014728804883,0.809392775192927,0.0221806141548597
0,0.0090102682986948,0.183541433624573,0.0033519953078136,0.0002183964730975,0.998997281173775,0.809310490469033,0.0222451222691888
0,0.0190414382482426,0.0451068718444841,0.0037319061522424,0.0001014597788406,0.999045464366969,0.809459175840372,0.0220976638628183
0,0.0067987307371895,0.158448468724491,0.0022920896975058,0.0001906908837719,0.998969780934014,0.809339003688231,0.0221129928365809
0,0.0165590746986749,0.0569277745865707,0.0015377135171382,0.0001906908837719,0.999176841562799,0.809556172864581,0.0223558543507918
0,0.0210844895959763,0.0681742600598603,0.0247382601545033,0.0001799907941014,0.999053899314458,0.809419856241296,0.022154981582238
0,0.0062739273824418,0.090274208664631,0.0068600289491047,0.0001104402112426,0.999078164231894,0.809686500409861,0.0221115863637305
0,0.0149934009566273,0.0708044865011942,0.0220439961929849,0.0001859140580262,0.999026514621924,0.809426626503389,0.0220856693359256
0,0.0132398962873751,0.135018290655138,0.0034880684091049,0.0001094848460935,0.999023741488502,0.809373245590737,0.0221829530085884
0,0.009145681292726,0.0925416452519878,0.0066666699869248,0.0001906908837719,0.999106819943913,0.809581561347428,0.0220853848807424
0,0.0094395961323053,0.175257731958763,0.0021752031740853,0.0001587816877901,0.999012417860366,0.809351372436284,0.0222063731520073
0,0.0575561386703942,0.0110650905463011,0.0168983407739899,0.0001133063066901,0.999149225775813,0.809657206006577,0.0221229645710595
0,0.0078202564110564,0.108655561266137,0.0004407503855978,0.0001906908837719,0.999135360108707,0.809491074190615,0.0221624090231333
0,0.0176860602619025,0.0699277443540829,0.0362592172002225,0.000123624250301,0.999100002657586,0.81027967952704,0.0222434787503523
0,0.011443334030159,0.0977718656468241,0.0216415913893104,0.0019789433699664,0.999144950528455,0.809522321554119,0.0221689040831503
0,0.0092417808368772,0.182301901623485,0.0047643561094221,0.000300748948955,0.999094803032421,0.809415689926163,0.0221301865721003
0,0.0128043282236249,0.12486017474378,0.0036422386601138,0.0001906908837719,0.998858508955488,0.80940071723115,0.0236498567823463
0,0.0237640444179581,0.0751277322610878,0.0166639468984519,0.0001906908837719,0.999011609029784,0.809361527829423,0.0224989195048881
0,0.0139955881572912,0.07878586328869,0.0192424085958266,0.0007440383781644,0.999088679029449,0.809379104471394,0.0221437297994349
0,0.0178002564734587,0.0848323608549747,0.0262042888755378,0.0004188320813909,0.999240970273165,0.809651867915311,0.0238616178631913
0,0.0048024811155035,0.189134443873386,0.0093399091548823,0.0059039655487684,0.998988268490156,0.809384312365311,0.0221400950943159
0,0.010525396176611,0.114641593856758,0.0043387363659657,0.000388069323588,0.999017617485531,0.809354887764678,0.0221664388048957
0,0.0170795098923248,0.0699882093297457,0.0074851570048609,0.0001297385872556,0.999031598699862,0.809432615581394,0.0228640967478855
0,0.0150189859002,0.0338906188590259,0.0076060573940202,0.0001209492278834,0.998866250619622,0.809428319068912,0.0221412961273118
0,0.0074539549018567,0.186715844846872,0.0015656392271125,0.0001906908837719,0.999012533407592,0.809368167894167,0.0221285430532639
0,0.0040280685551683,0.109199746047102,0.0017426536773257,0.0001906908837719,0.998983068864991,0.809419075057209,0.0222398440452334
0,0.0029915663289662,0.188953048946398,0.000266739752144,0.0001906908837719,0.998988384037382,0.809151259112512,0.0220786369716737
0,0.0238014857987963,0.0267859842186413,0.0174457826960483,0.0002642540002571,0.999032291983218,0.809144619047768,0.0220692499506273
0,0.0166926156236642,0.0832602714877407,0.0040984698500842,0.0002535539105866,0.998974865011953,0.809331322044702,0.0220969527248602
0,0.0049017007747245,0.174653082202134,0.001381839985319,0.0001906908837719,0.999011955671462,0.809310620666381,0.0223648462951948
0,0.0071413193718584,0.156815914381594,0.0056897906786573,0.0001906908837719,0.998987344112349,0.809440167027574,0.0242983039786383
0,0.0083294591904549,0.217432052483599,0.0003057141686933,0.0001392922387472,0.999004791743457,0.80933652993862,0.0221603862307193
0,0.0135568999784712,0.113704386733984,0.0057679862187307,0.0001906908837719,0.999298859433333,0.809628432392684,0.0225770024526832
0,0.0202277059977972,0.0528766212171599,0.0194922216378572,0.0027134280966393,0.999125307500055,0.809514509713243,0.0221044907872157
0,0.0117796824346882,0.127369471233788,0.0080575437691683,0.0001906908837719,0.999183427754675,0.809501359781102,0.022511846412659
0,0.0097915451121837,0.178129818302748,0.0019074833757634,0.0001037526551985,0.999055979164524,0.809379625260785,0.0221533380634016
0,0.0167250648203906,0.0808114399733954,0.009998940687353,0.0001906908837719,0.998974980559179,0.809364261973729,0.0221528481683638
0,0.015258610737564,0.0945974544245246,0.0025086429628255,0.0001906908837719,0.998989770604092,0.809362569408206,0.022066468611058
0,0.014160330232979,0.0600417208332074,0.0199399465477782,0.0001906908837719,0.999458083510602,0.81022616841704,0.023653570502794
0,0.0101946639792076,0.167215890195604,0.0016445909776956,0.0002367394839614,0.998975673842535,0.809317781520518,0.0220833304821969
0,0.0115562821956874,0.101399764186595,0.0138528171473143,0.00031775444861,0.998913624982235,0.809304240996333,0.0221090894793444
0,0.0094302357870958,0.149892674668198,0.0061791082936592,0.0001754050413854,0.99898168229828,0.809328587900396,0.022260056166308
0,0.0116255487502379,0.127429936209451,0.0017087046134528,0.0001864872771156,0.998966198970012,0.809320906256868,0.0221079358555458
0,0.0164105572213503,0.103576503310457,0.0051062043387649,0.0001906908837719,0.999007680424104,0.809396420718669,0.0222622369893794
0,0.0688983809722903,0.0152371738670375,0.0746042329178255,0.000414246328675,0.999319426839541,0.80965824758536,0.0220880714019173
0,0.0119444245103759,0.1403694410013,0.0024153176356128,0.0001073830427653,0.999010222463074,0.809333925991661,0.0221134353224215
0,0.0042233877585405,0.104513710433232,0.0028347426166778,0.0014129850556051,0.998961345986525,0.809207894958863,0.0220923856388629
0,0.0193696743535902,0.0147232215739033,0.0021587869973956,0.0001196117166746,0.998999129929389,0.809400977625846,0.0220947402956573
0,0.0109378753888443,0.121836925960637,0.002428346838003,0.0001906908837719,0.999102313602104,0.8094668574839,0.0221346904458347
0,0.024225821448295,0.0423557154518245,0.0081429856659427,0.0001280189299872,0.99902270156347,0.809351763028328,0.022164036738904
0,0.0051194848065996,0.176860053813828,0.0026951935431393,0.0004908666136375,0.999009644726945,0.809315437968255,0.02209124781813
0,0.0279088052767386,0.0504882546784775,0.0057876025906208,0.0001906908837719,0.999408398203472,0.809712800274144,0.0221908387383901
0,0.0063169849704057,0.226743658735677,0.000920071957087,0.0001887801534736,0.998983762148346,0.809311271653121,0.022150398693175
0,0.0249415758453172,0.0466789612117181,0.0529823986648449,0.0001906908837719,0.999079319704153,0.809486517283438,0.022105723426343
0,0.0088580066832864,0.118209027420866,0.0050806686123247,0.0001906908837719,0.999105548924429,0.809390301443316,0.0227245082682509
0,0.0239680999435259,0.0604347431750159,0.0240383487943995,0.000315461572252,0.999113868324692,0.809513337937112,0.0224482232700111
0,0.012063612906044,0.0651510112767179,0.0053703436213988,0.000380235329365,0.999254373751368,0.809640931338085,0.0236249985599456
0,0.0073578553577055,0.212322762040088,0.0034122780094215,0.0001301207333153,0.999015537635465,0.809343560595408,0.0222466393634993
0,0.0126676671835657,0.110953230341325,0.0255684119857678,0.000275718382047,0.999075160004021,0.809401238020542,0.0221496401460197
0,0.0094639330298501,0.142455482661668,0.0013282121344014,0.0001906908837719,0.998998667740486,0.809335097767793,0.0221022151457499
0,0.0163656275643446,0.108806723705294,0.0055839146781944,0.0001906908837719,0.998525964039392,0.809080561952585,0.0227469486215942
0,0.0144155556456922,0.134292710947184,0.0010987498527846,0.0001228599581817,0.999012071218688,0.809365694144557,0.0221700735100147
0,0.0075107409961279,0.152008948816398,0.000254268127726,0.0001906908837719,0.999021661638436,0.809331842834094,0.0221014091893974
0,0.0098745401730415,0.150497324424827,0.0004573362413442,0.0001906908837719,0.999046388744776,0.809253464030639,0.0221417070070209
0,0.0074102732908789,0.165250778486562,0.0056384298852876,0.0001190384975851,0.999058867845171,0.809447067487014,0.0222929739522334
0,0.0100405302947573,0.168969374489827,0.000505355336663,0.000148654817209,0.998974633917502,0.809318041915214,0.0221123765170173
0,0.0252716840197066,0.0581370740998277,0.0060653140019898,0.0001906908837719,0.999100002657586,0.809460477813851,0.0220566707103024
0,0.0141116564378894,0.108564863802642,0.024548482640741,0.0001337511208821,0.999112712852433,0.809465034721029,0.0220839151956291
0,0.0104355368625995,0.144874081688182,0.0116938412138825,0.0001906908837719,0.998377601401357,0.808730721678692,0.0186971443749596
0,0.0497315140982399,0.0187139099676512,0.0145035931291068,0.0001906908837719,0.999011146840881,0.809441338803705,0.0221216055074063
0,0.0145129032358713,0.102216041358043,0.0229991996818742,0.0011729973301365,0.999032176435992,0.809409831045506,0.0223029772928435
0,0.0443792687074299,0.0278138888049098,0.107576401490101,0.0001906908837719,0.992837805203554,0.800782954771525,0.0227916554945576
0,0.010005585005975,0.157088006772077,0.0016907224226564,0.0003458421839953,0.99894771141387,0.809281326263097,0.0224461846745314
0,0.0099637754640391,0.140097348610817,0.0078564773709634,0.0001341332669418,0.998894559689964,0.809257239753729,0.0237810696371415
0,0.0058882811598091,0.0975300057441727,0.0036350472567307,0.0004490216201043,0.998760640455164,0.8091677941757,0.0219504741085653
0,0.0104698581283678,0.135562475436104,0.0012072059581618,0.0001906908837719,0.99880258409816,0.809346685331758,0.0221441564822097
0,0.0218988396292055,0.0834114339268978,0.0401999673357323,0.0001906908837719,0.998295216229301,0.808221519850929,0.0207686102314642
0,0.0569321156564254,0.0258185446080358,0.0469904361495648,0.0001906908837719,0.998959266136459,0.809045278471296,0.0222533714695023
0,0.0179181968230988,0.0560510324394594,0.0323368012443356,0.0001906908837719,0.998550113409602,0.80910542964604,0.0220585828812563
0,0.0377284314245509,0.0542975481452369,0.0390265412676152,0.0001906908837719,0.998835052868633,0.809433136370785,0.0221102273000773
0,0.0066464691217812,0.162620552045228,0.0016741865456702,0.0003959033178111,0.999046504292002,0.809445895710883,0.0221406956108138
0,0.0071906171899619,0.173625177615866,0.0047858397865061,0.00051073820874,0.999071231398341,0.809427668082172,0.0224043539595316
0,0.0059924930031419,0.159294978383771,0.0036860374649779,0.0002036838498005,0.999032754172121,0.809352153620372,0.0221482336731693
0,0.0058377352956777,0.11234392478157,0.000725154753547,0.0001906908837719,0.997818006186398,0.808971196180322,0.022611263499196
0,0.007428369958284,0.233062248692445,0.000336595446103,0.0001893533725631,0.999004791743457,0.809334707175749,0.0222065311826646
1,0.0023744075681511,0.166520542975481,0.002473304034714,0.0001016508518704,0.998902994637453,0.808718352930638,0.0308535578729838
1,0.0061722116311649,0.165553103364876,0.0008077718399145,0.0001906908837719,0.999023857035728,0.809285232183535,0.0220748758420288
0,0.007409649267865,0.132569459140793,0.0097496962994584,0.0001796086480417,0.999063143092529,0.809427277490129,0.022143129282937
0,0.0067438167119603,0.166520542975481,0.0040137811130165,0.0002289054897383,0.999016693107723,0.809256588766989,0.0220905208771062
0,0.0138345902196873,0.0809021374368897,0.0087569888616398,0.0001400565308666,0.999013688879851,0.809465815905116,0.0220598155203836
0,0.0077210367518354,0.13761828460864,0.0045349735956166,0.0001906908837719,0.999007102687975,0.809352153620372,0.0221923084235034
0,0.0194651498747274,0.0558394050246395,0.0054648191207789,0.0001906908837719,0.998861513183361,0.809196177197549,0.0219333751914403
0,0.0130632977744219,0.0980137255494755,0.0080125639537649,0.0002038749228303,0.999053668220006,0.809429230450348,0.0222140534419543
0,0.006170963585137,0.0814160897300239,0.0039375610747687,0.0001423494072245,0.99905805901459,0.809389259864532,0.0221068454440101
0,0.0257097481755127,0.123560177767028,0.0455164131781584,0.0001669978280728,0.999042113497418,0.80942844926626,0.0221286852808555
0,0.0113185294273653,0.14992290715603,0.0012522674845631,0.0001536227159846,0.998993237020869,0.809320255270128,0.0220783841226219
0,0.0116754705913554,0.11192066995193,0.0072308397922405,0.0001906908837719,0.998770693063816,0.808999188610128,0.0219734675692092
0,0.0142739024215213,0.178432143181062,0.0043468666394018,0.0001555334462829,0.998997165626549,0.809321817638304,0.0221415489763635
0,0.105719482934531,0.0129697372796807,0.0314471647587811,0.0001465530138808,0.999000747590551,0.809325723558741,0.0220779100306499
0,0.0092954468160785,0.110409045560359,0.0037024283802413,0.0001906908837719,0.999054245956136,0.809402409796673,0.0220541264167192
0,0.0110988733264483,0.0928137376424706,0.011034949765736,0.0001385279466279,0.999093647560163,0.809664757452757,0.0221992775754924
0,0.0070714287942939,0.162922876923542,0.0048495417581753,0.0001906908837719,0.994707590412815,0.805797635824477,0.0220915954855761
0,0.0152704671748294,0.0645463615200895,0.0122145009135719,0.0018633441869183,0.999031483152637,0.809457483274849,0.0220437438025315
0,0.0184916739729361,0.0681440275720289,0.0166266654443919,0.0001547691541636,0.998564094623934,0.808743741413485,0.0220133861132551
0,0.0094832777432831,0.175650754300571,0.0031907173853337,0.0001906908837719,0.999069498189953,0.809392775192927,0.0220688706770496
0,0.0079294604385009,0.128306678356562,0.0016448623242769,0.0001906908837719,0.999208385955466,0.809573489111856,0.0223177531593054
0,0.0369633792094252,0.0488557003355806,0.0211380576346598,0.0001906908837719,0.998980180184344,0.809355668948766,0.0220751128880148
0,0.0053821984954805,0.0924509477884935,0.0028157625218185,0.0004018265817359,0.999090181143386,0.809414387952683,0.0220812602805856
0,0.0823928786493646,0.0151767088913747,0.0375389583123901,0.0001906908837719,0.999180307979576,0.809615282460542,0.0220803911119702
0,0.0043319677629711,0.162862411947879,0.0071879062883836,0.0001906908837719,0.998968856556207,0.809316219152342,0.0220629761335306
0,0.0087968524279175,0.145146174078665,0.0013545390875743,0.0002206893494555,0.998972669614661,0.809317390928474,0.0220484057069232
0,0.0346339012982799,0.0456208241376183,0.0424075673562089,0.0001906908837719,0.998982144487184,0.809389259864532,0.0223504497023105
0,0.0416760010109173,0.029688303050458,0.0052301589315129,0.0001360439972401,0.99910439345217,0.809478705442562,0.0222300303414121
0,0.0096667405093899,0.167487982586087,0.0048475190563464,0.0001906908837719,0.999088563482224,0.809398894468279,0.0220819082062808
0,0.0177085250904053,0.114762523808084,0.0177098934527024,0.0001906908837719,0.999230571022836,0.809610985948061,0.0221969229186979
0,0.0097484875242198,0.158297306285334,0.0041096137533722,0.0001219045930325,0.999027438999731,0.809337962109447,0.0221413909457062
0,0.0107144751498435,0.0432929225745987,0.0002995900799997,0.0001906908837719,0.994398848225252,0.807505825029347,0.0220915954855761
0,0.0038783030318158,0.27330168999607,0.0013689170363738,0.0002512610342286,0.998953257680713,0.80928614356497,0.0222640069327417
0,0.0255256613863919,0.0343441061764973,0.0103529430827138,0.0001163634751674,0.998858624502713,0.809429490845043,0.0221423233265845
0,0.0060068455324632,0.205369289838861,0.00040911645371,0.0001906908837719,0.998560628207158,0.808752074043753,0.0220849581979676
0,0.0080180717064845,0.213290201650694,0.0068224088753423,0.000165660316864,0.998994739134806,0.809328197308352,0.0220947719017888
0,0.0057297793142611,0.173534480152372,0.0037091590346421,0.0010291193386733,0.998986419734542,0.809335358162488,0.0221051387129108
0,0.0079419408987803,0.111406717658796,0.0010378715450422,0.0001906908837719,0.998654799196253,0.808929663226332,0.0221963856144629
0,0.0073035653554903,0.210750672672854,0.0041762339832934,0.0001922194680106,0.999006293857394,0.809330410663267,0.0221097216019738
0,0.0092904546319668,0.174955407080449,0.0008264368470615,0.0001906908837719,0.999036567230576,0.809529873000299,0.022418450294167
0,0.0080030951541492,0.0754905221150648,0.0126912134655297,0.0001906908837719,0.993568756954499,0.803287040364303,0.0222342181538318
0,0.0079388207837105,0.223055295220244,0.0029154763082661,0.0014997322111486,0.998995894607064,0.809338482898839,0.0227591959975386
0,0.0071413193718584,0.146567101006742,0.0009717601968361,0.0001906908837719,0.99902859447199,0.808895551521174,0.0220752867217379
0,0.0126327218947835,0.119025304592315,0.0128549529974031,0.0002986471456268,0.998610082419836,0.808732023652171,0.0221851970439228
0,0.0374089316413989,0.0153581038183632,0.0351951685022648,0.000207696383427,0.98713855383403,0.796808420331201,0.0182889037778351
0,0.0078932671036907,0.178734468059377,0.0022652732167565,0.0001906908837719,0.998968625461755,0.80930879790351,0.0220625020415585
0,0.0208199038380535,0.0384859570094023,0.0229178020228457,0.0001983338049652,0.999019004052241,0.809167273386308,0.0220750022665547
0,0.0092617495733242,0.129213652991505,0.0049630060773228,0.0002038749228303,0.998735451159921,0.808683069449349,0.0220274034325618
0,0.0035307222130352,0.162136832239925,0.0031191935822424,0.0001906908837719,0.998452591550956,0.808360831013217,0.0218474223169093
0,0.010126021447671,0.181667019379025,0.0007096656323357,0.0001906908837719,0.999006293857394,0.809320385467476,0.0220774043325464
0,0.0109759407926964,0.109743930828068,0.0023694199365719,0.0001906908837719,0.998659883274192,0.809070666954143,0.0219317632787354
0,0.0258133359958315,0.0331952716389032,0.042993204204931,0.0007954370231891,0.999139866450516,0.809531305171126,0.0220752077064093
0,0.0130545614522264,0.106055567312634,0.004152366735191,0.0001906908837719,0.998998205551582,0.809352023423024,0.0219934268412322
0,0.0094427162473752,0.183662363575899,0.0015456375018815,0.0001906908837719,0.998999823212744,0.809322859217087,0.0220246536991239
0,0.0143069756412616,0.0772742388971188,0.0032902742594608,0.0001906908837719,0.999029749944248,0.809327416124265,0.0220929703522951
0,0.0209422123487914,0.0773347038727817,0.0042452295062578,0.0001906908837719,0.998913278340557,0.809248256136722,0.0220406622047132
0,0.0050495942290351,0.0376696798379539,0.002238198331049,0.0001906908837719,0.998916398115656,0.809308016719423,0.0219552782405486
0,0.011404644603293,0.148290352813133,0.0017641278522271,0.0001564888114321,0.998965505686657,0.809305412772464,0.0220640349389348
0,0.011783426572772,0.103757898237446,0.0020216784302437,0.0004022087277956,0.998904034562486,0.809221695877744,0.0221254614554456
0,0.0167668743623265,0.0858904979290746,0.0112389041279133,0.0001171277672868,0.998983068864991,0.809394077166406,0.0221013459771344
0,0.0135175865285912,0.118239259908698,0.0012005252047937,0.0001583995417304,0.998944707185997,0.809246823965895,0.0220490062234211
0,0.0166433178055607,0.104543942921063,0.0104531883112734,0.0001180831324359,0.999157776270528,0.809539507604046,0.0224373191546542
0,0.0983784761982022,0.0048976630286906,0.014323907030457,0.0003213848361768,0.999106011113332,0.809582342531516,0.0220323813982682
0,0.0117197762253472,0.147443843153853,0.0036233858439788,0.0001484637441791,0.999011955671462,0.809318562704605,0.0220987226682225
0,0.0029578690862119,0.119116002055809,0.0022921729047573,0.0026146433402164,0.998760524907938,0.808923804345675,0.0220009649035876
0,0.0086689277100539,0.0915137406657194,0.0004577903251964,0.0001698639235203,0.998988730679059,0.809331712636746,0.022186492895313
0,0.0073609754727754,0.162106599752094,0.0021176296244159,0.0001906908837719,0.99901819522166,0.809249167518157,0.0220485479345148
0,0.0295630902867698,0.0330138767119146,0.0191198143114484,0.0001906908837719,0.998865095147363,0.808931746383899,0.0220133703101894
0,0.0043113750035101,0.163194969314025,0.0012166832291394,0.0005951924879256,0.998993930304224,0.809347987305238,0.0220585038659277
0,0.0717376856858481,0.0275417964144269,0.0686185233245128,0.0001906908837719,0.999313533931021,0.809626609629812,0.0219987050651876
0,0.0061241618590893,0.233152946155939,0.0004589391177013,0.0001989070240547,0.998986650828993,0.809308277114119,0.0220993389877861
0,0.0539729985241856,0.0251836623635759,0.0967538341144657,0.0001060455315565,0.998999245476615,0.809316609744386,0.0220709408786609
0,0.0330064492778494,0.0339510838346888,0.0188211270359578,0.0001906908837719,0.999102775791007,0.809404623151588,0.0221095161621193
0,0.0109565960792634,0.0798137678749584,0.0036176172418477,0.0001268724918082,0.998921020004691,0.80930879790351,0.0219938061148098
0,0.0070533321268888,0.0701091392810714,0.0022516505651689,0.0003051436286411,0.998294754040398,0.808444938499981,0.0218613132116901
0,0.0087606590931073,0.15161592647459,0.0045066301782439,0.000104325874288,0.999056441353428,0.809368818880907,0.0221700577069489
0,0.0114208692016562,0.113281131904344,0.0244409865472875,0.0005170436187244,0.998882773872923,0.809257630345773,0.022066405398795
0,0.0079269643464451,0.183571666112404,0.0015646571988844,0.0001906908837719,0.998997281173775,0.809322729019739,0.0220802014751814
0,0.0196648372391974,0.103183480968649,0.0102289987499912,0.0001906908837719,0.998685303663887,0.809147092797379,0.0221639261174439
0,0.0190021247983626,0.113583456782659,0.0021842190742608,0.0001906908837719,0.998893404217705,0.809479096034605,0.0220253806401477
0,0.0075313337555889,0.149741512229041,0.0007541539381124,0.0001003133406616,0.998946902583289,0.809241616071977,0.0220348150703914
0,0.0081927981503957,0.18432747830819,0.0004211693797045,0.0001906908837719,0.999089834501708,0.809314656784167,0.0221073195359822
0,0.0060848484092093,0.166127520633673,0.0024579543371436,0.0001906908837719,0.999001094232229,0.809314135994776,0.0220573344390633
0,0.0127344376460604,0.133476433775735,0.0043929642923471,0.0001427315532842,0.999014151068754,0.809344211582148,0.0221248925450791
0,0.0507224626444223,0.0270580766091242,0.0203159212345015,0.0001906908837719,0.998889128970347,0.809132380497062,0.0220261707934345
0,0.0146427000227768,0.0982858179399583,0.0150689283217412,0.0001981427319354,0.999100118204812,0.809475971298255,0.0221360495094878
0,0.0088505184071188,0.159657768237748,0.0068287565470898,0.0001906908837719,0.998919980079658,0.809283930210055,0.0223989493110503
0,0.0127868555792338,0.0705323941107114,0.0075663924272375,0.0001906908837719,0.998744694937992,0.809260234292732,0.022032333989071
0,0.0353122143144639,0.0349487559331257,0.0629122456788767,0.0002589039554218,0.998983299959443,0.809400196441759,0.0220982643793162
0,0.0238570238470395,0.0154185687940261,0.0452167412705696,0.000141776188135,0.991504274669621,0.803509677829267,0.0220915954855761
0,0.0638144654774868,0.0198929769930768,0.0941957134810035,0.0001906908837719,0.994411905061777,0.805086237515376,0.0221450572569566
0,0.0106189996287063,0.142395017686005,0.0012773149659301,0.0003158437183117,0.998947480319419,0.809252682846552,0.022338391963155
0,0.0091294566943628,0.145539196420473,0.0029145186670302,0.0001110134303321,0.998985726451186,0.809328197308352,0.0224187505524159
0,0.0095200951011073,0.0893067690540254,0.008257205146279,0.0003238687855646,0.998999361023841,0.809335358162488,0.0230167227567513
0,0.0112168136760884,0.119841581763763,0.0008035623924412,0.0001906908837719,0.999029865491474,0.80939316578497,0.0228005842266978
0,0.0143980830013011,0.125222964597757,0.0060398902613953,0.0001906908837719,0.998940778580317,0.809311922639861,0.0241377606338395
0,0.0411318529427365,0.0358557305680684,0.0984725090436401,0.0001906908837719,0.998413305494155,0.808909873229446,0.0216817113696152
0,0.0067637854484073,0.102034646431055,0.0030179148698727,0.0001906908837719,0.997876588629922,0.807997840807182,0.0210057510358791
0,0.0250108423998677,0.072648668258911,0.041210593324985,0.0001906908837719,0.998685303663887,0.809381968813048,0.022055090403729
0,0.0082626887279602,0.13123922967621,0.0024453999524069,0.000278011258405,0.999011031293655,0.809433006173438,0.0220687758586552
0,0.0182183518928178,0.126129939232699,0.0021776823887496,0.0139831064691405,0.999062680903625,0.809388348483097,0.0220656626547055
0,0.0076835953709972,0.127278773770294,0.0032555527789016,0.0002390323603194,0.999074120078988,0.809387697496357,0.0221327782748808
0,0.0043956181103959,0.173594945128035,0.0016562651766155,0.0001906908837719,0.998274533275868,0.808913128163145,0.0221343269753228
0,0.0097722003987507,0.18305771381927,0.0009651780796215,0.0001669978280728,0.998979255806537,0.809308667706162,0.0220614748422858
1,0.0045266629433293,0.215648335701545,0.0007748455723253,0.0001568709574917,0.998993005926417,0.809230158705359,0.0222487885804392
1,0.0053503733217681,0.158750793602806,0.0007509214860139,0.0001354707781506,0.998732215837596,0.808975362495456,0.021890327640379
1,0.0034614556584846,0.2131995041872,0.0048495417581753,0.0003145062071029,0.998831008715727,0.808919638030541,0.0217457453919722
0,0.0108399037756512,0.167729842488738,0.0021823186377347,0.0003074365049991,0.998959381683685,0.809235887388668,0.0220163570896132
0,0.0127537823594934,0.0529673186806542,0.0079578465969664,0.0001326046827031,0.999005947215716,0.809419856241296,0.0220738960519533
0,0.010625239858846,0.152281041206881,0.0030796701766059,0.0001392922387472,0.999034256286058,0.809386655917574,0.0221817203694611
0,0.0239169300563805,0.0441696647217099,0.0024114960093275,0.0001906908837719,0.998953950964068,0.809341998227233,0.0442741692205869
0,0.0175025974957956,0.145327569005653,0.0133002651690744,0.0002380769951702,0.999067071698209,0.809411523611029,0.0221403637464334
0,0.0076461539901591,0.0872207273936572,0.0048801560417418,0.0001908819568018,0.998998898834937,0.809242657650761,0.0220552326313206
0,0.0178844995803445,0.100250929649001,0.0162250458047078,0.0001329868287628,0.999054823692265,0.809413736965944,0.0221614608391892
0,0.0111082336716578,0.153036853402666,0.0008639453430475,0.0001570620305216,0.999001671968358,0.809332493820834,0.0221671973520509
0,0.0151256938355887,0.127974120990416,0.0118834728331924,0.0001906908837719,0.999113290588563,0.809482481165652,0.0230065929916153
0,0.0145047909366897,0.180639114792756,0.0009906257214116,0.0001413940420754,0.999003520723973,0.80933275421553,0.0221342163538626
0,0.0925763102143207,0.0155697312331832,0.0443082606743562,0.0001671889011027,0.999131200408575,0.809365303552513,0.0221257301075631
0,0.0079463090598781,0.133264806360915,0.0013209123983636,0.000111204503362,0.998951408925099,0.809248776926114,0.0220111420779208
0,0.0107157231958715,0.0888835142243855,0.0139065891826801,0.0003252062967734,0.999045002178065,0.809531956157866,0.022155992978445
0,0.0063818833638584,0.16839495722103,0.0007283654419552,0.0001192295706149,0.998992890379191,0.809292393037671,0.02314844130965
0,0.0189696756016362,0.0552649877558424,0.0254127346769347,0.0030067251974309,0.999001325326681,0.809378974274046,0.022079332306566
0,0.0127650147737449,0.0841672461226834,0.0115303039483056,0.0001906908837719,0.999125769688958,0.809494068729618,0.0222705335988902
0,0.0122383393499552,0.129002025576685,0.0033260857316974,0.0001201849357641,0.998996934532097,0.809333405202269,0.0220597997173179
0,0.0058202626512865,0.148381050276627,0.0002954413959724,0.0001906908837719,0.998113575990211,0.807796816101975,0.0219619787404201
0,0.0407917604001236,0.0389092118390422,0.0245821894864003,0.0001906908837719,0.99899855219326,0.809346424937063,0.0221520106058799
0,0.0061453786415643,0.142636877588657,0.0049933152222924,0.0001455976487317,0.999040842477933,0.809362699605554,0.0222134845315879
0,0.0236124068255637,0.0662393808386492,0.0056660553729273,0.0001906908837719,0.998446120906306,0.80825172563565,0.0219588181272732
0,0.0054676896483942,0.122350878253771,0.0065457855513278,0.0001906908837719,0.999001671968358,0.8093660847366,0.0222627742936144
0,0.0088723592126077,0.153218248329655,0.0007277450407592,0.0001927926871001,0.99901623091882,0.809350721449544,0.0221791128636149
0,0.021150636035457,0.0793905130453185,0.0075589947545934,0.0001906908837719,0.999048584142068,0.809405274138328,0.0222719084656091
0,0.0206551617623658,0.0462557063820782,0.0077810622200505,0.0001583995417304,0.999144834981229,0.809415038939423,0.0221364603891969
0,0.0100186894892684,0.161501949995465,0.0028000687441912,0.0001906908837719,0.999058521203494,0.809349289278717,0.0221015356139233
0,0.0301165987001601,0.0746137799679536,0.0267479644938343,0.0001906908837719,0.999239005970325,0.809641061535433,0.0220955146458783
0,0.011464550812634,0.138646189194909,0.0037406338778404,0.000110058065183,0.999001671968358,0.809331973031442,0.0220860960187005
0,0.0087094892059619,0.0669044955709405,0.0009320181827035,0.0001906908837719,0.99910381571604,0.809692359290518,0.0324777495599992
0,0.0063725230186489,0.198083260271488,0.0045006337763438,0.0004610592209837,0.998981104562151,0.809337571517403,0.0222577173125793
0,0.0220130358407618,0.0708951839646884,0.0071503043834161,0.0001272546378678,0.99907180913447,0.809413997360639,0.0229793643093544
0,0.0237952455686566,0.0387882818877165,0.0058486282113418,0.0001635585135359,0.99897578938976,0.809347726910542,0.0221689514923475
0,0.0062158932421427,0.20769719140188,0.0016739575411257,0.0001203760087939,0.9990005164961,0.809347336318498,0.0231846303301825
0,0.0083144826381196,0.206457659400792,0.002685838187691,0.0003674334363662,0.998999129929389,0.809329369084484,0.0221818784001185
0,0.0059631639214854,0.182332134111316,0.0029616589561947,0.0016571763877299,0.999019466241145,0.809362048618814,0.022203765646161
0,0.0152423861392008,0.0550533603410225,0.0120877824681816,0.0001906908837719,0.998663003049291,0.808950755196697,0.0219238459428023
0,0.0070976377608806,0.204825105057895,0.0044056223266588,0.0001394833117771,0.999016808654949,0.809343560595408,0.0221000975349414
0,0.0204167849710297,0.0918160655440336,0.0070787755669034,0.0001906908837719,0.999067302792661,0.809416861702294,0.0221761102811253
0,0.0070190108611205,0.193336759681954,0.0069254261373598,0.0001906908837719,0.998082955975351,0.808143922231562,0.0228526869344251
0,0.0098152579867145,0.167034495268616,0.0008451837206612,0.0002038749228303,0.999005369479587,0.809343300200712,0.0227257409073782
0,0.0124530032667605,0.143543852223599,0.0098725022162927,0.0013073216701082,0.999006178310168,0.809354106580591,0.0222044135718562
0,0.0137160258470332,0.0480696556519636,0.006679502091895,0.000279157696584,0.999119645685987,0.809634551668036,0.0220432381044279
0,0.0090339811732256,0.121504368594492,0.0078770227415185,0.0001906908837719,0.999112712852433,0.809417903281077,0.0221534170787303
0,0.0038982717682628,0.177585633521783,0.0026638404988791,0.0001906908837719,0.997083010282548,0.807814913533337,0.0220238003335743
0,0.0312048948365216,0.0394836291078393,0.0167583215270139,0.0001906908837719,0.999280949613321,0.809602262725749,0.0221179391961559
0,0.006930399593137,0.0538742933155969,0.0116884029923425,0.0001906908837719,0.973424022499356,0.766197591661537,0.022208174701501
0,0.0202426825501324,0.0297185355382894,0.0154605025221084,0.0001927926871001,0.996685296731053,0.806782448564236,0.0220747810236344
0,0.0368142377090867,0.047102216041358,0.0113880222685659,0.0001906908837719,0.997640294552988,0.807790957221318,0.0224019993027371
0,0.0256317452987666,0.053239411071137,0.0447781556531752,0.0001906908837719,0.999086714726609,0.809424803740518,0.0220515031078072
0,0.0378619723495403,0.0291441182694924,0.0466242450383278,0.0001906908837719,0.998682646077692,0.809038117617159,0.0225965824511285
0,0.0067013831470104,0.264866825891103,0.0025076184565375,0.0002157214506799,0.998961345986525,0.809307495930031,0.0219675572226245
0,0.0072255624787442,0.128609003234876,0.0102028728777709,0.0001906908837719,0.998628338881526,0.808728508323777,0.0388526272620488
0,0.0126008967210711,0.0790277231913414,0.003195068996341,0.0001746407492661,0.998917553587915,0.809234064625797,0.0223065961948967
0,0.0128436416735049,0.0936602473017504,0.0126874132337292,0.0001906908837719,0.999124383122248,0.809644446666479,0.0230659335034491
0,0.0051307172208511,0.238776188892584,0.0014300071708911,0.0001906908837719,0.998962385911558,0.809122876090663,0.022093033564558
0,0.0124080736097547,0.0583487015146476,0.0162044488619796,0.000217823254008,0.998925988535404,0.809372594603997,0.0219808476009073
0,0.0099363184514244,0.120385766544729,0.006434647634648,0.0004509323504027,0.998973593992469,0.809319994875432,0.022192213605109
0,0.0042620771854066,0.198536747588959,0.0027016478569692,0.0001350886320909,0.998421393799967,0.808705463393193,0.0219466813727889
0,0.0118021472631911,0.140218278562143,0.0037217263415699,0.0001906908837719,0.998745157126895,0.809092800503291,0.0227773853261992
0,0.0110583118305403,0.0940230371557275,0.0080860254054062,0.0017515664644668,0.99906649396208,0.809150217533729,0.0220606056736704
0,0.0108954418238945,0.11149741512229,0.0026920686464209,0.0001906908837719,0.999019119599467,0.809298772707719,0.0221350065071494
0,0.012043644169597,0.214318106236962,0.0014577205294303,0.0001266814187783,0.999007102687975,0.80932897849244,0.02221073479815
0,0.0106901382522987,0.108746258729631,0.0044743092521542,0.0001264903457485,0.999049392972649,0.809454098143803,0.0221961643715427
0,0.0161440993943857,0.0927532726668077,0.0063291083884284,0.0001906908837719,0.99899797445713,0.809355929343462,0.0222197267425531
0,0.0152935560263463,0.0876742147111286,0.0074268196856858,0.0001906908837719,0.999237272761937,0.809561510955847,0.0234075957846334
0,0.0129871669667177,0.130150860114279,0.0024820751322377,0.0001566798844619,0.998961461533751,0.809308277114119,0.0220714939859616
0,0.0107032427355921,0.135229918069958,0.0035566333413436,0.000627674902997,0.999007449329653,0.809343560595408,0.0221855131052375
0,0.0142976152960521,0.0573812619040421,0.011749736413826,0.0001511387665968,0.998979949089892,0.809308928100858,0.0221411380966544
0,0.0140754631030792,0.111678810049279,0.0042975885340323,0.0002287144167084,0.998972091878532,0.809322338427695,0.0221301233598373
0,0.0196111712599961,0.0881277020285999,0.0119018855175552,0.0001339421939119,0.999045811008646,0.809419075057209,0.0220925752756517
0,0.0211543801735408,0.0373371224718082,0.0306859711218659,0.0001081473348847,0.999047428669809,0.809436261107136,0.0221245764837645
0,0.012242083488039,0.134353175922847,0.0023634628647693,0.0001733032380573,0.999022817110695,0.809329889873875,0.0221058656539346
0,0.0028792421864518,0.173322852737552,0.0008189946560117,0.0678863367688901,0.998728633873593,0.808869642248935,0.0220099726510564
0,0.0098839005182511,0.102306738821538,0.000671182297912,0.0001163634751674,0.998936965521863,0.809272993632829,0.0221003819901246
0,0.0074027850147113,0.161018230190162,0.0001734920163736,0.0001906908837719,0.999010106915848,0.809260104095384,0.0220877553406026
0,0.0322782144205478,0.0341022462738459,0.0129067726354323,0.0001906908837719,0.998997050079323,0.809304240996333,0.0221553292496842
0,0.0049990483649037,0.168999606977658,0.0016076475409503,0.0005865942015831,0.998993005926417,0.809240965085238,0.0221268205190988
0,0.0523492906418389,0.0194697221634368,0.0620945815227519,0.0001906908837719,0.999416948698187,0.80979547559008,0.0220985962436966
0,0.006370026926593,0.234422710644859,0.0005033355107503,0.0005342401914093,0.998973247350791,0.809307235535335,0.0220723947607085
0,0.033372750787049,0.0311394624663664,0.0435823552095177,0.0001241974693905,0.998997858909904,0.80918667279115,0.0220863172616207
0,0.0183874621296033,0.0472231459926837,0.0056979358369031,0.0001906908837719,0.998318787863382,0.808621616301125,0.021919515902791
0,0.0116024598987211,0.0696556519636001,0.0090360185502518,0.0001975695128459,0.998978100334278,0.809367777302124,0.022142591978702
0,0.0074133934059488,0.0640626417147867,0.0034916214092702,0.000887534223568,0.998819222898687,0.808999188610128,0.0222768232190526
0,0.0081903020583399,0.182453064062642,0.0032585309844612,0.0001906908837719,0.999023741488502,0.809327936913656,0.0220824771166472
0,0.0124099456787966,0.111981134927593,0.0201146853709904,0.0006949326094977,0.999045002178065,0.809385484141442,0.0221209417786455
0,0.0073665916799011,0.185748405236267,0.002442910788627,0.0001906908837719,0.998997165626549,0.809318041915214,0.0220881820233774
0,0.0171525205849592,0.103062551017323,0.0093946852153489,0.0001906908837719,0.99896596787556,0.809307626127379,0.0224924402479368
0,0.0300928858256293,0.0877346796867914,0.0249517238308057,0.0002382680682,0.998977869239826,0.809346945726454,0.022207700609529
0,0.0075837516887622,0.146446171055416,0.0003313241442947,0.0001264903457485,0.999022239374566,0.809332884412878,0.022172080499363
0,0.0183724855772681,0.0728300631858996,0.0013989040398636,0.0001906908837719,0.999109708624561,0.809368167894167,0.0221880573988208
0,0.0086246220760621,0.132115971823321,0.0023843888667219,0.0001906908837719,0.999033100813799,0.809340826451102,0.0221362391462767
0,0.01070449078162,0.16053451038486,0.0020742882456849,0.0001220956660624,0.998975558295309,0.809316739941734,0.022066468611058
0,0.0078608179069644,0.199685582126553,0.0009624755733813,0.0001421583341947,0.998939738655284,0.809246042781807,0.0221915498763481
0,0.0146969900249921,0.100009069746349,0.003942974540111,0.0002688397529731,0.999115023796951,0.809463211958158,0.0221670393213936
0,0.0077422535343103,0.203887897935121,0.0042694925231815,0.0001423494072245,0.998993930304224,0.809320515664824,0.0225972461798894
0,0.0091019996817482,0.138162469389606,0.0044313738634062,0.0001906908837719,0.998653528176769,0.808744132005529,0.0219982783824127
0,0.0302432753719957,0.0357650331045742,0.0101933303740181,0.0001906908837719,0.999006062762942,0.809425064135214,0.0220662473681377
0,0.0134183668693701,0.0623998548840584,0.0085383455047788,0.0001669978280728,0.995219349076258,0.805242604530243,0.0042820461006717
0,0.0617882627511303,0.0219185536777821,0.0336139747851426,0.0001906908837719,0.998689001175115,0.809341737832537,0.0228219025623739
0,0.0082689289580999,0.159355443359434,0.000790874646806,0.0003387724818915,0.998924948610371,0.809232762652318,0.0220193280659713
0,0.0087332020804927,0.166732170390301,0.0061278946578131,0.0001249617615099,0.998941125221995,0.809267525344216,0.0220521194273709
0,0.0122764047538073,0.0816579496326753,0.0042915207005917,0.0003198562519381,0.998961692628203,0.809339524477622,0.02207135175837
0,0.0102770350170514,0.109653233364574,0.0024299453421902,0.0001230510312115,0.99903055877483,0.80933275421553,0.0221422759173873
0,0.0169297443689723,0.106357892190948,0.0120442190998098,0.0001906908837719,0.999015884277142,0.809162065492391,0.0222260953780442
0,0.0425958109335072,0.0128185748405236,0.087722557328233,0.0002011999004127,0.998303535629565,0.808624480642779,0.0222078428371206
0,0.0090015319764992,0.117241587810261,0.0041915510741921,0.0001906908837719,0.998851576121935,0.809241095282586,0.0222698540670636
0,0.0275705848031675,0.0599510233697131,0.0214082570362834,0.0001906908837719,0.998515680336289,0.808933178554726,0.0220872180363676
0,0.0079300844615149,0.147292680714696,0.0025691167379749,0.0003649494869784,0.999044077800258,0.809366996118036,0.0221698364640286
0,0.0174944851966141,0.102336971309369,0.0050384768616689,0.0035942747641633,0.999189205115969,0.809474018338036,0.0221806141548597
1,0.0099225899451171,0.195090243976177,0.0040939591115236,0.0001906908837719,0.999054823692265,0.809409961242853,0.0221268995344275
1,0.0137035453867539,0.108655561266137,0.0140919368721731,0.0001906908837719,0.994728504460701,0.804617527062821,0.0212079038527574
1,0.0030801775969497,0.187592586993984,0.0004177825802918,0.0001979516589055,0.998886586931378,0.809074182282537,0.0219554836804032
1,0.0092386607218074,0.194787919097863,0.0022099841161554,0.0001131152336603,0.998625334653653,0.808804413377621,0.0218845911275173
1,0.013320395256177,0.108443933851317,0.0153861391403919,0.0001906908837719,0.998857006841551,0.8080470554047,0.0219375155946628
1,0.0038433577430335,0.239078513770898,0.0006866061280525,0.0001906908837719,0.9980925463951,0.807501007727473,0.0219724403699365
1,0.0124842044174589,0.119267164494966,0.0048495417581753,0.0001906908837719,0.998632614128884,0.808805975745796,0.0220339617048417
1,0.0080236879136102,0.164192641412462,0.0173312516063037,0.0001014597788406,0.998291980906976,0.808175820581805,0.0220267397038009
1,0.0084642481614721,0.175529824349246,0.0029342877150939,0.000144069064493,0.998961345986525,0.809251250675724,0.0220424321480755
1,0.0044636366189185,0.217552982434925,0.0020196098303465,0.0001494191093283,0.998960537155944,0.809208025156211,0.022069028707707
0,0.0088729832356217,0.206246031985972,0.0032394611143795,0.0004322071934792,0.998938352088574,0.809224950811442,0.0220347992673256
0,0.0144467567963907,0.0436859449164072,0.0008768510364954,0.0001048990933775,0.999006987140749,0.809383400983875,0.0221031633296939
0,0.0089403777211303,0.166883332829459,0.0019482746135179,0.0001136884527498,0.998975442748083,0.809334707175749,0.0220507445606519
0,0.0243275371995719,0.0425673428666445,0.0433752615710409,0.0001906908837719,0.998975211653631,0.809338743293535,0.0221295386464052
0,0.0095512962518057,0.0654835686428636,0.0079785824775389,0.0002304340739769,0.998986304187316,0.809099831160079,0.022076471951668
0,0.0110751604519175,0.108171841460834,0.0146778288418681,0.0001484637441791,0.999043615611355,0.809395639534581,0.0221686354310328
0,0.0093940424522856,0.189829791093509,0.0006057792800971,0.0001549602271934,0.998995779059838,0.809330540860615,0.022133062730064
0,0.0192829351546485,0.0991323275992381,0.0146384646026486,0.0001906908837719,0.999109015341205,0.809516072081418,0.0220950247508406
0,0.0153877835014555,0.179187955376848,0.0024499246236156,0.0001484637441791,0.99900640940462,0.809338222504143,0.0221333945944444
0,0.102345390498002,0.0136650844998035,0.0151372933389392,0.0002753362359874,0.999017155296627,0.809470893601686,0.0220919273499566
0,0.0081385081481805,0.186504217432052,0.0005498330520726,0.0002864184717176,0.998957879569748,0.809074963466624,0.0219663561896286
0,0.0178439380844366,0.121595066057986,0.0312183300681508,0.0002929149547319,0.99899601015429,0.809790528090859,0.0220586935027165
0,0.0089453699052421,0.156634519454606,0.0136807251191816,0.000145215502672,0.998962617006009,0.809333795794313,0.0221968281003035
0,0.0141054162077497,0.0609789279559815,0.0005337846040212,0.0028764133910857,0.99894771141387,0.809311271653121,0.0220428272247188
0,0.0348860065959233,0.0343743386643287,0.0042290692666795,0.0001906908837719,0.996005416853949,0.807230327441122,0.0219479456180477
0,0.010326332835155,0.125615986939565,0.0009648594747413,0.0001945123443686,0.998973016256339,0.809312964218644,0.0220413101304083
0,0.0048056012305733,0.18390422347855,0.0007359413825409,0.0001906908837719,0.998070707969408,0.808153947427352,0.0218090840794369
0,0.0317596512959398,0.0521510415092058,0.0266417490963942,0.0001906908837719,0.998884969270215,0.8091362864175,0.0219803419028038
0,0.0044960858156448,0.146567101006742,0.0017847655241472,0.0001906908837719,0.998987806301252,0.809382619799788,0.0220293156035157
0,0.0180791947607028,0.0836835263173806,0.0017789319612869,0.000149801255388,0.998871681339238,0.809246563571199,0.0222618735188675
0,0.0042720615536301,0.127278773770294,0.0036254053006861,0.0001906908837719,0.998993468115321,0.80932077605952,0.0220539367799303
0,0.0095824974025042,0.142334552710343,0.001755006942246,0.0001962320016371,0.998968278820078,0.809314135994776,0.0220580455770214
0,0.0118445808281409,0.137981074462618,0.0077099184071051,0.0001906908837719,0.999027438999731,0.809374807958912,0.0221586478934885
0,0.0174532996776921,0.058016144148502,0.0040791607931599,0.0001882069343841,0.999057481278461,0.809357491711637,0.0220848949857046
0,0.0103132283518616,0.154881035160383,0.0028839988029022,0.0001906908837719,0.999050895086585,0.809344602174192,0.0221147627799432
0,0.0623798365683726,0.0136348520119721,0.133884018168312,0.0001906908837719,0.999170602012601,0.809631557129034,0.0220515979262016
0,0.0102289852449758,0.162953109411373,0.0031501805690049,0.0001906908837719,0.998988268490156,0.809326895334873,0.0221007454606365
0,0.0083625324101952,0.0848625933428062,0.0024563905188378,0.0001906908837719,0.999299206075011,0.809764228226577,0.022301697244519
0,0.0065466254395462,0.199322792272576,0.0028596029303085,0.0006263373917881,0.998970820859047,0.809302678628158,0.022182621144208
0,0.0197178791953847,0.0806300450464068,0.0017847503867233,0.0001154081100183,0.999117450288695,0.809469201036163,0.0223478896056615
0,0.0136361509012452,0.0601324182967016,0.0064233840310634,0.0001543870081039,0.99898168229828,0.809377411905871,0.0221205941111993
0,0.0063369537068527,0.215134383408411,0.0010667717048168,0.0001094848460935,0.998992774831965,0.809331712636746,0.0221052809405024
0,0.0077778228461065,0.219246001753484,0.0028338982243588,0.000278011258405,0.998989770604092,0.809321817638304,0.0221191402291517
0,0.0053041956187344,0.150678719351815,0.0026369607868369,0.0015862882936624,0.999023510394051,0.809386004930834,0.0220942504006196
0,0.0151924642980833,0.112313692293739,0.0282734090609202,0.0001234331772712,0.999094687485195,0.809453447157063,0.0237412459114901
0,0.007088901438685,0.0859811953925688,0.0023716840793399,0.0001906908837719,0.998696973933701,0.808832926596818,0.018066127960173
0,0.0073722078870268,0.186625147383378,0.0013243041140384,0.0001687174853413,0.99903252307767,0.809363350592294,0.0221656170454775
0,0.0127338136230464,0.143634549687094,0.006503406283162,0.0001410118960157,0.999036798325027,0.809374677761564,0.0222257003014008
0,0.0055444444791123,0.223206457659401,0.003578753509209,0.0001906908837719,0.998665545088261,0.809037076038376,0.0224250717787098
0,0.0103556619168115,0.163497294192339,0.0027110170284744,0.0002216447146047,0.998988037395704,0.809334837373097,0.0222308995100275
0,0.0100991884580703,0.164948453608247,0.0063899311598969,0.0012243959751612,0.998988730679059,0.809333925991661,0.0220972687861749
0,0.0167306810275163,0.0555068476584938,0.0111239452456317,0.0002038749228303,0.99910046484649,0.809891040443463,0.0221786703777743
0,0.0075868718038321,0.112071832391087,0.0020782784822742,0.0001906908837719,0.999109708624561,0.809468810444119,0.0221147469768775
0,0.0233134998018727,0.0535417359494513,0.0119486725548219,0.0001324136096733,0.999456581396665,0.809602392923097,0.0241076083844177
0,0.014559080938905,0.0587417238564561,0.0030274193260312,0.0001906908837719,0.999257840168144,0.809597054831832,0.0221174651041838
0,0.0033765885285849,0.122411343229434,0.0028603010784016,0.0001392922387472,0.996589623628021,0.807305060718835,0.0071825407856187
0,0.0121565923351253,0.0943253620340418,0.0026508642094609,0.0001624120753569,0.998450742795342,0.808273859184798,0.0222494049000029
0,0.0366526157484688,0.0418417631586903,0.0047619176822452,0.0001906908837719,0.997681891554307,0.808277765105236,0.0221664230018299
0,0.0288654325571527,0.0539347582912598,0.0478919876725903,0.000129356441196,0.999074582267891,0.809433787357525,0.022117275467395
0,0.0339505960979841,0.0470417510656952,0.0163950798621743,1.0,0.998959381683685,0.809339003688231,0.0225739366579307
0,0.0115569062187013,0.161532182483297,0.0061000595586314,0.0001576352496111,0.999023972582954,0.809362569408206,0.0339848247268547
0,0.0152810755660669,0.108534631314811,0.0196009414336603,0.0001906908837719,0.99926188432105,0.809545496682051,0.0226739384578999
0,0.0114495742602987,0.107990446533845,0.0018780355871321,0.0001906908837719,0.998847300874577,0.80916024272952,0.0220060218846227
0,0.0081172913657055,0.114762523808084,0.0053833452888344,0.0001906908837719,0.999250214051236,0.809625437853681,0.0222878063497382
0,0.0065229125650154,0.214348338724794,0.0034156984453948,0.0001335600478523,0.998991041623577,0.809308016719423,0.0221708478602357
0,0.0035038892234345,0.202890225836684,0.000314243961301,0.0001469351599405,0.998836323888118,0.809067802612488,0.0222913146303313
0,0.0116417733486011,0.151494996523264,0.0086406315262348,0.0001906908837719,0.998918477965722,0.809261666463559,0.022773940257869
0,0.0139344339019223,0.074432385040965,0.0116918364088024,0.0004602949288644,0.999129236105735,0.809470763404338,0.0221405533832222
0,0.0102133846696266,0.0989207001844182,0.0023614597308298,0.0001906908837719,0.99874977901593,0.808797773312877,0.0219331065393228
0,0.0096018421159372,0.174411222299483,0.0014673859008738,0.0001434958454035,0.998987459659575,0.809326374545481,0.0221426867970964
0,0.0082552004517926,0.136560147534541,0.0019686765186039,0.00020425706889,0.999012995596495,0.809322078032999,0.022108220310729
0,0.0200380030015507,0.082141669437978,0.0072077381013755,0.0001906908837719,0.998993352568095,0.809319604283389,0.0220538103554045
0,0.0059775164508067,0.116243915711824,0.0025803765329137,0.0001906908837719,0.99894828915,0.809078478795018,0.0220000009165778
0,0.0087007528837663,0.198536747588959,0.0007033031923698,0.0001320314636136,0.998928992763277,0.809276248566527,0.0220305008334458
0,0.0077241568669052,0.13952293134202,0.0041847608416892,0.0003315117067579,0.999017155296627,0.809364652565773,0.022094882523249
0,0.0188249022623954,0.0420836230613417,0.0157826110455055,0.0001222867390922,0.998956377455812,0.809245391795067,0.0220624388292956
0,0.0142071319590266,0.104876500287209,0.0032274175545446,0.0001689085583711,0.998933152463409,0.809278201526746,0.0220549165700059
0,0.0294520141902833,0.0614928802491157,0.0254331871437369,0.0001457887217615,0.99889409750106,0.809241095282586,0.0220600841725011
0,0.0272386045597362,0.0202557668470538,0.0143044417607595,0.0001024151439897,0.999043846705806,0.80940071723115,0.0221452943029426
0,0.0091818746275362,0.18623212504157,0.0030804593824246,0.0002776291123454,0.998905767770874,0.809012468739617,0.0221008244759652
0,0.0070626924720983,0.136620612510203,0.000497501520389,0.0001906908837719,0.998868677111366,0.809165060031393,0.0219955128459092
0,0.0056867217262972,0.159567070774254,0.000748759243953,0.0001906908837719,0.99909792280752,0.808894900534434,0.0220468728095469
0,0.0174277147341194,0.0596789309792303,0.0163498075194553,0.0001906908837719,0.998706910995127,0.808552221114677,0.0219357930604977
0,0.0023581829697879,0.22680412371134,0.0004334269038194,0.0004704217994455,0.998856313558196,0.808315001546745,0.0220045521995094
0,0.0862243799551328,0.0109441605949754,0.0852287372067865,0.0001906908837719,0.999073195701181,0.809533648723389,0.0220150454351572
0,0.0422881675876206,0.0319255071499834,0.0774549912787238,0.0003494725715621,0.999181810093512,0.809414648347379,0.0221027524499848
0,0.0095288314233028,0.0812649272908667,0.005046673436633,0.0001906908837719,0.998385343065491,0.808706374774628,0.0221589481517374
0,0.0054970187300507,0.057804516733682,0.0027800878499208,0.0004033551659746,0.998985841998412,0.809301506852026,0.0226877661404177
0,0.0064143325605848,0.204976267497052,0.0009419028233266,0.0001085294809443,0.998932459180054,0.809226382982269,0.0220500334226939
0,0.0068374201640556,0.201166974030293,0.0013027567975922,0.0001906908837719,0.998989770604092,0.809326114150785,0.0220991019418001
0,0.0177191334816428,0.0942648970583789,0.0052364892506038,0.0001906908837719,0.998927259554889,0.809277420342659,0.0221061185029863
0,0.0143144639174293,0.0937207122774133,0.0011141007551308,0.0001706282156396,0.99889271093435,0.809092019319203,0.0220643351971838
0,0.0076012243331534,0.165311243462224,0.0008962293485912,0.0001356618511804,0.999002942987843,0.809315047376211,0.0220880397957858
0,0.0163843482547636,0.0892463040783626,0.0151373343401771,0.0001906908837719,0.998889822253702,0.809397462297452,0.0219830442270445
0,0.0103294529502248,0.143634549687094,0.0013892385518289,0.0001541959350741,0.999005138385135,0.80935475756733,0.0221783701195254
0,0.0152948040723742,0.0955951265229616,0.0042323408934205,0.0001847676198472,0.999108206510624,0.809394337561102,0.022055801541687
0,0.0055837579289924,0.246304078362608,0.0039800406502284,0.00012477068848,0.998893173123253,0.809168835754483,0.0220491010418155
0,0.0155968312111351,0.0617045076639357,0.0131411553959428,0.0001117777224515,0.999005600574039,0.809428058674216,0.022125856532089
0,0.0062289977254361,0.109199746047102,0.0023859988162783,0.000144069064493,0.998555890770896,0.808970675390931,0.0223390082827186
0,0.0770400092355406,0.018986002358134,0.0643477479483805,0.0001303118063451,0.999171410843183,0.809559688192975,0.022465922703634
0,0.0060336785220638,0.131088067237053,0.003131352023271,0.0001303118063451,0.999055054786717,0.809403190980761,0.0229229315616158
0,0.0078789145743695,0.201197206518124,0.005383325429467,0.0001956587825476,0.998995779059838,0.809320906256868,0.0222612413962381
0,0.0103993435277893,0.115155546149893,0.0010207006152328,0.0007270328785094,0.999094225296292,0.809386395522878,0.0223800646474974
0,0.0096186907373143,0.129183420503673,0.0016848541544829,0.0002161035967396,0.999017964127208,0.809334446781053,0.0220881030080488
0,0.0226826125347503,0.100190464673338,0.0190824331330505,0.0001906908837719,0.999030327680378,0.809195786605505,0.0221210682031714
0,0.0365821011478903,0.029113885781661,0.0740681291982865,0.0001198027897044,0.999174183976604,0.809563984705457,0.0241842374501652
0,0.0161802927291959,0.100432324575989,0.012888031805143,0.0001906908837719,0.999031714247088,0.809373766380128,0.0236180294079566
0,0.018134108785932,0.0743719200653022,0.0231548788950302,0.0001906908837719,0.998692583139118,0.809049705181125,0.0221074775666395
0,0.0084567598853045,0.129183420503673,0.0048694423988378,0.0003422117964285,0.999111788474626,0.809469070838815,0.0221692833567279
0,0.0092280523305699,0.117422982737249,0.0014865182832694,0.0013753436687282,0.999165633481888,0.809495500900445,0.0221155371301642
1,0.0188873045637923,0.101127671796112,0.0065871166646243,0.0001906908837719,0.998483327113041,0.808212275839226,0.0220226783159071
1,0.0039887551052882,0.271457508238353,0.0007406502872742,0.0059261300202289,0.998413652135833,0.808645442415796,0.0222080008677779
1,0.0023369661873129,0.19941348973607,0.0013079497501155,0.0001652781708043,0.998854695897033,0.809164539242001,0.0218961431685694
1,0.0047369586990368,0.227106448589654,0.0005906050522795,0.0001496101823581,0.998893404217705,0.809050616562561,0.02222396196417
1,0.0041179278691798,0.235692475133779,0.0020054774809054,0.0001906908837719,0.99894181850535,0.80922885673188,0.0223123959200214
1,0.0037048246339325,0.292590017232518,0.000591446763001,0.0001906908837719,0.9988340129436,0.808621225709081,0.0220641139542635
1,0.0127874796022477,0.147474075641685,0.003648236053039,0.0001320314636136,0.998992659284739,0.809302157838766,0.0220278933275996
1,0.0073672157029151,0.220334371315416,0.0020741632016251,0.0001455976487317,0.998906114412552,0.809204119235773,0.0220198021579434
1,0.0090346051962396,0.097197448378027,0.0055728112126202,0.0014280798249618,0.99906591622595,0.80932767651896,0.0220609375380508
1,0.0052461614784353,0.30537835958521,0.0016069077115039,0.0001906908837719,0.998775546047303,0.809068193204532,0.0204572108211619
1,0.0050963959550828,0.326934123409015,0.000437195869747,0.0002397966524387,0.998975673842535,0.809113241486916,0.0220673851888706
1,0.0146327156545533,0.166792635365964,0.0054580712886083,0.0029795928271948,0.998950484547292,0.808239356887596,0.0221284008256723
1,0.0039875070592603,0.199776279590047,0.0012602395826074,0.0001906908837719,0.998698707142089,0.808944505723996,0.0200585310788069
0,0.0085915488563218,0.227408773467969,0.0015135088152453,0.0004025908738553,0.998913393887783,0.809149957139033,0.0220411995089482
0,0.0126164972964203,0.0459533815037639,0.0024513028870299,0.0001182742054657,0.99898029573157,0.809247995742026,0.0220902206188572
0,0.0121721929104745,0.131390392115367,0.0051907401470446,0.0002120910631131,0.999018772957789,0.80933652993862,0.0222135319407851
0,0.0183100832758712,0.0523324364361943,0.0021199498669819,0.0001010776327809,0.998985495356735,0.809346815529106,0.0221414383549034
0,0.0061821959993884,0.0815974846570124,0.002362662116422,0.0003544404703377,0.998954990889101,0.808847508699787,0.0220740540826106
0,0.0109634603324171,0.106629984581431,0.0111662465725817,0.0001341332669418,0.999023857035728,0.809368949078255,0.0220693131628902
0,0.0107562846917794,0.166218218097167,0.0007688129299946,0.0001482726711493,0.998993237020869,0.809328848295092,0.0221095161621193
0,0.0137509711358155,0.13018109260211,0.0158414736857547,0.0001906908837719,0.999011840124236,0.809078218400322,0.0220681279329601
0,0.0108280473383858,0.176527496447683,0.001338327955938,0.0001345154130014,0.998993699209772,0.809330410663267,0.022090236421923
0,0.0568029428925339,0.0261511019741814,0.0204311818548034,0.0004199785195699,0.998851460574709,0.809135635430761,0.0220963838144938
0,0.0058421034567754,0.0858904979290746,0.0060107063575086,0.0001859140580262,0.998987690754026,0.810081388966139,0.0220977112720155
0,0.016036767435983,0.160141488043051,0.0197198722282814,0.0002013909734425,0.999073657890084,0.809435740317744,0.0225591607914687
0,0.0253571751726204,0.0361882879342141,0.01569156276382,0.0023595608453911,0.999081977290348,0.809475971298255,0.0222130104396158
0,0.0097141662584516,0.157329866674729,0.0184739100928609,0.0001906908837719,0.998788949525505,0.808955442301223,0.0220990703356686
0,0.0054396086127656,0.110136953169876,0.0015013338765623,0.0001331779017926,0.998949213527807,0.809331191847355,0.022044960638593
0,0.0342357746153678,0.0423254829639931,0.0118252923680423,0.0001906908837719,0.999046388744776,0.809369079275603,0.0223013179709413
0,0.0043993622484797,0.135622940411766,0.0083426067219308,0.0001906908837719,0.998992312643062,0.809269348107087,0.0220701665284399
0,0.0091275846253209,0.143967107053239,0.0024492697308569,0.0002516431802882,0.998948058055548,0.809300335075895,0.0220881820233774
0,0.0129359970795723,0.0856788705142546,0.0028303068268257,0.0002946346120004,0.999031598699862,0.809326114150785,0.0221386886214655
0,0.011704175649998,0.148260120325302,0.0076023597041783,0.0001906908837719,0.998909696376555,0.809241485874629,0.0220211454185308
0,0.0097360070639405,0.167427517610424,0.0037871897730572,0.0001906908837719,0.998999245476615,0.809326765137525,0.0221317826817395
0,0.0073772000711386,0.0920276929588536,0.0034609566222832,0.0001906908837719,0.999272514665832,0.809707722577574,0.0221409010506684
0,0.0061840680684303,0.208301841158509,0.002630544131964,0.001063512484043,0.998958226211426,0.809307495930031,0.0220512502587554
0,0.0186557920256099,0.0790579556791728,0.0024659113949234,0.0001215224469729,0.999113406135789,0.809470763404338,0.0222678312746495
0,0.0209896380978531,0.0344952686156544,0.010047014289057,0.0001482726711493,0.998984686526153,0.809353455593851,0.0220849265918361
0,0.0077996636515954,0.184690268162167,0.0009362206735687,0.0001358529242103,0.999019004052241,0.80935540855407,0.0221897167207229
0,0.0147905934770874,0.116183450736161,0.0054277581601061,0.0001906908837719,0.999059098939623,0.809406966703851,0.0221228539495994
0,0.0156629776506158,0.0523324364361943,0.0048649934536121,0.000127063564838,0.999043037875225,0.809309709284946,0.0230128352025805
0,0.0070714287942939,0.195936753635457,0.0035992405453013,0.0001438779914632,0.999017848579982,0.809354627369982,0.0220680331145657
0,0.0063275933616431,0.24781570275418,0.0029599706184895,0.0001906908837719,0.998987690754026,0.809312183034556,0.0223361321247549
0,0.0116336610494195,0.171478670979835,0.0037876861600823,0.000159928125969,0.998996587890419,0.80934343039806,0.0221558823569849
0,0.0088885838109709,0.190827463191946,0.0022722639278242,0.000125917126659,0.998984455431702,0.809334056189009,0.0221168645876859
0,0.0175974489939189,0.0533301085346313,0.0274035359687563,0.0002594771745113,0.999049161878197,0.809603174107185,0.0220760452688932
0,0.0063569224432997,0.11509508117423,0.0011468427308999,0.0001906908837719,0.999040842477933,0.809311792442513,0.0220736590059673
0,0.0088704871435658,0.0776974937267588,0.0049111215951557,0.0001906908837719,0.999182041187964,0.809496151887185,0.0220717152288819
0,0.0094539486616266,0.123409015327871,0.0108168978565902,0.00018151937834,0.99834605700869,0.808506652042901,0.0219939483424014
0,0.0144417646122789,0.0868881700275115,0.0076155059641312,0.0001956587825476,0.998952102208454,0.809311922639861,0.0834548365211567
0,0.0229397100165054,0.0953834991081416,0.0235805071885078,0.0001906908837719,0.998620135028488,0.808882401589033,0.0222581439953541
0,0.0432660116505097,0.0307464401245579,0.0272750467751158,0.0009123737174461,0.999055748070072,0.809502401359885,0.0222294930371771
0,0.0049965522728478,0.137285727242495,0.0023594178886126,0.0001906908837719,0.999408282656246,0.809712539879448,0.0224657330668452
0,0.0147525280732353,0.0864044502222088,0.0025721382571645,0.0001906908837719,0.99903448738051,0.809341737832537,0.0240646556517507
0,0.0204785632494126,0.0788160957765214,0.0049191445269623,0.0001906908837719,0.999067071698209,0.809380276247525,0.0221217793411294
0,0.0146214832403019,0.0687486773286574,0.0060354665775958,0.0001906908837719,0.999325781936964,0.809615152263195,0.0221881522172152
0,0.0061403864574525,0.206699519303443,0.003202130750312,0.0001778889907732,0.998990001698544,0.809327155729569,0.0221301707690345
0,0.0021522553751782,0.205187894911872,0.0004180213396333,0.0001087205539742,0.998828004487854,0.809147353192075,0.0221426235848335
0,0.009306055207316,0.145206639054328,0.003829275853224,0.0001906908837719,0.999011146840881,0.809285101986187,0.0222203430621167
0,0.0212355031653567,0.0461650089185839,0.0448441431620972,0.0001897355186228,0.999140213092194,0.809441989790445,0.0220576346973123
0,0.0148860689982247,0.163467061704508,0.0019875907588683,0.0001446422835825,0.998985495356735,0.809319734480737,0.0220624230262299
0,0.0143675058736166,0.100371859600326,0.0024449749580586,0.0001906908837719,0.998969549839563,0.809314526586819,0.0220524196856198
0,0.0206589059004496,0.0360068930072256,0.0134252244476068,0.0001906908837719,0.998918593512948,0.809255416990858,0.0220575398789179
0,0.0209091391290511,0.0350696858844514,0.0064427451265257,0.0002134285743219,0.999085443707125,0.809437823475311,0.0222022485518505
0,0.0116174364510563,0.140460138464794,0.0046666632759355,0.000483414765474,0.998999129929389,0.809353455593851,0.0220840258170892
0,0.0087906121977778,0.139220606463706,0.0005272244642474,0.0001906908837719,0.998996125701516,0.809377281708523,0.0220620279495865
0,0.0183625012090446,0.0522417389727,0.00704668949435,0.0001906908837719,0.998799348775835,0.808933048357378,0.0251371623139677
0,0.0435867594796896,0.0252441273392387,0.0431282137807468,0.0001906908837719,0.999034025191606,0.809471544588425,0.0221212262338287
0,0.0246351805454585,0.0575324243431992,0.0480065803419193,0.0001713925077589,0.999124152027796,0.809395248942537,0.0221161218435964
0,0.0050009204339456,0.127490401185114,0.0009232266039928,0.0001906908837719,0.99851001852222,0.808623699458692,0.022397953717909
0,0.0060224461078124,0.199443722223902,0.0008442098732488,0.0001383368735981,0.998947480319419,0.809285101986187,0.0220831566484738
0,0.0224929095385038,0.0838649212443692,0.01234488827021,0.0001906908837719,0.998837363813151,0.809142275495505,0.0220381021080642
0,0.0046963972031288,0.179127490401185,0.0011077894404052,0.0001784622098627,0.998784443183696,0.809043976497816,0.0221106539828522
0,0.007269244089722,0.161925204825105,0.0003338916184958,0.0001318403905838,0.999040149194578,0.809345383358279,0.0221454523336
0,0.0130333446697514,0.116909030444115,0.0051641485318524,0.0001906908837719,0.99882026282372,0.809126131024361,0.0220066224011206
0,0.005931338747773,0.21341113160202,0.0012766310030994,0.0001635585135359,0.998896408445578,0.809254505609423,0.0219572062145682
0,0.0119912262364236,0.0783323759712187,0.0073850875375322,0.0001906908837719,0.998990579434674,0.809318823099301,0.0221037480431261
0,0.0035981166985438,0.150194999546513,0.0019522730114911,0.0001058544585267,0.99845444030657,0.808725643982122,0.0214745805870305
0,0.0210557845373337,0.0695649545001058,0.0196923809759742,0.0001906908837719,0.995221660020775,0.802718208151187,0.0219424303481063
0,0.0093746977388526,0.101823019016235,0.0081836068165713,0.000159928125969,0.999168522162536,0.80949263655879,0.022177975042882
0,0.0094483324545009,0.166218218097167,0.0027576207455142,0.0002902399323142,0.998970936406273,0.8092968197475,0.0220558173447528
0,0.0072124579954508,0.146778728421562,0.0026724013436092,0.0003668602172767,0.999105433377203,0.809382749997136,0.0222127101813669
0,0.0121740649795164,0.117846237566889,0.0052172616909269,0.0002333001694244,0.999013111143721,0.809192922263851,0.0220944084312769
0,0.0111132258557696,0.122562505668591,0.007892749495023,0.0001906908837719,0.998949097980581,0.809307756324727,0.022059673292792
0,0.0078826587124533,0.136197357680564,0.0044231244726295,0.0001083384079145,0.999035642852768,0.809167533781004,0.0221445357557874
0,0.0156336485689592,0.0678114702058832,0.0160042470069391,0.0001906908837719,0.998508285313832,0.808754027003972,0.0220494013000645
0,0.0094302357870958,0.123983432596668,0.0036782595301418,0.0002172500349185,0.999099309374231,0.809416340912902,0.0221045381964129
0,0.0099038692546981,0.124467152401971,0.0035850617148359,0.000451696642522,0.999158700648335,0.809537554643827,0.0221140990511823
1,0.0065840668203843,0.23445294313269,0.0012276288107997,0.0001027972900494,0.998496152855114,0.808709890103023,0.0217403249404252
1,0.0066776702724796,0.102639296187683,0.0140344528062481,0.0016380690847468,0.99880847700668,0.809148655165554,0.0220734219599812
1,0.0059263465636612,0.156241497112797,0.0008692770585282,0.0010428765968211,0.999038184891738,0.80935228381772,0.0221991037417693
1,0.0054165197612487,0.249962209390211,0.0020577024093704,0.000376796014828,0.998481247262975,0.808353800356428,0.022041088887488
1,0.0083625324101952,0.185718172748435,0.0012986244363326,0.0005158971805454,0.999028132283086,0.809312834021296,0.0221261883964694
1,0.0087132333440457,0.127248541282462,0.0008877080477091,0.0001689085583711,0.998965043497753,0.809244480413632,0.0220305640457087
1,0.003952561770478,0.147141518275539,0.0016270354912517,0.0001375725814787,0.998744232749088,0.809335618557184,0.0221513152709876
0,0.0071076221291041,0.249387792121414,0.0003556035617135,0.0004822683272951,0.998892942028801,0.809181204502537,0.0220385129877733
0,0.016476703660831,0.0298696979774466,0.0040233745671227,0.0001295475142258,0.998986419734542,0.8093818386157,0.0220896517084908
0,0.0109004340080062,0.1065997520936,0.0050338354049436,0.0002310072930664,0.99901623091882,0.809367907499471,0.0221380723019019
0,0.0068973263733966,0.186080962602413,0.0002610300674315,0.0001501834014476,0.998977638145374,0.809310490469033,0.0220725527913658
0,0.0107169712418994,0.184387943283853,0.0008429901544318,0.000125917126659,0.998990579434674,0.809329238887136,0.0220942345975538
0,0.153293749473481,0.0231580856788705,0.0504009129221379,0.0003431671615776,0.999035411758317,0.809082254518108,0.0221009034912939
0,0.0097559758003875,0.0768812165553103,0.0074143730506478,0.0001820925974295,0.998946093752708,0.809734282836552,0.0220771198773632
0,0.0076567623813966,0.18348096864891,0.01230223314727,0.0001952766364879,0.998807090439969,0.809131469115627,0.0218752357126023
0,0.0071250947734952,0.212473924479245,0.0011543989870049,0.0004620145861329,0.998971283047951,0.8093125736266,0.0221775799662386
0,0.0130988670862181,0.0889742116878798,0.0045047151095225,0.0003859675202599,0.998945516016579,0.809246823965895,0.0220104625460942
0,0.0152492503923545,0.110106720682045,0.0068771227732685,0.0001906908837719,0.998972322972984,0.809264010015822,0.022044960638593
0,0.006009965647533,0.158781026090637,0.0025925637525363,0.0001906908837719,0.998687730155631,0.808638672153704,0.0219503476840394
0,0.0043875058112143,0.245669196118149,0.0035801288189796,0.0013715222081316,0.998930148235536,0.809224560219398,0.022018695943342
0,0.0086040293166012,0.0786951658251957,0.0032011164457538,0.0001383368735981,0.998933730199538,0.809348638291977,0.0220262182026317
0,0.0183905822446732,0.0623091574205641,0.0109749773716014,0.0001001222676317,0.998771270799945,0.808103561053703,0.021951264261852
0,0.0074133934059488,0.180276324938779,0.0042243541826127,0.000130502879375,0.999067302792661,0.809365173355165,0.0221133088978956
0,0.0062009166898075,0.224083199806512,0.0046916172705936,0.0001001222676317,0.999029403302571,0.809343690792756,0.0221505093146351
0,0.0078757944592996,0.217734377361913,0.0014136161196045,0.0001039437282284,0.998953950964068,0.809273774816917,0.0221307080732695
0,0.0049940561807919,0.161925204825105,0.001581893206014,0.0001213313739431,0.997320113190062,0.807302977561268,0.021614532537177
0,0.0105890465240358,0.103939293164435,0.0033711521160652,0.0002113267709938,0.999075160004021,0.809423501767038,0.0223664266017683
0,0.0309921029887582,0.0800253952897784,0.0180577450988489,0.0001906908837719,0.99869420080028,0.808958697234921,0.0221049332730562
0,0.0081971663114935,0.165190313510899,0.0013339652104713,0.000125917126659,0.998917553587915,0.809087592609374,0.0220459246256028
0,0.019033949972075,0.0602231157601959,0.0088170189101218,0.0001906908837719,0.999429196704131,0.809726470995676,0.0221848019672794
0,0.0067737698166308,0.1936693170481,0.0067878743682009,0.0002449556242441,0.998986650828993,0.809338352701491,0.0220756817983813
0,0.0446563349256321,0.0246697100704417,0.0786874227530119,0.0003219580552663,0.999133973541996,0.809404623151588,0.0220819714185437
0,0.0090558219787145,0.191613507875563,0.0007986601600699,0.000145215502672,0.998992890379191,0.809328457703048,0.0221871566240739
0,0.0246189559470953,0.0826253892432808,0.0054900584918258,0.0001906908837719,0.998769190949879,0.8090450180766,0.0219234824722904
0,0.0251113101051167,0.0311999274420292,0.0335590462622529,0.000334759948265,0.999067071698209,0.809450322420712,0.0221039376799149
0,0.0140267893079897,0.11594159083351,0.0119526011146676,0.0008380463088416,0.998991966001384,0.809352804607111,0.0220851794408878
0,0.0773226916608685,0.0144813616712519,0.117666342481861,0.0001906908837719,0.998846723138447,0.809203598446381,0.0220309591223521
0,0.0428148430114103,0.0340720137860144,0.0950509578755648,0.0001906908837719,0.999106819943913,0.809414518150031,0.0220943294159482
0,0.0039675383228133,0.159990325603894,0.0014753966489002,0.0001906908837719,0.998791607111701,0.808974451114021,0.0225053513526421
0,0.0054302482675561,0.197085588173051,0.0011005652943274,0.0002161035967396,0.998891439914865,0.809190839106284,0.0220541896289821
0,0.0150171138311581,0.118995072104483,0.0088364465597262,0.0001906908837719,0.998746774788057,0.809075744650712,0.022041863237709
0,0.007189993166948,0.160957765214499,0.0007740688417648,0.0001578263226409,0.999014613257658,0.809323119611783,0.0220702139376371
0,0.0126976202882362,0.151706623938084,0.0082551773921648,0.0001906908837719,0.998953835416842,0.809189927724848,0.0221723333484147
0,0.0100311699495477,0.102820691114672,0.0040824744510278,0.0001906908837719,0.99858974610808,0.808847118107743,0.0220170682275713
0,0.0034976489932948,0.155394987453518,0.0046930923629978,0.0001201849357641,0.998435952750428,0.808559381968813,0.0218571095962046
0,0.0086308623062018,0.119720651812438,0.0023151826828946,0.000110058065183,0.999146914831295,0.809484824717915,0.0220832988760654
0,0.0155887189119535,0.0969253559875442,0.0142161756948298,0.0006433428914431,0.998963656931043,0.809301376654678,0.022107272126785
0,0.0072630038595823,0.142667110076488,0.0038595009748036,0.0002548914217954,0.998871103603109,0.809120402341053,0.0219942327975846
0,0.0105628375574491,0.116939262931947,0.0027592463571549,0.0004396590416426,0.998977984787052,0.809151649704556,0.0220644616217097
0,0.0132448884714868,0.120869486350032,0.0062077694803419,0.0001906908837719,0.999001556421133,0.809312834021296,0.0221653009841628
0,0.0058995135740606,0.113432294343502,0.0016794553407678,0.0001318403905838,0.999001325326681,0.809471544588425,0.0220180006084496
0,0.0063637866964533,0.142455482661668,0.002340223129926,0.0003024686062235,0.999008951443589,0.80942402255643,0.0220274350386932
1,0.0083569162030695,0.172687970493092,0.0014635306768916,0.0001906908837719,0.998744810485217,0.808965207102317,0.0220335350220668
1,0.0007194985351059,0.331892251413369,0.0013866826784519,0.0001948944904282,0.997789234927153,0.802967405875129,0.0213782925075089
1,0.0076723629567458,0.182785621428787,0.0040199604076423,0.0001906908837719,0.999011146840881,0.809281977249836,0.0789097009821337
1,0.0080168236604566,0.146022916225776,0.0013504565496199,0.0001906908837719,0.998811134592875,0.809142926482245,0.0220308010916947
1,0.0025871994159144,0.276113311364392,0.0048495417581753,0.0001906908837719,0.99778287982973,0.806762918962046,0.0219561948183612
0,0.006449901872381,0.27798772560994,0.0002093946240632,0.0004790200857879,0.998897101728933,0.80916649220222,0.0219990211265023
0,0.0075213493873654,0.201408833932944,0.0008766674247905,0.0005348134104988,0.998978909164859,0.809322859217087,0.0221221744177728
0,0.0183575090249328,0.0600114883453759,0.0112089627893094,0.0003771781608876,0.998947480319419,0.809312703823948,0.0220950247508406
0,0.0126283537336857,0.0778788886537473,0.0129054048846576,0.000169099631401,0.998979602448214,0.809398113284192,0.0221488974019302
0,0.0110289827488838,0.208090213743689,0.0012595053495385,0.0005294633656635,0.998780052389112,0.807789264655795,0.022289070594997
0,0.0069247833860112,0.181485624452036,0.0048009140373715,0.0002140017934114,0.998955221983553,0.809284450999447,0.0220210980093336
0,0.0262270632540928,0.0850742207576261,0.0162528381149199,0.0067945569408137,0.999007102687975,0.809386004930834,0.0220975216352266
0,0.0573502110757845,0.020406929286211,0.0659448501069573,0.0001906908837719,0.999145990453488,0.809574660887988,0.0222275018508946
0,0.0335112838961501,0.0421440880370046,0.0722552850936726,0.0002283322706488,0.999156505251044,0.809454098143803,0.022109294919199
0,0.0046801726047656,0.152825225987847,0.0029060198488174,0.0002021552655618,0.998965159044979,0.809322338427695,0.0223498807919441
0,0.0066233802702643,0.155001965111709,0.0002714167497528,0.0001377636545086,0.998989423962415,0.809326895334873,0.0220528779745261
0,0.0111487951675658,0.178220515766242,0.0008569808649993,0.0001142616718393,0.998925179704823,0.809261145674167,0.0221152368719152
0,0.0109921653910596,0.111255555219639,0.0083557193258912,0.0001906908837719,0.998874570019886,0.809265572383997,0.0222358932787997
0,0.0097216545346192,0.111527647610122,0.001764790129095,0.0001906908837719,0.999142524036712,0.809460998603243,0.0221350065071494
0,0.0111257063160489,0.114641593856758,0.0008042963728959,0.0020607226267344,0.998976251578664,0.809335488359836,0.0220737222182302
0,0.0122657963625699,0.113462526831333,0.0133479337329567,0.0001003133406616,0.999049508519875,0.809402279599325,0.0221372031332865
0,0.0060860964552372,0.141941530368534,0.0017051109035275,0.0002975007074478,0.998986419734542,0.80935098184424,0.0221011563403456
1,0.0026726905688281,0.218671584484687,0.0002496812162494,0.0001299296602855,0.998854926991485,0.809108554382391,0.0220334876128696
1,0.0090583180707704,0.200925114127642,0.001461196715428,0.0001906908837719,0.998987113017897,0.809293955405846,0.022047346901519
1,0.0062770474975117,0.214983220969254,0.0004407137759617,0.0003657137790977,0.998985148715057,0.808830713241904,0.0220725211852344
1,0.0117266404785008,0.114943918735073,0.0015175909645624,0.0001906908837719,0.998947942508322,0.809228726534532,0.0220127697936914
1,0.0064860952071912,0.214439036188288,0.0013734294849387,0.0001455976487317,0.99892610408263,0.809209457327038,0.0220626758752816
1,0.0156611055815739,0.126885751428485,0.0088828592032245,0.0020570922391676,0.998934770124571,0.809085639649155,0.0221021519334869
0,0.0061116813988099,0.250506394171176,0.0002511949586357,0.0008972789480894,0.998941587410899,0.809268176330955,0.0221993407877553
0,0.0076854674400391,0.199020467394262,0.0009401605233287,0.0005321383880811,0.9989875752068,0.80932767651896,0.0221258091228918
0,0.0168061878122065,0.0642138041539438,0.0159619851655415,0.0004211249577489,0.99893003268831,0.809229637915968,0.0220623756170327
0,0.0077747027310367,0.0887323517852284,0.0014172128026053,0.0001587816877901,0.998965043497753,0.809352544212415,0.0220576030911808
0,0.0124186820009922,0.100250929649001,0.0098325325189824,0.0010705821861467,0.9990103380103,0.809370641643778,0.0221132930948299
0,0.0638862281240932,0.0207092541645252,0.0848974788004955,0.0001906908837719,0.999086830273835,0.809666189623584,0.0221270891712163
0,0.0323025513180926,0.0415394382803761,0.0698014979396931,0.0001136884527498,0.999040958025159,0.809425975516649,0.0220868861719872
0,0.0098314825850777,0.196571635879917,0.0021175712122257,0.000106618750646,0.998972322972984,0.809361788224119,0.0221407588230768
0,0.0119799938221722,0.1240136650845,0.0110057978078376,0.0001906908837719,0.998955453078005,0.80936738671008,0.0221294122218793
0,0.0100012168448772,0.101188136771775,0.0036012859241182,0.0001287832221065,0.999116525910888,0.809413736965944,0.0221016620384491
0,0.0097815607439602,0.128125283429573,0.0021232179571232,0.0051738755017816,0.998968741008981,0.809322729019739,0.0220932548074783
0,0.0474575742353378,0.0344045711521601,0.122754519586764,0.0001906908837719,0.999061640978593,0.809406576111807,0.0220826035411731
0,0.0066439730297253,0.138071771926112,0.0014422324769716,0.0002315805121559,0.998955568625231,0.809302939022853,0.0220632605887138
1,0.0077310211200589,0.179974000060465,0.0048495417581753,0.0001906908837719,0.999017964127208,0.809323640401175,0.0220360003003215
1,0.0096711086704877,0.167427517610424,0.000200565755601,0.0001906908837719,0.998929339404955,0.809559167403584,0.0221159480098733
1,0.0103731345612026,0.154760105209058,0.0002803085191663,0.0001906908837719,0.998505743274863,0.806224032138955,0.0219709390786917
1,0.0077372613501986,0.213078574235874,0.0001100019103428,0.0001906908837719,0.998813098895715,0.808588806569446,0.0220064485673976
1,0.0134876334239207,0.153792665598452,0.0048495417581753,0.0001906908837719,0.998644168851472,0.808429705410273,0.0219988630958449
1,0.0049647270991354,0.188953048946398,0.0004692010280089,0.000449403766164,0.999036567230576,0.809324161190566,0.0220859853972403
0,0.012262052224486,0.0997974423315294,0.0012901142699099,0.0001906908837719,0.998793918056218,0.809315307770907,0.0218818413940794
0,0.0356036330619873,0.050881277020286,0.0008601026137554,0.0001906908837719,0.999045002178065,0.809405925125068,0.0220404251587272
0,0.0072605077675264,0.12253227318076,0.0001636830823017,0.0001906908837719,0.99900837370746,0.809240574493194,0.0220693763751531
0,0.0097372551099684,0.152371738670375,0.0002622406338395,0.0001906908837719,0.998919980079658,0.808776551145164,0.0228937274961381
0,0.0099063653467539,0.167850772440064,0.0003530189486062,0.0001906908837719,0.999124845311151,0.80930879790351,0.0220720312901966
0,0.0088155731183366,0.191220485533755,0.0007476717784182,0.0001906908837719,0.998965043497753,0.809329238887136,0.0222773447202218
0,0.0098714200579717,0.145418266469148,0.0005769348314832,0.0001906908837719,0.99893061042444,0.809215055812999,0.0219676204348874
0,0.0086414706974393,0.199232094809082,0.000348768791373,0.0001906908837719,0.999130738219671,0.809514119121199,0.0221195669119266
0,0.0083138586151057,0.195301871390997,0.0048495417581753,0.0001906908837719,0.998850767291353,0.809063115507962,0.0219311469591717
0,0.0103937273206636,0.0998881397950237,0.000494768894756,0.0001906908837719,0.998793340320089,0.809313354810688,0.0214176737473198
0,0.0137821722865139,0.0897300238836654,0.0030691250662785,0.0001906908837719,0.998519608941969,0.810733807876627,0.021980926616236
0,0.012922268573265,0.122139250838952,0.0011887698001045,0.0001906908837719,0.999165517934663,0.809514379515895,0.0221361443278823
0,0.0080361683738896,0.162408924630408,0.0009719881131962,0.0001322225366435,0.998905536676423,0.809266223370737,0.0219167029570902
0,0.026023631751539,0.0970462859388699,0.0001756385186228,0.0001906908837719,0.999087176915513,0.809439255646138,0.0221417228100866
0,0.0089191609386554,0.185446080357953,0.0005942505675604,0.0001906908837719,0.999119299044309,0.809411133018985,0.0220770882712317
0,0.0061984205977516,0.208301841158509,0.0001984743621247,0.0001906908837719,0.999042575686322,0.809367907499471,0.0221683035666524
0,0.0111781242492223,0.140550835928289,0.0005556540036517,0.0001906908837719,0.999084865970995,0.809457353077501,0.0220762823148792
0,0.0075562946761476,0.191885600266046,0.0018010633024754,0.0001906908837719,0.998995432418161,0.809338873490883,0.0220639085144089
0,0.0078427212395593,0.170360068930072,0.000925429652973,0.0001906908837719,0.999308912041985,0.809703426065092,0.0221153632964411
0,0.0106214957207622,0.165946125706684,0.0005949080641891,0.0001906908837719,0.999126347425088,0.809474799522124,0.0220604950522102
0,0.009226180261528,0.170692626296218,0.0004459183681729,0.0001906908837719,0.998978215881504,0.809250599688985,0.0222569429623583
0,0.0117759382966044,0.18432747830819,0.0004008895067389,0.0001906908837719,0.999015075446561,0.809352153620372,0.0220786527747394
0,0.011224301952256,0.117271820298092,0.0116475398955463,0.0003118311846852,0.999075506645699,0.809490553401224,0.0269638702883732
0,0.0068998224654525,0.13335550382441,0.0036357697723842,0.0001906908837719,0.99907042256776,0.809419205254557,0.0220576979095752
0,0.0335487252769882,0.104453245457569,0.0009328060865872,0.0001906908837719,0.999045811008646,0.809376240129739,0.0220359370880585
0,0.0140086926405846,0.107476494240711,0.0058706631121777,0.0001045169473179,0.999004560649006,0.80935228381772,0.0221040957105723
0,0.0100536347780506,0.166187985609336,0.0048495417581753,0.0001906908837719,0.999197177874555,0.809568541612635,0.0220743543408596
0,0.0096080823460769,0.1730809928349,0.0008487504980197,0.0001906908837719,0.999090643332289,0.809432094792002,0.0220281303735856
0,0.0064985756674706,0.148290352813133,0.0024570007765995,0.0001079562618548,0.999023048205147,0.809364782763121,0.0221208627633168
0,0.0074177615670465,0.203736735495964,0.0018073729460605,0.00012477068848,0.998980873467699,0.809307495930031,0.0220172262582286
0,0.009245524974961,0.16902983946549,0.0044538039695394,0.0003508100827709,0.998991966001384,0.80934095664845,0.0221606864889682
0,0.008427430803648,0.177646098497445,0.0023758474149944,0.0001341332669418,0.99898029573157,0.809325853756089,0.0220720945024595
0,0.0093522329103497,0.180336789914442,0.0015896526417133,0.0001906908837719,0.999277136554867,0.809611376540105,0.0221869669872851
0,0.0146083787570086,0.109381140974091,0.0013811752988997,0.0001906908837719,0.998886471384152,0.809413085979204,0.0219722507331477
0,0.0113959082810974,0.123771805181848,0.000609311701916,0.0001906908837719,0.999233459703483,0.80961671463137,0.022163562646932
0,0.0088143250723086,0.184932128064818,0.0048495417581753,0.0001906908837719,0.999141484111679,0.809419205254557,0.0222860838155731
0,0.0090383493343234,0.179369350303836,0.002222043415802,0.0001906908837719,0.99902408813018,0.809360486250639,0.0221499720104001
0,0.0091288326713489,0.190555370801463,0.0006517246649379,0.0001906908837719,0.999138710978257,0.809667491597063,0.022144978241628
0,0.0081890540123119,0.178039120839254,0.0010040322129183,0.0001906908837719,0.999095611863003,0.809410742426941,0.0222013003679064
0,0.0083219709142873,0.201771623786921,0.0041906103581118,0.0001906908837719,0.999044424441936,0.809381968813048,0.0221301233598373
0,0.0109553480332355,0.157057774284246,0.0111473389002881,0.000314315134073,0.999025128055213,0.809349028884021,0.022392296220376
0,0.0090083962296529,0.235541312694622,0.0029802102480599,0.000180372940161,0.998902647995776,0.80925528679351,0.0292729668443305
0,0.0282064642544017,0.0569882395622336,0.0055738270911595,0.0001079562618548,0.999154194306526,0.809507869648498,0.0383722772759769
0,0.0094308598101098,0.15076941681531,0.0006210084029371,0.0002485860118109,0.99904569546142,0.809404883546284,0.022163736480655
0,0.0095931057937416,0.0900323487619796,0.0011006177992302,0.0001906908837719,0.998954297605746,0.809274686198352,0.0220964470267567
0,0.0204642107200914,0.042174320524836,0.0282044175797839,0.0001906908837719,0.99911814357205,0.809438344264703,0.0221072405206535
1,0.0091631539371172,0.199655349638722,0.0006341467929841,0.0001906908837719,0.998863015297297,0.809027050842585,0.0219690269077378
1,0.0087469305868,0.189104211385555,0.0001547497092624,0.0001906908837719,0.998898488295644,0.809139280956503,0.0224105961704968
1,0.0073428788053703,0.231490159325211,0.0001193379310841,0.0001906908837719,0.999170948654279,0.809536903657087,0.022184406890636
1,0.0051631664175774,0.185687940260604,0.0048495417581753,0.0001906908837719,0.998977407050923,0.809229117126576,0.0220898887544768
1,0.0080773538928115,0.193276294706291,0.0019239022534824,0.0001906908837719,0.999087408009965,0.809258541727209,0.0220611429779054
1,0.0078133921579027,0.199685582126553,0.0001570435633539,0.0001906908837719,0.999038069344512,0.809266874357476,0.0220682227513545
1,0.0062202614032405,0.281222601807903,0.000254493148738,0.0001906908837719,0.998691774308537,0.80808611460908,0.0215555396927893
1,0.0105590934193653,0.146869425885056,0.0001367663331222,0.0001906908837719,0.999017964127208,0.809480398008085,0.0220095143621501
0,0.0117191522023332,0.101913716479729,0.002146071541919,0.0001906908837719,0.998423473650033,0.808640104324531,0.0206715636047874
0,0.0618419287303316,0.0299301629531094,0.0021504998310708,0.0001906908837719,0.99911421496637,0.809450322420712,0.0221099270418284
0,0.0079438129678222,0.136590380022372,0.0015391062767248,0.0001906908837719,0.998995316870935,0.809307365732683,0.0220761242842219
0,0.0086408466744253,0.172808900444418,0.0003835671443953,0.0001906908837719,0.999207808219336,0.80941582012351,0.0224212000276048
0,0.009186866811648,0.169604256734287,0.0005389343595057,0.0001906908837719,0.999030789869281,0.809201645486162,0.022038829049088
0,0.0080748578007556,0.194243734316897,0.00236475269376,0.0001906908837719,0.998878267531114,0.809192401474459,0.0215857393514084
0,0.0097466154551779,0.154276385403755,0.0015453290404355,0.0001906908837719,0.998923446496435,0.809311141455773,0.0220087716180606
0,0.0098040255724631,0.162227529703419,0.0014539656904695,0.0001906908837719,0.999096420693584,0.809422329990907,0.0220881030080488
0,0.0071188545433555,0.220787858632887,0.0006196929627466,0.0001906908837719,0.998793686961767,0.808934871120249,0.0205283088139023
0,0.0076736110027737,0.151797321401578,0.0011249083511084,0.0001906908837719,0.998921366646369,0.809198130157768,0.0223872708454724
0,0.0084137022973407,0.132962481482601,0.0003064337695669,0.0001906908837719,0.999074928909569,0.809278071329398,0.0236118030000572
0,0.0083213468912733,0.193397224657617,0.0004011609893433,0.0001906908837719,0.998888666781444,0.809014682094532,0.0219584862628927
0,0.0073385106442725,0.159808930676905,0.0020088757062555,0.0001906908837719,0.998950831188969,0.809333275004921,0.0236026530249968
0,0.0353053500613103,0.0833812014390664,0.0074537584511698,0.0001906908837719,0.999062449809174,0.809417642886382,0.0220058164447682
0,0.0106789058380473,0.163315899265351,0.0021705371554809,0.0001906908837719,0.999034949569413,0.809365824341905,0.0222503372808812
0,0.0061940524366538,0.214015781358648,0.0004963997918643,0.0001906908837719,0.999040842477933,0.809343820990104,0.0220900625881999
0,0.0125272620054228,0.113432294343502,0.0017487323343159,0.0001906908837719,0.999055516975621,0.809393426179666,0.0220507129545205
0,0.007568151113413,0.199232094809082,0.0089086716394411,0.0001125420145708,0.998986650828993,0.809336920530664,0.0220671955520818
0,0.0076442819211172,0.186413519968558,0.0048495417581753,0.0001906908837719,0.999283029463387,0.809609683974581,0.0221137513837362
0,0.0081522366544878,0.216283217946005,0.0001917840094146,0.0001906908837719,0.999156158609366,0.809521279975336,0.0222905876893075
0,0.0096673645324039,0.167639145025244,0.0005650523618201,0.0001906908837719,0.999042460139096,0.809370381249082,0.0220930177614923
0,0.0260142714063295,0.17773679596094,0.0004856182151557,0.0001906908837719,0.99903783825006,0.809376370327087,0.0220916270917076
0,0.0143681298966306,0.104634640384557,0.0131397882864198,0.0001994802431442,0.999191169418809,0.809569583191418,0.022422322045272
0,0.0060661277187902,0.143301992320948,0.0040554575500093,0.0001906908837719,0.99884441219393,0.809186802988498,0.0219635432439279
0,0.0211531321275129,0.109169513559271,0.001743692232853,0.0001906908837719,0.998997050079323,0.809333275004921,0.0220306904702346
0,0.0110932571193226,0.13804153943828,0.0028475152990008,0.0001068098236758,0.998967238895045,0.809330020071223,0.0220052633374675
0,0.0094920140654787,0.146899658372887,0.0048495417581753,0.0001906908837719,0.999185854246418,0.809404623151588,0.0219904716679398
0,0.010125397424657,0.163860084046316,0.0005632612878377,0.0001906908837719,0.999131778144704,0.809429881437087,0.0221881522172152
0,0.0062670631292882,0.188771654019409,0.000870297814466,0.0001906908837719,0.998951755566777,0.809341998227233,0.0220043783657863
0,0.007209337880381,0.212927411796717,0.0048977626728578,0.0001543870081039,0.998959843872588,0.809293304419106,0.0220445655619497
0,0.0078408491705174,0.190766998216283,0.0014948449351466,0.0001383368735981,0.998980180184344,0.809329108689788,0.0220803911119702
0,0.0080542650412947,0.181032137134565,0.0028474378241497,0.0001926016140703,0.998929339404955,0.809270910475262,0.0219502054564478
0,0.0085160420716316,0.194213501829066,0.0013372926455324,0.0001906908837719,0.999342998473621,0.809579087597817,0.0221414699610348
0,0.0187063378897414,0.0522115064848686,0.0135067734420102,0.0001906908837719,0.998491184324401,0.808643229060881,0.0219791724759395
0,0.0123107260195756,0.110650905463011,0.0006655055696448,0.0001906908837719,0.999063374186981,0.809470893601686,0.022036505998425
0,0.0269041282242489,0.0658463584968407,0.0018144083892845,0.0001906908837719,0.999035180663865,0.809365303552513,0.0220357790574012
0,0.0097428713170941,0.166460077999819,0.0010586403237643,0.0001906908837719,0.999002249704488,0.809352804607111,0.0220340881293676
0,0.0090633102548822,0.194364664268223,0.0016996524922784,0.0001906908837719,0.999140675281097,0.809603564699229,0.0222067050163877
0,0.00790886767904,0.190797230704115,0.0004937713793303,0.0001906908837719,0.999092260993452,0.809458524853632,0.0221460844562294
0,0.0096929494759766,0.184992593040481,0.0061621720619312,0.0001906908837719,0.999054708145039,0.809359314474508,0.0221267731099016
0,0.0116991834658862,0.146234543640596,0.0100287647740757,0.0002021552655618,0.999000054307196,0.809319864678084,0.0221029420867737
0,0.0084324229877597,0.195966986123288,0.0079151892004981,0.0001175099133464,0.998996587890419,0.809346164542367,0.022416064031241
0,0.0630569015385287,0.0233999455815219,0.0070980313999457,0.0001906908837719,0.999006293857394,0.80944290117188,0.0222236142967238
0,0.0109116664222577,0.127762493575596,0.001085220959952,0.0001966141476967,0.998992197095836,0.809315568165603,0.0220122324894565
0,0.0112692316092618,0.0791788856304985,0.0004681521541606,0.0001906908837719,0.998977291503697,0.809316219152342,0.022121384264486
0,0.0258414170314601,0.0308673700758835,0.021474826898807,0.0001906908837719,0.999086945821061,0.809419075057209,0.0220997340644295
1,0.0081909260813538,0.164827523656922,0.0001205809487088,0.0001906908837719,0.998130676979642,0.77150690931286,0.0223193966781418
1,0.0068392922330975,0.206125102034646,0.0048495417581753,0.0001906908837719,0.998257778928114,0.807366123275015,0.0220113475177753
1,0.0042059151141494,0.148713607642773,0.0001207387937589,0.0001906908837719,0.998916167021204,0.808783581801952,0.0221431450860027
0,0.0141160245989872,0.100764881942135,0.0055523588041136,0.0001906908837719,0.997678540684756,0.809934526357672,0.0221255404707743
0,0.0607193113282018,0.0303836502705808,0.0011742832077404,0.0001906908837719,0.998726091834624,0.80917091891205,0.0219505057146967
0,0.0077335172121147,0.135018290655138,0.0005098579915672,0.0001906908837719,0.998953488775165,0.809318562704605,0.0220484373130547
0,0.0090439655414491,0.161381020044139,0.0004028142719616,0.0001906908837719,0.999109708624561,0.809312703823948,0.0220366640290823
0,0.008667055641012,0.152099646279892,0.0006022162919525,0.0001906908837719,0.99893199699115,0.80915581601969,0.0220366166198851
0,0.0083388195356644,0.183420503673247,0.001342597195264,0.0001906908837719,0.998962385911558,0.8093125736266,0.0223114477360773
0,0.0084043419521312,0.181485624452036,0.0005809697613651,0.0001906908837719,0.998896408445578,0.809213623642172,0.0198762743216886
0,0.0103706384691467,0.153520573207969,0.0010273325168889,0.0001906908837719,0.999016462013272,0.809378453484654,0.022004757639364
0,0.00595130748422,0.230734347129425,0.0003252774721565,0.0001906908837719,0.99887052586698,0.809093711884726,0.0222219549748217
0,0.0071537998321378,0.165401940925719,0.000599621826889,0.0001906908837719,0.999000285401648,0.809344862568887,0.0222413769426096
0,0.0083762609165026,0.12126250869184,0.0015094872933512,0.0001906908837719,0.998968394367304,0.808714707404896,0.0220227099220386
0,0.0136960571105862,0.178462375668894,0.0006824668296166,0.0001906908837719,0.998875032208789,0.809212451866041,0.0220702139376371
0,0.0079431889448082,0.122048553375457,0.0012464515075418,0.0001906908837719,0.998949213527807,0.809280935671053,0.0220926384879146
0,0.0301365674366071,0.049097560238232,0.0002682884913216,0.0001906908837719,0.998847994157932,0.808574875453217,0.0219354928022488
0,0.0109235228595231,0.157632191553043,0.0012987530364239,0.0001906908837719,0.998778203633498,0.809098919778644,0.0219427780155525
0,0.0064168286526407,0.21362275901684,0.001960704070786,0.0001906908837719,0.999029287755345,0.809329369084484,0.0220654098056537
0,0.0103481736406439,0.13293224899477,0.0007758159802974,0.0001906908837719,0.998773004008333,0.809091368332464,0.0219371995333481
0,0.0076630026115363,0.188922816458566,0.0019235788100676,0.000146361940851,0.998982953317765,0.809328197308352,0.0220652359719307
0,0.0074864040985831,0.199534419687396,0.0001692918961961,0.0001906908837719,0.999303134680691,0.809612418118888,0.0220864120800152
0,0.0091438092236841,0.185839102699761,0.0003759599768005,0.0001906908837719,0.999169562087568,0.809512426555676,0.0220280039490597
0,0.0099718877632207,0.154367082867249,0.0013543964576755,0.0001906908837719,0.998912007321072,0.809207894958863,0.0220063221428717
0,0.0172405078299288,0.156906611845089,0.0009555487154263,0.0001906908837719,0.998980989014925,0.809309058298206,0.0220050737006786
0,0.0278464029753417,0.0659068234725036,0.0248680968703455,0.0001410118960157,0.999107513227269,0.809498886031491,0.0220946928864601
0,0.0078065279047491,0.210569277745866,0.0057937634444055,0.0001108223573023,0.999151190078653,0.80946998222025,0.0221463531083469
0,0.0045204227131896,0.150225232034344,0.0009731216711179,0.0001906908837719,0.998889706706476,0.809150087336381,0.0221244342561728
0,0.0149303746322164,0.0924811802763249,0.0015545082848793,0.0001906908837719,0.998906692148681,0.809246693768547,0.0219637802899139
0,0.0094670531449199,0.168757747075007,0.0025249541880052,0.000146361940851,0.998973362898017,0.809309318692902,0.0221926718940153
0,0.0085541074754837,0.164978686096079,0.0006506247241449,0.0001906908837719,0.998893404217705,0.809054913075043,0.0219478982088505
0,0.0145079110517596,0.112464854732896,0.0020135490701053,0.0001906908837719,0.999034834022187,0.809396681113364,0.0220203078560469
0,0.0061272819741592,0.178976327962028,0.0031660461631943,0.0001026062170196,0.99902605243302,0.809373766380128,0.0222571642052786
0,0.0070651885641542,0.22042506877891,0.0080203825400653,0.0005650029492122,0.998969087650659,0.809305933561856,0.0221210049909084
0,0.0074857800755691,0.179157722889017,0.002096486354766,0.0001266814187783,0.998971167500725,0.809316479547038,0.0220380388958012
0,0.0072717401817779,0.205399522326692,0.0024336171099224,0.0004056480423326,0.998886702478603,0.809230028508011,0.0204719866876238
0,0.0078240005491402,0.214922755993591,0.0003106487745539,0.0001906908837719,0.999273323496413,0.80955877681154,0.0220302637874598
0,0.0172935497861161,0.0461650089185839,0.0185593739476442,0.0001906908837719,0.998687499061179,0.80847709724492,0.0218975654444855
0,0.0140710949419815,0.0889439792000484,0.002774764140369,0.0001906908837719,0.999007911518556,0.80937936486609,0.0220507129545205
0,0.0284554494369752,0.0380627021797624,0.0031297645758158,0.0001906908837719,0.998865672883492,0.809074442677233,0.0219554204681402
0,0.011623052658182,0.13441364089851,0.0023731735318932,0.0001906908837719,0.99898422433725,0.809361137237379,0.022069566011942
0,0.0100842119057351,0.179460047767331,0.0007802870195551,0.0001906908837719,0.999140559733872,0.809495891492489,0.0220822716767927
0,0.0088118289802527,0.161078695165825,0.0048495417581753,0.0001906908837719,0.999141599658904,0.809506437477671,0.0221306448610066
0,0.0116679823151878,0.161834507361611,0.0074803118438809,0.0001906908837719,0.998992890379191,0.809327155729569,0.0220467147788896
0,0.011643645417643,0.14844151525229,0.0065547460901162,0.0003001757298655,0.998988037395704,0.809338482898839,0.0221202306406874
0,0.0083088664309939,0.193911176950751,0.0027870919106807,0.0001184652784956,0.99897186078408,0.809339524477622,0.0221301233598373
0,0.0705445536831398,0.0174139129909,0.11813027051749,0.0001906908837719,0.999020043977274,0.809483913336479,0.0221068612470759
0,0.0135113462984515,0.1034253408713,0.0019882361105806,0.0001433047723737,0.999005138385135,0.809364131776381,0.0221131192611068
0,0.0113191534503793,0.082353296852798,0.0026606964229087,0.0001906908837719,0.998907038790359,0.809310230074337,0.0220134019163208
0,0.0236523442984577,0.0367929376908426,0.0191901528678535,0.0001127330876006,0.999076777665183,0.809414648347379,0.0220784315318191
1,0.007828368710238,0.187350727091332,0.0018066089628043,0.0001906908837719,0.998307117593567,0.809566067863024,0.0222526603315442
1,0.0759173918334108,0.0168092632342715,0.0976875864163514,0.0001906908837719,0.997762890159652,0.808079474544335,0.0231999593039451
0,0.0523436744347132,0.0097046285938869,0.047598368208404,0.0001906908837719,0.998851691669161,0.80910295589643,0.0220916903039705
0,0.520803367228183,0.003144178734468,0.406981598144239,0.0001906908837719,0.998795073528477,0.809406706309155,0.0223214826828188
0,0.0060480310513851,0.122592738156423,0.0010893002333528,0.0001906908837719,0.998973478445243,0.809315047376211,0.0220881188111145
0,0.0091519215228657,0.152764761012184,0.0013198402840031,0.0001906908837719,0.998814254367974,0.808081948293946,0.0219560841969011
0,0.0066733021113818,0.181334462012879,0.0006895619675339,0.0001906908837719,0.998973362898017,0.809400587033802,0.0229087246055203
0,0.0083531720649857,0.175348429422257,0.0009925845312641,0.0001906908837719,0.998969549839563,0.809318041915214,0.0221180182114846
0,0.0075132370881838,0.198083260271488,0.000882904043422,0.0001906908837719,0.998975096106405,0.809311271653121,0.022303482990947
0,0.009745991432164,0.112102064878919,0.0014878731701486,0.0001906908837719,0.998974171728598,0.809215967194435,0.0221491028417847
0,0.0063375777298666,0.234120385766545,0.0007868315749721,0.0001906908837719,0.999114099419144,0.809523232935554,0.0222028806744799
0,0.0075244695024352,0.163225201801856,0.0008558832560303,0.0001906908837719,0.99904176685574,0.809388348483097,0.0221206573234622
0,0.0073534871966078,0.120446231520392,0.0011954618433869,0.0001906908837719,0.998356225164568,0.808514724278472,0.0214246428993088
0,0.014120392760085,0.166822867853796,0.0010604255293231,0.0001906908837719,0.998584084294012,0.809018457817622,0.022166660047816
0,0.0075094929501,0.159536838286423,0.0015786055868471,0.0001448333566123,0.999010569104752,0.809325332966698,0.0221112703024158
0,0.0345977079634697,0.042174320524836,0.0003857908883132,0.0001906908837719,0.998538789781465,0.809443291763924,0.0155916839274335
0,0.0108236791772881,0.148381050276627,0.0033378561766511,0.0001906908837719,0.999002134157262,0.809395509337233,0.0227326310440385
0,0.0068018508522594,0.203343713154155,0.0004657027479792,0.0001906908837719,0.999015537635465,0.809339394280274,0.0222184941034258
0,0.0082165110249266,0.180094930011791,0.0010214437869602,0.0001906908837719,0.999089487860031,0.80943912544879,0.0220998130797582
0,0.0086439667894952,0.159325210871603,0.0025441157182003,0.0001906908837719,0.998971976331306,0.809307495930031,0.0220303744089199
0,0.0058558319630828,0.15630196208846,0.0006931379361652,0.0001906908837719,0.998964465761624,0.809318172112561,0.0220234684691938
0,0.0086395986283974,0.188771654019409,0.0005688502423647,0.0001906908837719,0.999086945821061,0.809392644995579,0.0221766791914918
0,0.0261596687685842,0.211839042234786,0.0033969198201255,0.0001906908837719,0.998805010589903,0.809330150268571,0.0220915954855761
0,0.0275556082508323,0.0817184146083381,0.0086052994964358,0.0001906908837719,0.999087061368287,0.809409440453462,0.0222114933453053
0,0.0375455926814581,0.114399733954107,0.0038421279730164,0.0002204982764257,0.999012648954817,0.809331322044702,0.0220849581979676
0,0.0163450348048836,0.0947486168636817,0.0115332565815291,0.000122477812122,0.999145759359036,0.809458264458936,0.0221357492512389
0,0.0051350853819488,0.129395047918493,0.0020053343846418,0.0001906908837719,0.99899993875997,0.809333275004921,0.0221443935281958
0,0.0177497106093273,0.136681077485866,0.0027925908956667,0.0001906908837719,0.999068689359371,0.809359054079812,0.0276376972082351
0,0.0094040268205091,0.170722858784049,0.0027509573059391,0.0001530494968951,0.99896654561169,0.809312703823948,0.0220386710184306
0,0.0083587882721114,0.150406626961333,0.0001323576118598,0.0001906908837719,0.998972207425758,0.809319474086041,0.0312660336917253
0,0.0128130645458204,0.103092783505155,0.0016414786533947,0.0001906908837719,0.999127387350121,0.809547970431661,0.022054079007522
0,0.0078907710116349,0.126734588989328,0.0048888216436632,0.0002396055794089,0.999017155296627,0.809410482032245,0.0221044907872157
0,0.0076723629567458,0.190041418508329,0.002335065310217,0.0001906908837719,0.998942165147028,0.809277290145311,0.0219628163029041
0,0.0075138611111977,0.198929769930768,0.0011267625203608,0.0001154081100183,0.998962848100461,0.809310620666381,0.0220790004421856
0,0.0075987282410975,0.201922786226079,0.0025946032240658,0.0001499923284178,0.998971051953499,0.809324291387914,0.0221232806323742
0,0.0076430338750893,0.192853039876651,0.0005485869836449,0.0001906908837719,0.999012417860366,0.809367516907428,0.0220253332309505
0,0.0101229013326011,0.143211294857454,0.0025096918561057,0.0001906908837719,0.999201915310816,0.809550834773316,0.0222138480020998
0,0.0140324055151154,0.0879463071016114,0.0026357965459982,0.0001906908837719,0.999107051038365,0.809446546697622,0.0221067822317472
0,0.0063226011775314,0.25504126734589,0.0009519889141078,0.0001161724021376,0.999002711893391,0.80934095664845,0.0257864154666121
0,0.0100205615583103,0.151585693986758,0.0058860517706401,0.0001906908837719,0.999033794097154,0.809381057431613,0.0221002239594673
0,0.0091980992258994,0.15119267164495,0.0024086877743026,0.0001906908837719,0.998809632478939,0.809004396504045,0.0219152648781083
0,0.0082346076923316,0.180518184841431,0.0003106722871122,0.0001906908837719,0.999177534846155,0.8095046147148,0.0221272313988079
0,0.0120923179646865,0.167608912537413,0.0076689731523781,0.0001906908837719,0.998993005926417,0.809331712636746,0.0220962099807707
0,0.0129072920209297,0.124829942255948,0.0022518301156137,0.0004578109794766,0.999000400948874,0.809333144807574,0.0220517717599247
0,0.0073397586903005,0.213139039211537,0.0030134300534218,0.0002501145960496,0.998936272238508,0.809266483765432,0.0220358422696641
0,0.0308541939026711,0.050881277020286,0.0317718361898908,0.0002831702302105,0.999300708188947,0.80962673982716,0.0222680051083726
0,0.0120274195712338,0.118209027420866,0.0035258857551742,0.0001268724918082,0.998974056181372,0.809330540860615,0.0220579033494298
0,0.0144667255328377,0.0692626296217916,0.0084496141816738,0.0001906908837719,0.999062911998077,0.809395769731929,0.0221363339646711
1,0.0253484388504248,0.147141518275539,0.0109179634985457,0.001534507502578,0.998827657846177,0.808916513294191,0.0219972037739428
1,0.0108966898699224,0.0937509447652447,0.0082708082299772,0.0001954677095177,0.999035065116639,0.809377151511175,0.0222114143299766
0,0.268855323384326,0.0018744142455482,0.312225770579899,0.0001906908837719,0.998967585536723,0.809146311613291,0.0221710374970245
0,0.171548918724123,0.0077697493726758,0.0961895787895063,0.0001906908837719,0.998793802508993,0.809349419476065,0.0221122816986229
0,0.0075425661698403,0.0887928167608912,0.0016890379130289,0.0001022240709599,0.999038069344512,0.809376109932391,0.0222816115479702
0,0.0083562921800556,0.157541494089549,0.0004935691713294,0.0001906908837719,0.999167251143051,0.809531565565822,0.0236575844814906
0,0.0075213493873654,0.179097257913354,0.0003428790898509,0.0001906908837719,0.999124152027796,0.809511384976893,0.0224339531016527
0,0.0089453699052421,0.169513559270792,0.0009392922881096,0.0001906908837719,0.998975904936986,0.809321557243608,0.0221380881049676
0,0.0078601938839504,0.190585603289295,0.0014791049096774,0.0001906908837719,0.998983877695572,0.809311662245165,0.0221238653458064
0,0.0113097931051697,0.094053269643559,0.0033423717731783,0.0001906908837719,0.999024203677406,0.809307495930031,0.0220899835728712
0,0.0075743913435527,0.209541373159597,0.0005537955788206,0.0001906908837719,0.999277021007641,0.809693661263998,0.0225560949967162
0,0.0065316488872109,0.156664751942437,0.0012754067955213,0.0001906908837719,0.999028825566441,0.809410872624289,0.0221043011504268
0,0.006369402903579,0.160564742872691,0.0048495417581753,0.0001906908837719,0.998381876648714,0.806806925665647,0.0221340267170738
0,0.0139637629835788,0.17265773800526,0.000583987743955,0.0001906908837719,0.998601763019572,0.809263359029082,0.0222731411047364
0,0.0080030951541492,0.156483357015449,0.0026831568233214,0.0001882069343841,0.999008142613008,0.8092905702748,0.0221637680867865
0,0.0159962059400751,0.106932309459745,0.0002638449287228,0.0001906908837719,0.999191169418809,0.80953989819609,0.0231587133023775
0,0.0091082399118879,0.179369350303836,0.0018679956470334,0.0001906908837719,0.999110517455142,0.809435479923048,0.0222135003346536
0,0.0083431876967622,0.205187894911872,0.0007795573918385,0.0001906908837719,0.999034025191606,0.809338222504143,0.0221464795328728
0,0.0071076221291041,0.232850621277625,0.0006645852570241,0.0001906908837719,0.999217629733536,0.809574270295944,0.0224442725035775
0,0.0073591034037335,0.184297245820359,0.0077680931981503,0.0001039437282284,0.998939623108059,0.809203598446381,0.0219387956429873
0,0.0058670643773342,0.20875532847598,0.0001224340492085,0.0001906908837719,0.999225024755993,0.809537033854435,0.0230526431251662
0,0.0086807841473193,0.210387882818877,0.0006051128448098,0.0001906908837719,0.999210119163854,0.80952479530373,0.0230248613356046
0,0.0078714262982018,0.207001844181758,0.0005309683824993,0.0001906908837719,0.999130738219671,0.809471935180469,0.0221928773338698
0,0.0134189908923841,0.14333222480878,0.0002629888578521,0.0001906908837719,0.999167020048599,0.809594190490177,0.0237253638304267
0,0.0271668419131298,0.112706714635547,0.0013975297794138,0.0001906908837719,0.998919286796303,0.809236277980712,0.0219727406281854
0,0.0299362560491231,0.121020648789189,0.0028104062250269,0.000220116130366,0.998977175956471,0.809250729886333,0.0220797273832094
0,0.019552513096683,0.0814765547056867,0.0254305013489017,0.0001268724918082,0.999193480363327,0.809498235044751,0.0221329363055381
0,0.0077784468691205,0.166157753121504,0.000637874135854,0.0001906908837719,0.998887395761959,0.809184459436235,0.0219753007248345
0,0.0240011731632663,0.129636907821145,0.0022008325621211,0.0001906908837719,0.999262808698857,0.809594841476917,0.0225951443721466
0,0.0098814044261952,0.153641503159295,0.0024660390428532,0.0001641317326253,0.998978100334278,0.809329889873875,0.0221331417453927
0,0.0069628487898633,0.18623212504157,0.00015636414758,0.0001906908837719,0.99903194534154,0.809373766380128,0.0223076391972352
0,0.0148448834793027,0.0876137497354657,0.0031605439913822,0.0001906908837719,0.999191169418809,0.809560859969107,0.0223777099907029
0,0.0057884374775741,0.110378813072528,0.0016352084953619,0.0001637495865657,0.999032291983218,0.809448499657841,0.0221105275583263
0,0.0069591046517795,0.230069232397134,0.0001901181543788,0.0001906908837719,0.998903110184679,0.809221175088352,0.0216200320040527
0,0.0070733008633358,0.220062278924933,0.0025928792677497,0.0001906908837719,0.999000978685003,0.809341217043145,0.0226099360416743
0,0.0115700107019947,0.168304259757535,0.005203099066638,0.0001517119856863,0.999048584142068,0.809491985572051,0.0224064715703401
0,0.0073803201862084,0.199504187199565,0.0006292075040437,0.0001906908837719,0.999135360108707,0.809356319935506,0.0224278215121476
0,0.0090383493343234,0.165583335852707,0.001199370854775,0.0001906908837719,0.999225140303219,0.809514639910591,0.022075223509475
0,0.0139818596509839,0.104090455603592,0.0006809714892078,0.0001906908837719,0.99920572836927,0.809598487002659,0.0223202500436915
0,0.0086988808147244,0.189557698703026,0.0025954741214505,0.0001906908837719,0.999200297649654,0.809572968322465,0.0229112372929721
0,0.0086695517330679,0.161774042385948,0.0019872624963505,0.0001906908837719,0.999057596825687,0.809381968813048,0.023956704909717
0,0.0076985719233325,0.203676270520301,0.0001760780868708,0.0001906908837719,0.999192209343842,0.809575051480031,0.0222467341818937
0,0.0135394273340801,0.141820600417208,0.0101463895918251,0.0001906908837719,0.998958457305878,0.809308537508814,0.0220785263502135
0,0.0091675220982149,0.154488012818575,0.0063659287243006,0.0002268036864101,0.99890056814571,0.809198390552464,0.0219677152532818
0,0.0086483349505929,0.151162439157118,0.0044226328658435,0.0002885202750458,0.998937312163541,0.809284711394143,0.0221129770335152
0,0.0155712462675623,0.0579556791728391,0.0039416889084035,0.0002617700508693,0.999311916269858,0.809700301328742,0.0221589639548032
0,0.0104842106576891,0.148260120325302,0.0038961157798257,0.0001627942214165,0.998982144487184,0.809327936913656,0.0221272630049394
0,0.0140579904586881,0.0654835686428636,0.0070726575215202,0.0001906908837719,0.999087408009965,0.809413216176552,0.0221258723351547
1,0.0091519215228657,0.186201892553738,0.0026030129860352,0.0001906908837719,0.99881968508759,0.808409655018691,0.0219596398866914
1,0.0059662840365552,0.206064637058984,0.001164849075506,0.0001906908837719,0.998931650349473,0.809268827317695,0.0223458036009845
1,0.0064636303786883,0.247362215436708,0.0001548094233876,0.0001906908837719,0.997903511133553,0.808112154078666,0.0211908523448297
0,0.579807863313999,0.0002720923904828,0.346829766658251,0.0001906908837719,0.998511058447253,0.80898265354694,0.0219617574974998
0,0.054084074620672,0.0267859842186413,0.0109457167118428,0.0001906908837719,0.998888551234218,0.809455269919934,0.0221174967103153
0,0.007130086957607,0.079571907972307,0.0007071324942423,0.0001771246986539,0.999070307020534,0.809419856241296,0.0221196775333867
0,0.0105840543399241,0.154246152915923,0.000844410293518,0.0001906908837719,0.999179845790672,0.809580649965993,0.0221106855889837
0,0.006988433733436,0.171690298394655,0.0004022963349967,0.0001906908837719,0.999088794576675,0.809473237153948,0.0220877869467341
0,0.0095013744106882,0.151767088913747,0.0014007055293264,0.0001906908837719,0.99898226003441,0.809342258621929,0.0220870916118417
0,0.0071163584512996,0.205036732472715,0.0006970345694545,0.0001906908837719,0.99888034738118,0.809190708908936,0.0217438964332812
0,0.011623052658182,0.11107416029265,0.0016664425777365,0.0001906908837719,0.999247325370589,0.809368818880907,0.0223212614398985
0,0.0080205677985404,0.204522780179581,0.0007129480243306,0.0001906908837719,0.999286958069067,0.809624005682854,0.0220774675448093
0,0.0075818796197203,0.143725247150588,0.0019569278179086,0.0001906908837719,0.999030096585926,0.809474669324776,0.0220773411202834
0,0.0067032552160523,0.142122925295523,0.0048495417581753,0.0001906908837719,0.999099078279779,0.809387697496357,0.0224536911307553
0,0.0089116726624877,0.172839132932249,0.0007096618236899,0.0001906908837719,0.999130738219671,0.809528440829472,0.0424617630206713
0,0.0077572300866456,0.174139129909,0.0010712915957864,0.0001446422835825,0.998990232792996,0.809339133885578,0.0220577927279696
0,0.0147899694540735,0.116909030444115,0.0002619979881248,0.0001906908837719,0.999228028983866,0.809601090949618,0.0221396526084754
0,0.0089902995622478,0.199292559784745,0.0015699490013116,0.0001906908837719,0.99919452028836,0.809576223256163,0.022138720227597
0,0.0072723642047918,0.223780874928198,0.0006097777752296,0.0001906908837719,0.99902270156347,0.809340175464362,0.0221010931280827
0,0.0071656562694032,0.232518063911479,0.0004054809264085,0.0001906908837719,0.999303596869594,0.809645748639959,0.022194299609786
0,0.0072630038595823,0.204764640082232,0.0042548113984036,0.0010944663148757,0.998996587890419,0.809327806716308,0.0345324957729565
0,0.0052368011332257,0.193971641926414,0.0004657642498361,0.0001906908837719,0.99916586457634,0.80939824348154,0.0220220461932777
0,0.009425243602984,0.18390422347855,0.0007674508338931,0.0001906908837719,0.999175454996089,0.80955122536536,0.0222646232523054
0,0.0074545789248707,0.247845935242011,0.0003010883351885,0.0001906908837719,0.99920572836927,0.80943157400261,0.0221144467186285
0,0.013480145147753,0.107899749070351,0.0011483028996307,0.0001906908837719,0.999063258639755,0.809400977625846,0.0220107628043431
0,0.00918561876562,0.205762312180669,0.0031615402826003,0.0004071766265712,0.999024896960761,0.809368298091515,0.022379669570854
0,0.0137659476881507,0.15140429905977,0.0004391909200301,0.0001906908837719,0.99902212382734,0.809226252784921,0.0223306642640107
0,0.0081977903345075,0.147504308129516,0.0102851044164788,0.0001299296602855,0.998728056137464,0.808857273500882,0.0220340565232361
0,0.0241783956992334,0.0655742661063579,0.0303178429061711,0.0001906908837719,0.999137671053224,0.809452014986236,0.0220554538742409
0,0.007447714671717,0.203918130422952,0.0005536256860134,0.0001906908837719,0.999086945821061,0.809371683222561,0.0233338902860467
0,0.0188205341012977,0.137527587145146,0.0013537939337965,0.0001906908837719,0.999262808698857,0.809647831797525,0.0220707828480035
0,0.0106071431914409,0.138495026755752,0.0040799095806967,0.0001350886320909,0.998995316870935,0.809341086845797,0.0221397474268698
0,0.0064367973890877,0.195453033830154,0.000239052529465,0.0001906908837719,0.999127733991798,0.809437823475311,0.0221598331234186
0,0.0286950742743392,0.0384557245215709,0.0138551321238446,0.0001906908837719,0.999309836419792,0.809642233311564,0.0220965892543483
0,0.0076598824964664,0.100432324575989,0.0084633288042847,0.0001882069343841,0.999068111623242,0.809428579463608,0.0221465427451357
0,0.0071662802924171,0.224718082050972,0.0001264534530292,0.0001482726711493,0.998997627815453,0.809343951187452,0.0232989497077073
0,0.0091899869267178,0.177192611179974,0.0017863004472678,0.0001906908837719,0.999076199929054,0.809420116635992,0.0222906509015704
0,0.0114870156411368,0.16627868307283,0.0028231295892731,0.0001070008967057,0.998954759794649,0.809351242238936,0.0219925260664853
0,0.0103119803058337,0.178008888351422,0.0004750863962248,0.0001906908837719,0.999161704876208,0.80948638708609,0.0220634660285684
0,0.0088942000180966,0.173594945128035,0.001870474103855,0.0001906908837719,0.999147492567425,0.80963624423356,0.0220819240093465
0,0.0147219509455509,0.103788130725277,0.0006826044460939,0.0001906908837719,0.999228028983866,0.809608902790494,0.0220905998924349
0,0.0081360120561246,0.209269280769115,0.0016218721334608,0.0001906908837719,0.999235424006323,0.809598617200007,0.0221370134964977
0,0.0079800063026324,0.185506545333615,0.0010563281648547,0.0001906908837719,0.99910578001888,0.809514639910591,0.0221529745928897
0,0.0083619083871813,0.217159960093116,0.0001495642380076,0.0001906908837719,0.999284878219001,0.809668142583803,0.0221760628719281
0,0.0124536272897744,0.144299664419385,0.0054782901066499,0.0001906908837719,0.998952564397358,0.809291221261539,0.0221039218768492
0,0.0141827950614819,0.109139281071439,0.0125673870842356,0.0002436181130353,0.998946671488838,0.809228726534532,0.0222811216529324
0,0.0052430413633654,0.208241376182846,0.0010515649286231,0.0002245108100521,0.998821649390431,0.808813787586672,0.0220247169113869
0,0.0194014995273026,0.019409257187774,0.0133160542600061,0.0001906908837719,0.999209425880499,0.809644446666479,0.0220092773161641
0,0.0080742337777417,0.200411161834507,0.0010463039062721,0.0002841255953596,0.998974287275824,0.809323119611783,0.0221105275583263
0,0.016177172614126,0.0840463161713577,0.012697872824413,0.0001906908837719,0.998982837770539,0.809307105337987,0.0220663105804006
1,0.0094408441783333,0.194153036853403,0.0051064657362306,0.0001906908837719,0.998922984307531,0.809273774816917,0.0218901696097216
1,0.0081129232046077,0.217432052483599,0.0048495417581753,0.0001906908837719,0.998869254847495,0.809080301557889,0.0221074143543766
0,0.586114863916181,0.000362789853977,0.537209988707905,0.0001906908837719,0.982789587346192,0.791394033420097,0.0219536821309094
0,0.0191999400937907,0.0730114581128881,0.0001424598310901,0.0001906908837719,0.999053206031103,0.809488730638352,0.0220921011836796
0,0.007129462934593,0.0705626265985428,0.0007017796563229,0.0002554646408849,0.999048815236519,0.809437823475311,0.0220541422197849
0,0.0107494204386258,0.159294978383771,0.0009392383646806,0.0001906908837719,0.999239468159229,0.809606689435579,0.0221772639049239
0,0.0076442819211172,0.192943737340146,0.0004005845624608,0.0001906908837719,0.99911225066353,0.809380666839569,0.0220632921948453
0,0.0112785919544713,0.131118299724884,0.0030932221739276,0.0001906908837719,0.998943436166513,0.809369209472951,0.0220013757832967
0,0.0067419446429184,0.208936723402969,0.0037763225406818,0.0001517119856863,0.998980064637118,0.809315437968255,0.0223057270262813
0,0.0134514400891105,0.115216011125556,0.0006972482811203,0.0001906908837719,0.999097460618617,0.809469331233511,0.0221471748677651
0,0.0093366323350005,0.17540889439792,0.0008937410786771,0.0001906908837719,0.999226180228252,0.809563333718717,0.0221291119636303
0,0.0067644094714213,0.141336880611906,0.001716771636164,0.0001906908837719,0.999016808654949,0.809468289654727,0.0220653307903251
0,0.0068573889005026,0.103546270822626,0.0001431139465741,0.0001906908837719,0.999048353047616,0.809456571893413,0.0220169101969139
0,0.0185752930568079,0.10215557638238,0.0006293297304829,0.0001906908837719,0.999286726974615,0.809724648232805,0.0220965576482168
0,0.0098015294804072,0.139795023732503,0.0024262448541595,0.0001906908837719,0.999028941113667,0.809375068353608,0.0221062765336437
0,0.0116274208192798,0.150648486863984,0.0001701238715526,0.0001906908837719,0.999248365295622,0.809625698248377,0.0221327940779465
0,0.0088917039260407,0.207636726426218,0.0015191943267161,0.0001906908837719,0.999204110708108,0.809564896086893,0.0221368080566431
0,0.0070745489093637,0.213562294041177,0.0048495417581753,0.0001906908837719,0.998994854682031,0.809324030993218,0.0220623282078355
0,0.0073921766234738,0.232366901472322,0.0006214047547144,0.0001906908837719,0.999292735430361,0.809672959885676,0.0220479316149512
0,0.0089453699052421,0.157299634186897,0.0035785745222883,0.0001734943110871,0.999012417860366,0.809349940265457,0.0221447411956419
0,0.0096155706222445,0.0940230371557275,0.0164584540571225,0.0001906908837719,0.964194341190159,1.0,0.0219351609378683
0,0.0081328919410547,0.215285545847568,0.0008320472932327,0.0001906908837719,0.999273439043639,0.80965759659862,0.0221714483767336
0,0.0070938936227968,0.242071530066209,0.0001239899781766,0.0001906908837719,0.999155003137107,0.809403451375457,0.0222486305497819
0,0.0103943513436776,0.162348459654745,0.0001739330031478,0.0001906908837719,0.999268932701829,0.809651867915311,0.0221921661959118
0,0.0088991922022084,0.159174048432445,0.0079163436865398,0.000149801255388,0.998982375581636,0.809347466515846,0.0220878027497998
0,0.0208061753317462,0.0825044592919551,0.0031051007377855,0.0001906908837719,0.999221442791991,0.80958585785991,0.0221043643626898
0,0.0163431627358417,0.112011367415425,0.0192510830975428,0.0001906908837719,0.998787100769891,0.808586072425139,0.0220516769415303
0,0.0918018976539855,0.0165976358194516,0.241955071223559,0.0001906908837719,0.998999245476615,0.809307235535335,0.0220670849306216
0,0.0069160470638157,0.216464612872993,0.0004689375319017,0.0001906908837719,0.999128311727928,0.809447067487014,0.0222266642884106
0,0.026202726356548,0.100250929649001,0.0015456314974348,0.0001906908837719,0.999306832191919,0.809697567184436,0.0221348010672948
0,0.0092629976193522,0.17392750249418,0.0053493441864234,0.0001322225366435,0.999027901188634,0.809361788224119,0.0220939975515678
0,0.0073653436338732,0.220334371315416,0.0001246674119002,0.0001906908837719,0.999106819943913,0.809377542103218,0.0221617294913067
0,0.0375562010726956,0.0298394654896151,0.0305595618957643,0.0001906908837719,0.999287882446874,0.809756546583049,0.0220315912449815
0,0.0086046533396151,0.0900928137376425,0.0042530041959722,0.0001154081100183,0.999049624067101,0.809477143074386,0.0220960993593105
0,0.010065491215316,0.170450766393567,0.0093123289823549,0.0001906908837719,0.999025359149665,0.809353195199155,0.0220231998170763
0,0.0073703358179849,0.229827372494483,0.000566472695225,0.0001906908837719,0.999015537635465,0.809374547564216,0.0220655046240481
0,0.012342551193288,0.144481059346374,0.0034055398154566,0.0001142616718393,0.998983531053895,0.809338482898839,0.0221892426287509
0,0.010524772153597,0.153188015841824,0.0008983751124295,0.0001906908837719,0.99932000457567,0.809708503761662,0.0221308819069926
0,0.0099937285687096,0.184176315869033,0.0009752440001255,0.0001906908837719,0.999151074531427,0.809490683598571,0.0221274842478596
0,0.0090608141628263,0.138283399340932,0.0002181794599163,0.0001906908837719,0.999230917664513,0.809598226607963,0.0221026892377219
0,0.0096917014299487,0.170843788735375,0.0019858542884303,0.0001906908837719,0.999284993766227,0.809671657912197,0.0221193140628748
0,0.0119350641651664,0.148290352813133,0.0018619178256135,0.0001906908837719,0.999151421173105,0.809515421094678,0.0221143993094313
0,0.0092311724456398,0.196692565831242,0.0048495417581753,0.0001906908837719,0.999287882446874,0.809645358047915,0.022115789979216
0,0.0107350679093045,0.19112978807026,0.0015198839636518,0.0001906908837719,0.998981104562151,0.809337831912099,0.0220601473847641
0,0.0098165060327424,0.146143846177102,0.0130249231045975,0.0001906908837719,0.998950600094518,0.809530133394995,0.0223518087659637
0,0.0223412719461094,0.0395440940835021,0.0120562327540025,0.0001906908837719,0.998802353003708,0.809319083493997,0.0220153140872747
0,0.0069272794780671,0.0436557124285757,0.0021382114297203,0.0001906908837719,0.998796229000736,0.808858054684969,0.0220402355219384
0,0.0096136985532026,0.162408924630408,0.0023846294526588,0.0002676933147941,0.998959843872588,0.809322338427695,0.0220460194439973
0,0.017914452685015,0.0837137588052121,0.0087562197483709,0.0001906908837719,0.998877920889436,0.809202556867598,0.0220727740342861
1,0.0074789158224155,0.161199625117151,0.004899185279791,0.0001906908837719,0.998505627727637,0.808720826680249,0.0216928209248267
0,0.712629913791221,0.0,1.0,0.0001906908837719,0.986162988605888,0.790147914603039,0.0221957218857021
0,0.01837435764631,0.0757626145055477,0.0005430295087413,0.0001906908837719,0.998984339884476,0.809444723934751,0.0220164519080076
0,0.0061378903653966,0.0763067992865133,0.0046988113167105,0.00029501675806,0.999004907290683,0.809383661378571,0.0220435225596112
0,0.0125253899363809,0.131481089578861,0.0004224708483831,0.0001906908837719,0.999197177874555,0.809506567675019,0.0221210365970399
0,0.0069566085597236,0.201801856274753,0.0005174784116949,0.0001906908837719,0.999168291068084,0.809257760543121,0.0221234070569001
0,0.010424928471362,0.134322943435015,0.0037086979941818,0.0001906908837719,0.998947826961096,0.809310490469033,0.0226124013199289
0,0.0072829725960293,0.200985579103304,0.0064637962114017,0.0001519030587161,0.998989192867963,0.809326765137525,0.0221299495261143
0,0.0100249297194081,0.128578770747045,0.001385116120253,0.0001906908837719,0.999156389703818,0.809489251427744,0.0221637838898523
0,0.0103837429524401,0.15820660882184,0.0004471277881008,0.0001906908837719,0.999245476614975,0.809565807468328,0.0220787475931338
0,0.0077615982477433,0.167155425219941,0.0016438171036194,0.0001906908837719,0.998963888025494,0.809327806716308,0.0220328554902403
0,0.0071388232798025,0.12549505698824,0.0004832259386612,0.0001906908837719,0.999456928038343,0.809434828936308,0.0223720682962356
0,0.0133565885909872,0.140097348610817,0.0008170238761296,0.0001906908837719,0.999307409928049,0.810029830816358,0.0219591183855221
0,0.0090508297946028,0.150043837107356,0.0014652344629305,0.0001117777224515,0.999010222463074,0.809346555134411,0.0220737696274274
0,0.0119650172698369,0.146899658372887,0.0048495417581753,0.0001906908837719,0.999236232836904,0.809599658778791,0.022136934481169
0,0.0083244670063432,0.219729721558787,0.0006762392273711,0.0001906908837719,0.999178690318413,0.809533778920737,0.0220741330979393
0,0.0078701782521739,0.184690268162167,0.0003205633985467,0.0001906908837719,0.998955915266908,0.809318953296649,0.0219784929441129
0,0.0074926443287228,0.228315748102911,0.0048495417581753,0.0001906908837719,0.999252987184657,0.809555912469885,0.0220564810735136
0,0.0086321103522297,0.168062399854884,0.0023583393811681,0.0002027284846513,0.998997858909904,0.809329238887136,0.0220923540327314
0,0.0083775089625305,0.117211355322429,0.0032254431020397,0.0,0.975214657858887,0.864385531012488,0.0246168463746527
0,0.0092293003765978,0.202255343592224,0.0010089819562028,0.0001906908837719,0.999254489298594,0.809640150153997,0.0221359072818962
0,0.0072648759286242,0.230341324787617,0.0003155287380064,0.0001906908837719,0.999155696420462,0.809368167894167,0.0220327922779773
0,0.0286426563411659,0.0545998730235511,0.0186097694824864,0.0001906908837719,0.999194982477263,0.80963624423356,0.0222039078737527
0,0.0077915513524138,0.187229797140007,0.0101992748539714,0.0004486394740447,0.998999592118293,0.809344862568887,0.022243557765681
0,0.0256766749557724,0.109713698340236,0.0038067533291346,0.0001906908837719,0.999200066555202,0.809575962861467,0.0221549341730408
0,0.016597764125541,0.105027662726366,0.0199799412927642,0.0001906908837719,0.998694547441958,0.809090196556332,0.0220436805902685
0,0.0446332460741152,0.0372161925204825,0.0612876788702177,0.0001906908837719,0.998937312163541,0.809314005797428,0.0220638927113432
0,0.0064967035984287,0.225655289173746,0.0009710407514175,0.0001906908837719,0.999152461098138,0.809433917554873,0.0220588831395053
0,0.0294719829267303,0.115185778637724,0.0024212125837388,0.0001906908837719,0.999286726974615,0.809682594489423,0.0220757766167757
0,0.0086882724234869,0.19451582670738,0.0025735759043623,0.0001906908837719,0.999009066990815,0.809346034345019,0.0220748442358974
0,0.0070364835055116,0.208090213743689,0.0003623929586462,0.0001906908837719,0.999105317829977,0.809375719340347,0.0220685230096035
0,0.0199693604700141,0.059376606100916,0.0042990244906577,0.0001906908837719,0.999325319748061,0.809697176592392,0.0222099446448633
0,0.0092193160083743,0.133446201287904,0.0052509191796457,0.000141776188135,0.999014728804883,0.809407878085287,0.0221214632798147
0,0.0090077722066389,0.178432143181062,0.004214098820844,0.0001906908837719,0.999009066990815,0.809345253160931,0.0220262814148946
0,0.0074071531758091,0.226955286150497,0.0020241018560199,0.0001906908837719,0.998996818984871,0.809351372436284,0.0220555961018325
0,0.0131157157075953,0.136650844998035,0.0032324637187497,0.0001087205539742,0.998939738655284,0.809279373302878,0.02191325788876
0,0.0096555080951385,0.179097257913354,0.0003571550796479,0.0001906908837719,0.999303827964046,0.809627260616552,0.0221150788412579
0,0.0164249097506716,0.117422982737249,0.0009960909921096,0.0001906908837719,0.998900683692936,0.809174824832488,0.0219725667944624
0,0.0084386632178994,0.159083350968951,0.0005372267842529,0.0001906908837719,0.999160549403949,0.809591716740567,0.0220409624629622
0,0.0089135447315297,0.191885600266046,0.0004572564929648,0.0001906908837719,0.999213470033405,0.809571666348985,0.0220090402701781
0,0.0100324179955757,0.188922816458566,0.0008535081378738,0.0001906908837719,0.999221789433668,0.809569062402027,0.0220582984260731
0,0.0096405315428033,0.181455391964205,0.0004422931397605,0.0001906908837719,0.999408629297923,0.809785059802246,0.0221165485263712
0,0.0083974776989775,0.21894367687517,0.0013722348915248,0.0001906908837719,0.999035411758317,0.809380276247525,0.0221592800161179
0,0.0416466719292608,0.031472019832512,0.0278509003203977,0.0001906908837719,0.998240909033135,0.808006564029493,0.0219396964177342
0,0.0518407118854543,0.0087674214711128,0.0406445573026599,0.0001906908837719,0.998338893080685,0.808633724654482,0.0219870740088068
0,0.0104324167475296,0.150920579254467,0.00211381621781,0.0003080097240886,0.998974518370276,0.809338092306795,0.0221386886214655
0,0.0366975454054746,0.030897602563715,0.0680321301875535,0.0001008865597511,0.99896596787556,0.809650565941832,0.0220822242675955
0,0.0099893604076118,0.158055446382683,0.0054162991496738,0.0001906908837719,0.998878614172792,0.80917599660862,0.0220598629295809
1,0.0010864240673196,0.29519001118602,0.0017739460358674,0.0001906908837719,0.998837479360377,0.809180813910493,0.0215279001308194
1,0.0027057637885685,0.1957855911963,0.0026947517013629,0.0001906908837719,0.998995779059838,0.808290524445333,0.022114952416732
0,0.0097740724677926,0.050095232336669,0.0036782906599917,0.0001906908837719,0.998578769121622,0.805251457949902,0.0218872934517579
0,0.0066221322242364,0.136681077485866,0.0036721442052199,0.0001906908837719,0.999033331908251,0.80936230901351,0.0221001923533358
0,0.0081197874577614,0.14907639749675,0.0066873899333669,0.0001906908837719,0.998971167500725,0.809314266192123,0.0220189803985252
0,0.0027107559726802,0.0874323548084772,0.0032943393281673,0.0001906908837719,0.998943898355416,0.80925593778025,0.0219755377708205
0,0.006250838530925,0.141699670465883,0.0034109793777954,0.0001906908837719,0.999003520723973,0.809383140589179,0.022011963837339
0,0.0206358170489328,0.0476766333101551,0.0166054945037644,0.0001906908837719,0.999070075926082,0.809388088088401,0.0221050438945164
0,0.0065391371633785,0.0815067871935181,0.0084845616548383,0.0001906908837719,0.999116872552565,0.809317130533778,0.02210125115874
0,0.0072030976502413,0.107416029265048,0.0066266360478645,0.0001906908837719,0.99899855219326,0.809355017962026,0.0225134899314954
0,0.0033834527817385,0.194908849049188,0.0012129349192857,0.0001906908837719,0.998978215881504,0.809361527829423,0.0223871602240122
0,0.0112218058602001,0.0552952202436738,0.0059949931868787,0.0001906908837719,0.999057712372912,0.809405925125068,0.0220816395541633
0,0.0078782905513555,0.046527798772561,0.0124022816281831,0.0001906908837719,0.999022586016244,0.809477663863778,0.0220926700940461
0,0.0052929632044829,0.191673972851226,0.0011415476056234,0.0001906908837719,0.998956839644715,0.809459826827111,0.0219816219511283
0,0.0100842119057351,0.0746137799679536,0.0066108132426448,0.0001906908837719,0.999038647080641,0.809421158214776,0.0220665950355838
0,0.0145091590977875,0.0954439640838044,0.0185728247438061,0.0001906908837719,0.999007911518556,0.80992202741227,0.0222628058997459
0,0.004892340429515,0.213048341748042,0.0017562878325782,0.0001906908837719,0.999054939239491,0.809338222504143,0.022155044794501
0,0.0035107534765882,0.0976509356954984,0.0010305536790731,0.0001906908837719,0.999031829794314,0.809316870139082,0.0220910581813412
0,0.0040605177518946,0.122018320887626,0.0079640043610844,0.0001906908837719,0.998163261297341,0.808286227932852,0.0222168347815236
0,0.008506681726422,0.103062551017323,0.0150005612059016,0.0001906908837719,0.999317231442249,0.809613069105628,0.0221073669451794
0,0.003734153715589,0.127581098648608,0.0004175530705187,0.0001906908837719,0.998788140694924,0.809036555248984,0.0219917201101328
0,0.0310613695433088,0.11446019892977,0.0505926634698788,0.0003406832121898,0.999169908729246,0.809574009901248,0.022072663412826
0,0.0041697217793392,0.13420201348369,0.0048688821975637,0.0001906908837719,0.999014151068754,0.809334316583705,0.0220675906287251
0,0.0201397187528276,0.0936602473017504,0.0019548967992409,0.0001906908837719,0.999175339448863,0.809494719716357,0.0221093107222647
0,0.0113603389693012,0.122925295522569,0.0037714114862432,0.0001906908837719,0.999312378458762,0.809633770483949,0.0221256352891687
0,0.0099350704053965,0.094839314327176,0.0017217782565212,0.0001906908837719,0.999136053392062,0.809487428664873,0.0221241656040554
0,0.0048243219209924,0.117513680200744,0.0023742844711226,0.0001906908837719,0.998990810529125,0.809401107823194,0.0220975058321609
0,0.0072018496042134,0.158901956041963,0.0074706052574489,0.0001906908837719,0.999058405656268,0.80940891966407,0.0221245132715015
0,0.0011350978624091,0.215920428092028,0.0001825228207906,0.0110669498878497,0.998721701040041,0.808915341518059,0.0221722701361518
0,0.0005547564594182,0.128095050941742,0.0008116237604794,0.0001906908837719,0.999110055266238,0.809309839482294,0.0221307712855325
1,0.0012605264882168,0.338482933760619,0.0005210095898743,0.0001906908837719,0.998567907682388,0.808153556835309,0.0217323285891634
0,0.0058439755258173,0.0744928500166279,0.0157232887250267,0.0001906908837719,0.999353166629499,0.812794180907653,0.022178038255145
0,0.0053784543573967,0.0662696133264806,0.0068637831468139,0.0001906908837719,0.999045926555872,0.809792090459034,0.0221276580815827
0,0.0055725255147409,0.0484022130181093,0.0172466212231305,0.0001906908837719,0.999570048772484,0.812640157445049,0.0222827177625716
0,0.0060274382919242,0.068083562596366,0.0009396349302084,0.0001906908837719,0.999303250227917,0.814604444833301,0.0222200428038678
0,0.0211493879894291,0.034253408713003,0.012712556689084,0.0001906908837719,0.99908613699048,0.809552397141491,0.0221078094310199
0,0.0057472519586522,0.136288055144058,0.0055431344583081,0.0001906908837719,0.998992312643062,0.809226252784921,0.0220980589394616
0,0.0071993535121575,0.123892735133174,0.0065781501796848,0.0001906908837719,0.998981913392732,0.809375328748304,0.0475832521701046
0,0.0028037354017616,0.225655289173746,0.0021536837035035,0.0001906908837719,0.998972785161887,0.809280935671053,0.0220834253005913
0,0.006490463368289,0.148501980227953,0.0001151369947683,0.0001906908837719,0.999059907770204,0.809436261107136,0.0219972037739428
0,0.0025397736668528,0.126371799135351,0.0045138302676712,0.0001906908837719,0.999075506645699,0.81096594974799,0.0221126767752662
0,0.0218139724993058,0.0415999032560389,0.0106726757106798,0.0001906908837719,0.999023510394051,0.809549662997185,0.0221582528168451
0,0.0156217921316938,0.128215980893068,0.0182922652037906,0.0001906908837719,0.998986881923445,0.809444723934751,0.0223761928963924
0,0.0083825011466422,0.0527254587780028,0.0175276708931102,0.0001906908837719,0.999232304231224,0.810159116782855,0.0221073195359822
0,0.0051856312460803,0.20833207364634,0.0018247720254123,0.0001906908837719,0.998932343632828,0.809280545079009,0.0221365552075914
0,0.0034770562338339,0.151283369108444,0.0012173026976058,0.0001906908837719,0.999096074051906,0.809315828560299,0.0220858589727144
0,0.0080199437755264,0.0742509901139765,0.0048242802348008,0.0001906908837719,0.998983877695572,0.809396681113364,0.0220835359220514
0,0.0584222826137828,0.071862623575294,0.173161187120089,0.0001906908837719,0.999373156299577,0.809782586052635,0.0221208943694483
0,0.004713245824506,0.132236901774647,0.0025604995408325,0.0018642995520675,0.998940778580317,0.809275597579788,0.0220057532325052
0,0.0244523418023657,0.07899749070351,0.0294577827510436,0.0001906908837719,0.999105548924429,0.809775164803803,0.0220869651873159
0,1.0,0.0015116243915711,0.0100617624343418,0.0001906908837719,0.988045252915545,0.796606874836602,0.0216006416423962
0,0.0014483574154214,0.0483417480424464,0.0022475728657493,0.0001906908837719,0.999140097544968,0.817723192105666,0.0221489132049959
0,0.0060998249615445,0.0828067841702694,0.0025247990634163,0.0001906908837719,0.998988615131833,0.809572447533073,0.0220985488344994
0,0.0068867179821591,0.0933579224234362,0.0027225861981568,0.0001906908837719,0.998989077320737,0.809554089707014,0.0220145397370537
0,0.0030290077098043,0.179853070109139,0.0051435626847198,0.0001906908837719,0.998858046766584,0.809207894958863,0.0219191524322791
0,0.00183649973011,0.0683858874746803,0.003526003531716,0.0001906908837719,0.998955106436327,0.809319604283389,0.02204812125174
1,0.0025541261961741,0.276869123560178,0.0067575791947431,0.0345182982042383,0.998647750815474,0.807893943323532,0.0221928615308041
0,0.0038627024564665,0.0711975088430027,0.0123890217889715,0.0001906908837719,0.999578368172748,0.816044557698778,0.0221946630802979
0,0.0065572338307836,0.0949904767663331,0.0089046335033012,0.0001906908837719,0.998941934052576,0.809343820990104,0.0219968877126281
0,0.0105871744549939,0.0425673428666445,0.0002568104570922,0.0001906908837719,0.999649545263892,0.812098145885608,0.0221238653458064
0,0.0012998399380969,0.108383468875654,0.0010164846775161,0.0001906908837719,0.999298050602752,0.813389833774442,0.0221768214190834
0,0.0201809042717495,0.0333162015902289,0.0325232515562192,0.0001906908837719,0.999087639104416,0.809562422337282,0.0220940133546335
0,0.0088736072586357,0.100250929649001,0.0103596730569993,0.0001906908837719,0.99904373115858,0.80940449295424,0.0220837729680375
0,0.00563055965504,0.134806663240318,0.0075753753903996,0.0001906908837719,0.99894574711103,0.809312834021296,0.0219452274907413
0,0.0015494491436844,0.255373824712036,0.0018864787330478,0.0001906908837719,0.998864517411234,0.808970284798887,0.0219690901200007
0,0.0062371100246177,0.149439187350727,0.0001624613620024,0.0001906908837719,0.999168984351439,0.809319343888693,0.0221791128636149
0,0.0032923454216991,0.110529975511685,0.0094045562536656,0.0001906908837719,0.999008027065782,0.812194752317773,0.0220963522083623
0,0.061554254120892,0.0404208362306134,0.0497528704404125,0.0001906908837719,0.998910505207136,0.80901793702823,0.0219692797567895
0,0.0094689252139618,0.130725277383076,0.014143078299204,0.0001906908837719,0.998905190034745,0.809306844943291,0.0218709846879197
0,0.0155369250017941,0.0484324455059407,0.0359013512251771,0.0001906908837719,0.999258648998726,0.810922073241737,0.0221471748677651
0,0.0029372763267509,0.24358315445778,0.0015214961090091,0.0001906908837719,0.998850882838579,0.809064157086746,0.0218611867871642
0,0.0036006127905997,0.151464764035432,0.002498602264884,0.0001906908837719,0.999105086735525,0.80937871387935,0.0221078726432829
0,0.0069328956851928,0.0439278048190586,0.0084725882829046,0.0001906908837719,0.998980180184344,0.809435610120396,0.022094882523249
0,0.0074920203057088,0.0108836956193125,0.0126848375009849,0.0001906908837719,0.999612223509932,0.810228772363998,0.0228274652415125
0,0.0551960836315643,0.071650996160474,0.163853509776757,0.0001906908837719,0.999383671097132,0.809677907384898,0.022096431223691
0,0.0048043531845454,0.141095020709254,0.004776799849112,0.0092301648520779,0.998987459659575,0.809341607635189,0.0221504461023722
0,0.0116255487502379,0.0962904737430843,0.0045075801438926,0.0001906908837719,0.999127502897347,0.809445244724143,0.0221003187778617
0,0.0160280311137875,0.0064395199080932,0.0007926742513777,0.0001906908837719,0.999563231486157,0.809873984590884,0.0224790076420623
0,0.0050146489402529,0.0569882395622336,0.0075795929992568,0.0001906908837719,0.999185969793644,0.822551039964336,0.0221848967856738
0,0.0061640993319833,0.073857967772168,0.0041495650875688,0.0001906908837719,0.998953488775165,0.809569973783462,0.0220703877713602
0,0.0069984181016595,0.107083471898903,0.0053894320683447,0.0001906908837719,0.999127733991798,0.809666580215628,0.0226512610585706
0,0.0035637954327755,0.177585633521783,0.0062591274366592,0.0001906908837719,0.998823267051593,0.809152821480688,0.0216101076787713
0,0.0020779966365159,0.0763370317743447,0.0057510396492499,0.0001906908837719,0.998840252493798,0.809187714369933,0.0220287782992807
1,0.0003550690949482,0.230673882153762,0.0009645682687927,0.0005671047525403,0.999112712852433,0.809315177573559,0.0221663755926327
0,0.0204816833644825,0.0765486591891647,0.0030428635984951,0.0001906908837719,0.999555720916474,0.810269133541857,0.022104411771887
0,0.0047943688163219,0.128215980893068,0.0040063408651533,0.0003559690545763,0.999039340363997,0.809312443429252,0.0221072405206535
0,0.0024967160788889,0.0825346917797865,0.0009185047965002,0.0008388106009609,0.998968741008981,0.809244220018936,0.0221041589228352
0,0.0017247996106096,0.112918342050367,0.000855593002243,0.0007723171865795,0.99898226003441,0.809321036454216,0.022061221993234
0,0.0159469081219715,0.0767905190918161,0.010551538894003,0.0001906908837719,0.999705932310124,0.81071284610361,0.0220970475432546
0,0.0253415745972712,0.0501859298001632,0.0017060883264034,0.0015154001995948,0.999312725100439,0.809593148911394,0.022105723426343
0,0.0005485162292785,0.107688121655531,0.001630914402679,0.0001939391252791,0.99877057751659,0.80910542964604,0.0250935142464084
0,0.0101085488032799,0.0407836260845905,0.0194530610251649,0.0007083077215859,0.999009644726945,0.809654081270226,0.0219981361548211
0,0.0240710637408308,0.0854370106116032,0.0127299795919039,0.000144069064493,0.999059214486849,0.809439385843486,0.0221217003258007
0,0.0145497205936955,0.0423254829639931,0.0209238270991849,0.0002015820464724,0.999121147799923,0.80949263655879,0.0220725527913658
0,0.0083438117197762,0.09662303110923,0.0064453073346911,0.0001906908837719,0.999064183017562,0.80941712209699,0.0220882452356404
0,0.0012449259128676,0.181908879281676,0.0011885532125225,0.0004897201754585,0.999051703917166,0.809353195199155,0.0221669286999335
1,0.0069385118923185,0.126311334159688,0.00021635523517,0.0002782023314348,0.998850882838579,0.809122485498619,0.0219020219090227
1,0.0029616132242957,0.207273936572241,0.0005622598277432,0.0001906908837719,0.998937312163541,0.808988903019641,0.0221878203528347
0,0.0155269406335706,0.0538440608277655,0.0394785588905567,0.0023817253168516,0.998985379809509,0.809329238887136,0.0220930493676237
0,0.0049197974421296,0.127429936209451,0.0085672208306283,0.0003410653582495,0.99896654561169,0.809389129667184,0.0220823190859899
0,0.0063775152027606,0.121202043716177,0.0056570782587569,0.0001906908837719,0.998963656931043,0.809442510579837,0.0220774043325464
0,0.015618672016624,0.108776491217462,0.0007442921493642,0.0009347292619364,0.999013919974302,0.809347336318498,0.0220871864302362
0,0.0060449109363153,0.0884300269069142,0.0018299734696612,0.002048685025855,0.998996587890419,0.809370120854386,0.0220947560987231
0,0.0072349228239537,0.0605254406385101,0.0051718301040634,0.0011768187907331,0.999069267095501,0.809399285060323,0.0220885612969551
0,0.0065734584291468,0.148139190373976,0.0012892003115094,0.0001906908837719,0.998884391534086,0.809247605149982,0.02207468620524
0,0.0057098105778141,0.138374096804426,0.0038441528706462,0.0004280035868229,0.998995894607064,0.809350591252197,0.0221186187279825
0,0.0009709798097353,0.170904253711038,0.0008833669687733,0.0007780493774745,0.998928299479922,0.808853888369836,0.0221652061657684
0,0.0059257225406473,0.186353054992895,0.0004922958205614,0.0001906908837719,0.99897578938976,0.808982002560201,0.0220599893541067
0,0.008866118982468,0.140067116122986,0.0019217167709094,0.0001906908837719,0.998977175956471,0.809327025532221,0.0220817501756234
0,0.0121603364732091,0.111225322731808,0.0014595600081917,0.0001488458902388,0.998984108790024,0.809322208230347,0.0220965576482168
0,0.0054845382697713,0.180336789914442,0.0063168482604434,0.00031775444861,0.998964812403301,0.809313485008036,0.0221268205190988
0,0.0093310161278748,0.146718263445899,0.0087015408083721,0.0001285921490767,0.999007449329653,0.809354106580591,0.0224105645643653
0,0.0004536647311552,0.199141397345588,0.000483373504254,0.0003435493076373,0.999155811967688,0.809253464030639,0.0220628022998075
0,0.0194882387262442,0.0638812467877982,0.0247333325052508,0.0001893533725631,0.999358943990793,0.809671397517501,0.0223175793255824
0,0.0067800100467705,0.150255464522176,0.0041209135973874,0.000207696383427,0.999070653662211,0.809408789466722,0.0220569393624199
0,0.0076043444482232,0.174290292348157,0.0021183583971303,0.0001906908837719,0.999013919974302,0.809408138479983,0.0221989299080462
1,0.0041360245365849,0.196994890709557,0.0001042360869686,0.0001906908837719,0.998834821774181,0.809005698477524,0.0221278635214373
0,0.0289821248607649,0.0538742933155969,0.0798974979039633,0.0012702535023208,0.998958226211426,0.80931387560008,0.0220748442358974
0,0.0031251072539555,0.15630196208846,0.0005820203840814,0.0007352490187922,0.998970127575692,0.80926348922643,0.0220851952439536
0,0.0064935834833588,0.127550866160776,0.0012420185158784,0.0001020329979301,0.998975442748083,0.809361007040031,0.0220969843309917
0,0.0125172776371993,0.124467152401971,0.0024866824471739,0.0006800289131708,0.999018772957789,0.809353325396503,0.0221036216186002
0,0.0117996511711352,0.104423012969737,0.0020390283275419,0.0020215526556189,0.998998090004356,0.80936986045969,0.0221054863803569
0,0.006170963585137,0.185687940260604,0.0024745289029756,0.0009142844477444,0.999107975416172,0.809430532423827,0.0220746071899113
0,0.0067213518834574,0.141729902953714,0.0013983619102252,0.0001906908837719,0.998952564397358,0.809180423318449,0.0221019622966981
0,0.0025734709096071,0.155304289990023,0.0013425104708446,0.0004822683272951,0.99900779597133,0.809353585791199,0.0221087734180298
0,0.0006365034742481,0.208694863500317,0.0002882757981078,0.0004990827539202,0.998958457305878,0.808008516989712,0.0221426235848335
0,0.0038901594690812,0.19983674456571,0.0004554857058509,0.0001906908837719,0.998980757920473,0.809261145674167,0.0220870125965131
0,0.0090277409430859,0.137890376999123,0.003552188748856,0.0001906908837719,0.999017039749401,0.809359054079812,0.0221469378217791
0,0.0103294529502248,0.113281131904344,0.0016301218157155,0.0001606924180884,0.998977984787052,0.809304110798985,0.0220420054653006
0,0.0066283724543761,0.18475073313783,0.0009512777272324,0.0003261616619226,0.998988499584608,0.809331191847355,0.0221239127550036
0,0.0062564547380507,0.184146083381201,0.0039922102062845,0.0001906908837719,0.998999245476615,0.809347987305238,0.0221285746593953
0,0.0010034290064617,0.124376454938477,0.0013961401289258,0.0016187707087338,0.999050432897682,0.809702254288961,0.0220756501922498
0,0.0182807541942147,0.0676300752788947,0.0110145674674031,0.0001712014347291,0.999279909688288,0.809575832664119,0.0221624090231333
0,0.0091731383053407,0.138555491731415,0.0155406032012194,0.0008046085286211,0.999114330513596,0.80946308176081,0.022206926259308
0,0.0155912150040093,0.103727665749615,0.0081956917079859,0.0001906908837719,0.999050317350456,0.809406055322416,0.0225957606917103
0,0.0055456925251403,0.188499561628926,0.0004575645852053,0.0001906908837719,0.999020390618952,0.809351502633632,0.0221149840228635
1,0.0050807953797336,0.157934516431357,0.0003631876831149,0.0001906908837719,0.998845914307866,0.808864043762974,0.0220804543242332
1,0.0081541087235297,0.137588052120809,0.0036950825323848,0.0001906908837719,0.998950484547292,0.809691317711735,0.0222589657547724
0,0.0297041194879267,0.0391208392538622,0.0012759460492435,0.0001906908837719,0.998877920889436,0.80939694150806,0.0219307044733311
0,0.0058995135740606,0.140490370952626,0.0034914861634807,0.0001906908837719,0.999111095191271,0.809541460564265,0.0220881030080488
0,0.0259343964605415,0.0598905583940502,0.0088069228702251,0.0001906908837719,0.999074582267891,0.809553048128231,0.0220673851888706
0,0.0062814156586094,0.132448529189467,0.000688480040081,0.0001906908837719,0.998812752254038,0.809366865920688,0.02194864095294
0,0.0074938923747507,0.181001904646733,0.0030897457741793,0.0001906908837719,0.999007911518556,0.809330150268571,0.0221623142047389
0,0.0062751754284698,0.17794842337576,0.0013355511616729,0.0001906908837719,0.999089141218353,0.809348768489325,0.0226193704719179
0,0.0087644032311911,0.193004202315809,0.0048495417581753,0.0001906908837719,0.999004907290683,0.809359054079812,0.0220508235759806
0,0.0041041993628725,0.0644556640565952,0.0109424690640248,0.0001906908837719,0.997934593337316,0.808671872477426,0.0220915954855761
0,0.0432029853260988,0.0133929921093207,0.0995091190330571,0.0001906908837719,0.999332945864969,0.809626479432465,0.0701092897357934
0,0.007088277415671,0.151222904132781,0.0021705874840147,0.0001708192886695,0.99906198762027,0.809379885655481,0.0221011089311484
0,0.0164829438909707,0.080781207485564,0.0081351964606242,0.0001906908837719,0.999120685611019,0.809377542103218,0.0221196301241895
0,0.0018414919142218,0.18686700728603,0.0001636546729131,0.0001906908837719,0.998617130800615,0.808490507571757,0.0220162938773503
0,0.0223980580403805,0.092269552861505,0.044607399837898,0.0001906908837719,0.999058405656268,0.809401758809934,0.0220695502088762
0,0.0068704933837959,0.109078816095777,0.0010470807145601,0.0001104402112426,0.999063720828658,0.809332884412878,0.0221104169368662
0,0.0090202526669183,0.0716812286483055,0.0018546085290974,0.0003894068347969,0.998993468115321,0.809307365732683,0.0220715413951588
0,0.0040174601639308,0.241194787919098,0.0004120648507867,0.0001906908837719,0.998841523513283,0.808117752564627,0.0219909773660433
0,0.0122764047538073,0.119962511715089,0.0020654674025835,0.000105472312467,0.998984339884476,0.80934720612115,0.0220780680613072
0,0.0110814006820572,0.0850439882697947,0.0085540967618667,0.0003485172064129,0.999002134157262,0.809388739075141,0.0221192192444804
0,0.0172941738091301,0.083925386220032,0.0054186220544055,0.0001906908837719,0.999161704876208,0.809491725177355,0.0220934602473328
0,0.0126632990224679,0.100825346917798,0.0052895107495648,0.0001238153233309,0.999132240333608,0.809514119121199,0.0221860662125382
0,0.014919142217965,0.0530882486319799,0.008715846470629,0.0001906908837719,0.999044771083613,0.809409180058766,0.0220468412034155
0,0.0100193135122823,0.164343803851619,0.0017678516002018,0.0001906908837719,0.999000863137777,0.809360356053291,0.0220669110968985
0,0.0078202564110564,0.160050790579557,0.0021737040833262,0.0001906908837719,0.999057596825687,0.809379104471394,0.0221175283164468
0,0.0091188483031254,0.124588082353297,0.0054890689434653,0.0001906908837719,0.99921162127779,0.809516853265506,0.0225257215043741
0,0.0218308211206829,0.0394533966200079,0.0044638678108336,0.0001211403009132,0.999115832627532,0.809554480299058,0.0220706090142805
0,0.014140985519546,0.0785742358738701,0.0017220107976655,0.0001677621201921,0.99900837370746,0.809355538751418,0.0223568341408674
0,0.0045197986901756,0.141034555733591,0.0002588338390364,0.0001906908837719,0.999039687005674,0.809285752972926,0.0220292998004499
0,0.0001928231113163,0.159627535749917,0.0001747762489867,0.0001906908837719,0.612131534340058,0.0,0.0219671463429154
0,0.0129877909897317,0.0627626447380355,0.0099085374853337,0.0005034774336064,0.999008489254686,0.809726601193024,0.0221043959688212
0,0.0594107350679093,0.0174139129909,0.0223967466126306,0.0001906908837719,0.999131547050253,0.809644967455871,0.0221043011504268
0,0.0045060701838683,0.144874081688182,0.0003534122690124,0.0001906908837719,0.999157776270528,0.809351893225676,0.0221272630049394
0,0.0047656637576793,0.0836532938295492,0.0022125646874344,0.000642387526294,0.999013111143721,0.809397071705408,0.0221694729935167
0,0.0041828262626325,0.141034555733591,0.0014133995708863,0.0001906908837719,0.998721469945589,0.808381141799494,0.0220419580561034
0,0.0077840630762462,0.115064848686398,0.0005699983353225,0.0001018419249002,0.999020275071726,0.809389780653924,0.022025838929054
0,0.0144299081750135,0.0871904949058258,0.0152323849645047,0.0005332848262601,0.999076893212409,0.809419726043948,0.022173328941556
0,0.0059887488650581,0.0531789460954742,0.0113255964652854,0.0013894830729358,0.999214625505664,0.809664366860713,0.0220967314819399
0,0.0109360033198024,0.103788130725277,0.0025869913345274,0.0001240063963607,0.9990723868706,0.809391212824751,0.0221180024084188
0,0.0103631501929791,0.0999486047706866,0.002969599807798,0.000127063564838,0.998991850454158,0.809449150644581,0.0220211138123994
0,0.0192273971064053,0.0487347703842549,0.0148157018003454,0.0001196117166746,0.999070884756663,0.809400587033802,0.0221094529498563
0,0.0100155693741985,0.0470719835535266,0.020091121940118,0.0021574055798292,0.999168637709761,0.80952479530373,0.0220882452356404
0,0.0357883438741221,0.0324394594431176,0.0154618241804961,0.0001906908837719,0.99907631547628,0.809415559728815,0.0221000343226785
0,0.0188791922646107,0.124890407231611,0.0086268294990892,0.000123624250301,0.999086021443254,0.809505786490932,0.0220689971015755
0,0.0048492828415512,0.161471717507634,0.0001725390582174,0.0002525985454374,0.999098153901972,0.809422329990907,0.0221393997594236
0,0.006429933135934,0.102548598724189,0.0009519028892356,0.0003032328983428,0.999130276030768,0.80944420314536,0.0220789688360541
0,0.0074539549018567,0.142001995344197,0.0026867123690612,0.0001075741157952,0.999027323452505,0.809399805849715,0.0220999711104155
0,0.0143450410451137,0.0740695951869879,0.0051523084430898,0.0002747630168979,0.999063605281432,0.809426366108693,0.0222017112476155
0,0.0100760996065535,0.105692777458657,0.0010918308064399,0.0001906908837719,0.999038300438964,0.80937428716952,0.0220739592642162
0,0.007528213640519,0.0992532575505638,0.0015529677653813,0.0001199938627342,0.999122765461085,0.809548621418401,0.0221657434700034
0,0.0065241606110433,0.12464854732896,0.0009405762486767,0.0001906908837719,0.999193249268875,0.80949263655879,0.0221336158373647
0,0.0088049647270991,0.07899749070351,0.0086659201764947,0.0001906908837719,0.999075853287376,0.809380015852829,0.0221192666536776
0,0.0066408529146554,0.257792423738549,0.0004527763595937,0.0001906908837719,0.999297010677719,0.809600049370834,0.0221899063575117
0,0.0141927794297054,0.0820207394866523,0.0044630075038161,0.0001519030587161,0.999201106480235,0.809502791951929,0.0221023731764072
0,0.0058421034567754,0.114339268978444,0.010203391805761,0.0010738304276539,0.999236926120259,0.809546277866138,0.0221486761590099
0,0.004731966514925,0.122411343229434,0.0019893436686652,0.0001906908837719,0.999070538114986,0.809585337070518,0.0220601631878298
0,0.0056268155169562,0.212050669649605,0.0001802184734912,0.0001906908837719,0.999030327680378,0.809061422942439,0.0220952934029581
0,0.0204167849710297,0.0287813284155153,0.0053861267273156,0.0007495794960295,0.998936849974637,0.809305803364508,0.0223570079745904
0,0.0072792284579455,0.170662393808386,0.0001727930132783,0.0001906908837719,0.998974749464727,0.809315698362951,0.0220529727929205
0,0.0242501583458398,0.0624300873718898,0.0088403378686841,0.0001906908837719,0.999275287799253,0.809573749506552,0.0221286378716583
0,0.0043843856961444,0.133748526166218,0.0029036500744241,0.0001906908837719,0.9991442572451,0.809425064135214,0.0224315826417925
0,0.0047201100776596,0.139915953683829,0.0011656248150414,0.0149059892032274,0.999030789869281,0.809381057431613,0.0221029104806422
0,0.0098102658026028,0.139643861293346,0.0219537404205354,0.0001920283949808,0.99927228357138,0.809654992651662,0.0225064575672435
0,0.0048056012305733,0.147776400519999,0.0007304890340341,0.152275077905251,0.999185392057515,0.809486517283438,0.0221454997427972
1,0.0032711286392242,0.288659793814433,0.0001798572350963,0.0001106312842725,0.998748739090897,0.808864564552366,0.0219771654865912
0,0.0151706234925944,0.0517580191673973,0.0028492155290081,0.0001906908837719,0.998849380724643,0.809072489717014,0.0223394665716249
0,0.0089728269178567,0.136076427729238,0.005739008584105,0.0001068098236758,0.999196831232877,0.80966957475463,0.0221915340732824
0,0.0293097369430985,0.055446382682831,0.0102367641318416,0.0001906908837719,0.999037722702834,0.809347987305238,0.0220751128880148
0,0.0066826624565914,0.119660186836775,0.0033341335362929,0.0001906908837719,0.998813214442941,0.80921440482626,0.0223615434544563
0,0.0075182292722955,0.184055385917707,0.004528702990651,0.0001906908837719,0.99902212382734,0.809340696253754,0.0221053915619625
0,0.0048218258289365,0.214559966139614,0.0011129183260653,0.0001906908837719,0.99899011724577,0.809043716103121,0.0221503828901092
0,0.0128068243156808,0.133174108897421,0.000823880468456,0.0001906908837719,0.999010222463074,0.809354497172634,0.0221180972268132
0,0.0110782805669873,0.0532998760467999,0.0237287824330951,0.0001906908837719,0.999164015820726,0.809468419852075,0.0236676036251664
0,0.0601289855569873,0.0125464824500408,0.0441474694812639,0.0001253439075695,0.999007564876879,0.809688974159472,0.0222364305830347
0,0.0062970162339587,0.159657768237748,0.001794976250919,0.0001786532828926,0.998988730679059,0.809388088088401,0.0220400458851495
0,0.0163868443468195,0.0734044804546966,0.0082802850734537,0.0001906908837719,0.99910578001888,0.809422329990907,0.02209791671187
0,0.0832278214420548,0.0142395017686005,0.0386712798233401,0.0001906908837719,0.998811365687327,0.809378974274046,0.0283037016105584
0,0.001817155016677,0.21150648486864,0.0026493460171773,0.0001906908837719,0.998851460574709,0.809174173845749,0.0221945208527062
0,0.0274064667504938,0.0880672370529371,0.048474696741446,0.0001906908837719,0.998995085776483,0.809348898686673,0.022030247984394
0,0.0056430401153194,0.128941560601022,0.0015314745666828,0.000110058065183,0.998800388700868,0.808999579202172,0.0220500650288253
0,0.0064211968137384,0.0866463101248602,0.0006939080210275,0.000433544704688,0.998983762148346,0.809322989414435,0.022160164987799
0,0.0042664453465043,0.219336699216979,0.0001436442033422,0.0001906908837719,0.9988764187755,0.808816651928327,0.0220508077729149
0,0.0094414682013472,0.156906611845089,0.0012032700530707,0.0001318403905838,0.998997743362678,0.809309839482294,0.022162788296711
0,0.0076162008854886,0.109713698340236,0.0013365423034463,0.0002955899771495,0.999026745716375,0.809383010391832,0.0221153000841782
0,0.0177022848602656,0.0730114581128881,0.0033214461209994,0.0001906908837719,0.999192209343842,0.809489642019788,0.0221271997926764
0,0.0090801588762593,0.11530670858905,0.0028716156323396,0.0001906908837719,0.999064298564788,0.809461128800591,0.0220717626380791
0,0.0105434928440161,0.0829277141215951,0.0070475854588423,0.0001906908837719,0.999086830273835,0.809448499657841,0.0221785913624457
0,0.0092810942867573,0.161834507361611,0.0027841064376031,0.0001003133406616,0.998991734906932,0.809352544212415,0.0221030052990366
0,0.0078339849173637,0.157511261601717,0.0046691830060411,0.0001906908837719,0.999027670094182,0.809349289278717,0.0220959413286532
0,0.0122558119943464,0.0932672249599419,0.0046497140248571,0.0001906908837719,0.999158700648335,0.809492506361442,0.022051218652624
0,0.0241047609835851,0.0331045741754089,0.0398144870658021,0.0001199938627342,0.999127502897347,0.809468940641467,0.0220824455105157
0,0.0100080810980309,0.104513710433232,0.0003258409379841,0.0002164857427992,0.998981797845506,0.809354366975287,0.0220594520498718
0,0.0050427299758815,0.117876470054721,0.0025445321236636,0.0001906908837719,0.999079204156927,0.809362569408206,0.0222042239350673
0,0.0001628700066458,0.245729661093811,0.001061838148277,0.0066504878763207,0.99867790864143,0.808989163414337,0.0222586654965234
0,0.0062570787610647,0.0928742026181334,0.0112799573655215,0.0005395902362446,0.999043153422451,0.809575181677379,0.0220923540327314
0,0.0562581708013392,0.0153883363061946,0.0749888411633227,0.0001906908837719,0.999107166585591,0.809499146426187,0.0220641929695922
0,0.0059719002436809,0.149378722375064,0.0011797420076268,0.0001906908837719,0.999099540468683,0.809347596713194,0.0220610165533795
0,0.0054814181547015,0.0985579103304411,0.0014378348707368,0.0010572070740585,0.99900779597133,0.809419075057209,0.0220803120966416
0,0.0049953042268198,0.143936874565408,0.0030442764894952,0.0001083384079145,0.998875725492145,0.809058428403437,0.0220835675281829
0,0.0075750153665667,0.117392750249418,0.0003313783980654,0.0001098669921532,0.998999361023841,0.809381317826309,0.0221122184863599
0,0.024145322479493,0.0415696707682075,0.0296492839102121,0.0006769717446935,0.999105317829977,0.809430011634435,0.022151884181354
0,0.0033322828945931,0.0824439943162923,0.0072076248913223,0.0011959260937163,0.999211967919468,0.809583384110299,0.0221018042660408
0,0.006150370825676,0.126402031623182,0.0031492588572898,0.0001136884527498,0.999049277425423,0.809374807958912,0.0220946138711315
0,0.0096798449926833,0.0921486229101793,0.0020627141014447,0.0001555334462829,0.998989192867963,0.809466987681248,0.0221290013421702
0,0.0133983981329231,0.0627324122502041,0.0096022045282893,0.0001140705988095,0.999084865970995,0.809388869272488,0.0221210998093028
0,0.0030764334588659,0.0646370589835838,0.0036217273341885,0.0010088655975111,0.999216474261278,0.809571926743681,0.0221040641044408
0,0.0219337849179878,0.0476161683344922,0.0180334001960406,0.0001906908837719,0.999051588369941,0.809368818880907,0.0220655836393768
0,0.0060149578316448,0.143362457296611,0.0015540491293101,0.0001155991830481,0.999077933137442,0.809376630721783,0.0220778310153212
0,0.0058558319630828,0.182694923965293,0.0013875363786349,0.0002361662648719,0.999103237979911,0.809446546697622,0.022122759131205
0,0.0064998237134985,0.0953230341324788,0.0003363993785718,0.0004350732889266,0.999136631128192,0.809440948211661,0.0221156793577558
0,0.0079051235409561,0.127429936209451,0.0031147304517543,0.0001906908837719,0.999035411758317,0.809441469001053,0.0220427640124559
0,0.0137703158492485,0.0786347008495329,0.0137400020468207,0.0003976229750796,0.999079204156927,0.809421679004167,0.0221238969519379
0,0.0095238392391911,0.117997400006046,0.0010059667329378,0.0001906908837719,0.999014959899335,0.809357882303681,0.0220941555822252
0,0.0071594160392635,0.105481150043837,0.00114291246105,0.000108911627004,0.999067996076016,0.809507999845846,0.0220880555988516
0,0.006469246585814,0.143846177101914,0.002237146212079,0.0001906908837719,0.999192209343842,0.809533778920737,0.0221000185196127
0,0.0055899981591321,0.0862230552952202,0.0014487528202832,0.0001906908837719,0.999079435251379,0.809379234668742,0.0221045539994786
0,0.0069640968358913,0.242101762554041,0.000858623771001,0.0001906908837719,0.999398576689272,0.809711368103316,0.0221008718851624
0,0.0133434841076939,0.0792393506061614,0.000488534530221,0.0001092937730637,0.999131662597478,0.80944667689497,0.02206253364769
0,0.0057747089712668,0.062369622396227,0.0051540906561411,0.0010791804724892,0.999217514186311,0.809511905766284,0.0221152684780467
0,0.0057229150611074,0.140399673489131,0.0044762384284105,0.000122477812122,0.999051010633811,0.809587550425433,0.0221057076232772
0,0.0064617583096464,0.195936753635457,0.0006746397515907,0.0001906908837719,0.998867752733558,0.80906389669205,0.0220009016913247
0,0.0066202601551945,0.0608579980046558,0.0036544265598517,0.0007862655177572,0.998929686046632,0.809290960866844,0.0221312927867017
0,0.007508244904072,0.161139160141488,0.0006363916787725,0.0001906908837719,0.999009413632493,0.809321166651564,0.0221189663954286
0,0.0231256688746681,0.057592889318862,0.0048098474104108,0.0001906908837719,0.999213238938953,0.809482611363,0.0221383409540194
0,0.0048405465193556,0.149136862472413,0.0009698365586617,0.0001906908837719,0.999114330513596,0.809413867163292,0.0222096127804829
0,0.0045965535208938,0.186322822505064,0.0005011539145505,0.0001285921490767,0.99904430889471,0.809339003688231,0.0221377246344557
0,0.0084517677011928,0.109562535901079,0.0127189880538797,0.0001232421042414,0.999473104649967,0.809773602435628,0.0226393297439409
0,0.0094040268205091,0.0983462829156211,0.0025240869049476,0.371618508938683,0.99908613699048,0.809434698738961,0.0220854322899396
1,0.0181029076352336,0.0803881851437555,0.0006820659113507,0.0028414470266266,0.999040726930707,0.809367256512732,0.0221558665539192
0,0.0058539598940408,0.0871300299301629,0.0048202545544873,0.0001906908837719,0.99871384382868,0.809119621156965,0.0205132800983886
0,0.0089878034701919,0.12316715542522,0.0046487300340104,0.0001146438178989,0.999176726015574,0.809850549068256,0.0221114915453361
0,0.0315986533583359,0.067509145327569,0.0141150344823462,0.0001906908837719,0.999071000303889,0.809389129667184,0.0221034793910086
0,0.0053135559639439,0.0939323396922333,0.0016983384317504,0.0001906908837719,0.998349870067144,0.808822380611636,0.021873829239752
0,0.006169715539109,0.178643770595882,0.0018999477174366,0.000111204503362,0.998987459659575,0.809330280465919,0.0220925910787174
0,0.005292339181469,0.188439096653264,0.0008402267292906,0.0002147660855307,0.999132702522511,0.809393946969058,0.0221415963855607
0,0.0037316576235331,0.202618133446201,0.0007019010860555,0.0001906908837719,0.998949791263936,0.809307235535335,0.0220604950522102
0,0.0154664104012156,0.109169513559271,0.0015517332200503,0.0001906908837719,0.998864286316782,0.809306975140639,0.0219825069228095
0,0.014559704961919,0.0438975723312271,0.0275627743225473,0.0001906908837719,0.999285571502357,0.809583904899691,0.0221368396627746
0,0.0103968474357334,0.0918160655440336,0.0028586422188376,0.0001226688851519,0.998963079194913,0.809307886522075,0.0221376456191271
0,0.0064542700334788,0.159990325603894,0.0025095447180139,0.0002126642822026,0.999001787515584,0.809357101119593,0.0221227117220078
0,0.0249035104414651,0.0486743054085921,0.0110327693354482,0.0001906908837719,0.999150612342523,0.809522842343511,0.0221341689446654
0,0.0470875285880543,0.0222511110439278,0.0651773753330049,0.0001906908837719,0.998783980994792,0.809308277114119,0.0221506041330295
0,0.0012461739588956,0.183722828551561,0.0006089575367204,0.0001906908837719,0.999206652747077,0.809482871757696,0.0225676154316368
0,0.0226545314991217,0.0945067569610303,0.0137382659067244,0.0001906908837719,0.998798539945254,0.809152430888644,0.0219165133203014
0,0.0064548940564928,0.103183480968649,0.0021386271162046,0.0001906908837719,0.998976944862019,0.809318823099301,0.0220373277578432
0,0.0083176027531895,0.0760347068960305,0.0015158796000956,0.0003580708579045,0.999049739614326,0.808962212563315,0.0220708460602665
0,0.0043032627043285,0.239411071137044,0.0048495417581753,0.0001906908837719,0.998982375581636,0.808479050205139,0.0222133897131935
0,0.0121609604962231,0.138495026755752,0.0027093780671415,0.0001091027000338,0.999020043977274,0.809361267434727,0.0221302181782317
0,0.0074533308788428,0.0965021011579043,0.003073555143162,0.0002667379496449,0.998984802073379,0.809315698362951,0.0220324130043997
0,0.0164348941188951,0.0812649272908667,0.0017224969635289,0.0001906908837719,0.999126116330636,0.809451884788888,0.0220687600555895
0,0.0098420909763152,0.108141608973002,0.0013765688778294,0.0001906908837719,0.999089834501708,0.809503573136017,0.0221189505923629
0,0.0127912237403315,0.0731021555763824,0.0074416423910417,0.0001906908837719,0.99911028636069,0.809452275380931,0.0221130402457781
0,0.0084143263203547,0.168092632342715,0.001737156110866,0.0001906908837719,0.998975558295309,0.809327936913656,0.0220674325980678
0,0.0059931170261559,0.154094990476766,0.0013347784340768,0.0001906908837719,0.999085328159899,0.809408659269374,0.0221983293915483
0,0.0077222847978633,0.133929921093207,0.0020762938280396,0.0001906908837719,0.999107051038365,0.809433136370785,0.0220939343393049
0,0.0201890165709311,0.0504882546784775,0.0183096126332417,0.0001692907044308,0.999216705355729,0.809544585300615,0.0222384059662515
0,0.0135731245768344,0.0789672582156786,0.0021413074895491,0.0002801130617332,0.999002596346166,0.809436912093875,0.0222647970860285
0,0.0060380466831616,0.105178825165523,0.0037864075821423,0.0001906908837719,0.999103700168814,0.80939069203536,0.0220938237178447
0,0.0007719164682793,0.192066995193034,0.0003011018986312,0.0026631758897936,0.999194866930037,0.809518936423073,0.0300586794695941
0,0.0,0.312755086616078,0.0005159687888643,0.0007908512704732,0.998494766288404,0.808784623380736,0.0222160288251712
0,0.0138976165440981,0.0781509810442301,0.0207458599628617,0.0006890093455729,0.99902270156347,0.809686109817818,0.0220784315318191
0,0.0452048511549106,0.019409257187774,0.017784436346,0.0001906908837719,0.999065338489821,0.809521410172683,0.0220587093057822
0,0.0036904721046112,0.15203918130423,0.0048495417581753,0.0001906908837719,0.999038647080641,0.809266353568084,0.0220547585393485
0,0.0065722103831189,0.0906369985186081,0.00698098864432,0.0017137340045601,0.999019812882822,0.809449931828669,0.0221193140628748
0,0.0050021684799735,0.127490401185114,0.0012661051108878,0.000106618750646,0.998994739134806,0.809319083493997,0.0220674958103307
0,0.0056374239081937,0.127097378843305,0.0048495417581753,0.0001190384975851,0.99894632484716,0.809223779035311,0.0220296474678961
0,0.0230383056527125,0.0439278048190586,0.0253008875554298,0.0007950548771295,0.999122303272182,0.809434438344265,0.0221519631966827
0,0.0049160533040458,0.0521812739970372,0.0048495417581753,0.0010252978780766,0.999237966045292,0.809855626764825,0.0220963522083623
0,0.0084923291971007,0.117543912688575,0.003960864332383,0.0001070008967057,0.999059098939623,0.809376500524435,0.0220980273333302
0,0.0086757919632076,0.0964718686700728,0.0031780668322906,0.0001507566205371,0.998975442748083,0.809432355186698,0.0220709882878581
0,0.0191063366416953,0.0504882546784775,0.0127071717691533,0.0001144527448691,0.999114330513596,0.809560208982367,0.0221153790995069
0,0.0023188695199078,0.0938718747165704,0.002194268380519,0.0006462089868906,0.999230917664513,0.809513598331807,0.0220864594892124
0,0.0195949466616329,0.0546301055113825,0.0116993509058268,0.0001906908837719,0.999130391577994,0.809481179192172,0.0221653799994915
0,0.0072517714453309,0.159022885993288,0.0052318425861383,0.0001906908837719,0.998961923722654,0.809338222504143,0.0220082343138256
0,0.0040798624653277,0.161653112434622,0.0007130099148249,0.0003349510212948,0.999072502417826,0.80939004104862,0.0220874234762222
0,0.0063569224432997,0.107809051606857,0.0048495417581753,0.0004667914118787,0.999082323932026,0.809427407687476,0.0221107329981809
0,0.0074458426026751,0.129727605284639,0.0025235690845739,0.0001906908837719,0.999046735386454,0.809397201902756,0.0221123607139515
0,0.0101927919101656,0.0730416906007195,0.0041692729252537,0.0003920818572145,0.999129698294638,0.809448890249885,0.0221968755095007
0,0.0096361633817055,0.112102064878919,0.0014081171151867,0.0001906908837719,0.999019466241145,0.809327806716308,0.0221120288495711
0,0.0075375739857285,0.0904253711037881,0.0011303092440332,0.0001906908837719,0.999065338489821,0.809464774326333,0.0220700243008483
0,0.0097141662584516,0.107718354143362,0.0096295548218382,0.0001906908837719,0.999157776270528,0.809473627745992,0.022091785122365
0,0.0059438192080523,0.0993439550140581,0.001277102031539,0.0001906908837719,0.999032985266573,0.809396290521321,0.0220594204437403
0,0.0073366385752306,0.22765063337062,0.0003994197775299,0.0001906908837719,0.999403429672759,0.809682464292075,0.0221045698025443
0,0.0154901232757464,0.0716207636726426,0.0023653640591381,0.0001906908837719,0.999151883362008,0.809498886031491,0.0221039376799149
0,0.005971276220667,0.0548719654140339,0.0067231795253221,0.0012618462890082,0.999178805865639,0.809435870515092,0.0220837887711032
0,0.0066027875108034,0.136257822656226,0.0013273259441379,0.0001192295706149,0.999051126181037,0.809524925501078,0.0220887825398754
0,0.006210901058031,0.186625147383378,0.0004722098581898,0.0001906908837719,0.998897563917837,0.809358923882464,0.0220886719184152
0,0.0110283587258698,0.0456510566254497,0.0201256524054312,0.0010799447646085,0.998970589764596,0.809319083493997,0.0221613186115976
0,0.0069603526978075,0.14759500559301,0.0012828149225094,0.0001906908837719,0.999046850933679,0.809355017962026,0.0220540315983247
0,0.0255381418466713,0.0518487166308915,0.0031221224697253,0.0001906908837719,0.999159740573368,0.80953482049952,0.022084752758113
0,0.0040754943042299,0.153792665598452,0.0012616560685028,0.0001906908837719,0.999030905416507,0.809364522368425,0.0221120604557026
0,0.0040230763710565,0.188590259092421,0.000176916494175,0.0001029883630792,0.999016693107723,0.809195656408157,0.022100540020782
0,0.0070864053466291,0.110197418145539,0.0007736168759861,0.0001312671714943,0.999177419298929,0.809456702090761,0.0220120270496019
0,0.0049466304317303,0.101309066723101,0.0031482637708474,0.0001906908837719,0.999137324411547,0.80943287597609,0.0221424655541761
0,0.0041871944237303,0.158750793602806,0.0039391656222663,0.0001906908837719,0.99916840661531,0.809485996494046,0.0221528007591666
1,0.0040212043020146,0.189315838800375,0.0048495417581753,0.0001906908837719,0.998707604278483,0.806173515567957,0.0220523406702911
0,0.0053965510248017,0.120264836593403,0.0010283075302134,0.0001037526551985,0.998921713288046,0.809153602664775,0.0226821718551476
0,0.0124043294716709,0.109804395803731,0.0031114474962353,0.0001436869184334,0.999168522162536,0.80959340930609,0.0221687302494272
0,0.0409964399487053,0.0685672824016688,0.0101351898996489,0.0001906908837719,0.999038184891738,0.80939694150806,0.0220605740675389
0,0.0038352454438519,0.0908788584212595,0.0005456192129975,0.0001906908837719,0.998043785465777,0.808212536233922,0.0220372013333173
0,0.0060742400179718,0.223145992683738,0.0018911843732276,0.0001052812394372,0.99887052586698,0.809232762652318,0.0219977726843092
0,0.0056367998851797,0.169392629319467,0.0007196481707013,0.0001893533725631,0.999147261472973,0.809432094792002,0.0221380564988362
0,0.0062489664618831,0.123015992986063,0.0049099521854406,0.0001906908837719,0.998992890379191,0.809360876842683,0.022100777066768
0,0.0155799825897579,0.104332315506243,0.0022671647729196,0.0001906908837719,0.998851460574709,0.808941250790298,0.0220379124712754
0,0.0129846708746619,0.0526045288266771,0.015316550459708,0.0001906908837719,0.999341727454136,0.809668402978499,0.0221337580649563
0,0.0123700082059026,0.13081597484657,0.0047336277802323,0.000145215502672,0.998967007800593,0.809343170003364,0.0220602422031585
0,0.0075581667451895,0.146476403543248,0.0021039950805261,0.0001601191989989,0.999078164231894,0.809391994008839,0.0222290347482708
0,0.0200610918530675,0.0659975209359978,0.006450494671405,0.0001906908837719,0.999180423526802,0.809466466891856,0.0221200252008329
0,0.0551767389181313,0.0167790307464401,0.0041759083829413,0.0001906908837719,0.99886070435278,0.809315568165603,0.0220813550989801
0,0.0043070068424123,0.173655410103697,0.0014985817607673,0.0001469351599405,0.999216705355729,0.80948130938952,0.0221019148875009
0,0.0062876558887491,0.102185808870212,0.0016925979669617,0.0001906908837719,0.99868241498324,0.808966378878449,0.021675706204636
0,0.0058782967915856,0.109713698340236,0.0013142359394379,0.0001421583341947,0.999002596346166,0.809328587900396,0.0221628515089739
0,0.0069928018945338,0.0665417057169634,0.0020638461436809,0.0003443135997566,0.999067302792661,0.80931765132317,0.0220783051072933
0,0.0055269718347212,0.234815732986667,0.0005899697274102,0.0001906908837719,0.99864451549315,0.808805585153753,0.0219844506998949
0,0.0096873332688509,0.160806602775342,0.0019492419512551,0.0001094848460935,0.999020043977274,0.809316870139082,0.0220830302239479
0,0.0063787632487886,0.102820691114672,0.0023608693712991,0.000332467071907,0.998931188160569,0.809260104095384,0.0220479000088197
0,0.0142090040280686,0.0958067539377815,0.0022774239239023,0.0001906908837719,0.999131315955801,0.809447848671102,0.0220984224099735
0,0.0143225762166109,0.139825256220334,0.0039511083501469,0.0001003133406616,0.99911028636069,0.809485866296698,0.0221437456025006
0,0.0116461415096989,0.101913716479729,0.0069338225302052,0.0001906908837719,0.999109708624561,0.809393035587622,0.0221080148708745
0,0.0078851548045091,0.17773679596094,0.0016914767094113,0.0001906908837719,0.999035296211091,0.809409310256114,0.0221620771587529
0,0.0082308635542478,0.123409015327871,0.0043871568847789,0.0001906908837719,0.999034718474961,0.809359965461248,0.0221283692195408
0,0.0084561358622906,0.142122925295523,0.0012841615119816,0.0001906908837719,0.99915800736498,0.809492245966747,0.0221901117973663
0,0.0259119316320386,0.0429905976962844,0.0519524237444782,0.0001620299292972,0.999249636315107,0.809562292139934,0.0221131982764355
0,0.0087793797835264,0.125767149378722,0.0011736363403425,0.0004599127828048,0.99902212382734,0.809463602550202,0.0222050614975513
0,0.0084124542513127,0.129032258064516,0.0021614822944134,0.0001906908837719,0.999080706270863,0.809377542103218,0.0221236915120833
0,0.0023925042355562,0.16032288297004,0.0044100657726663,0.00217918790523,0.999208848144369,0.809457743669545,0.0220920063652852
0,0.0004112311662054,0.182604226501799,0.0006611366837084,0.0008691912127042,0.999072271323374,0.809347075923802,0.0228885124844456
0,0.0075999762871254,0.0741300601626508,0.0040417719780386,0.0010587356582972,0.999036105041672,0.809826722953584,0.0220939817485021
0,0.0387955107784375,0.0249720349487559,0.0030769185854713,0.0001906908837719,0.999130738219671,0.809542892735092,0.0221723017422833
0,0.0034377427839538,0.144239199443722,0.0048495417581753,0.0001201849357641,0.999037607155609,0.809321817638304,0.0221006506422421
0,0.0092823423327852,0.075641684554222,0.0151444960905322,0.002483376168722,0.99903645168335,0.809454098143803,0.0221189031831657
0,0.002275811931944,0.148260120325302,0.0003964016977806,0.0001033705091389,0.998735335612695,0.808737622138132,0.0220778626214527
0,0.0070770450014196,0.122048553375457,0.0016597622518695,0.0001285921490767,0.999014844352109,0.809349159081369,0.0221533538664673
0,0.0329371827232988,0.036037125495057,0.0320621772067511,0.0014588425827647,0.999139635356064,0.809433787357525,0.0221631517672229
0,0.0061541149637598,0.0725579707954167,0.0037212336271675,0.0015008786493276,0.999243512312135,0.809582863320907,0.0220963522083623
0,0.0084455274710531,0.109683465852405,0.0054772464794054,0.0001008865597511,0.999077239854087,0.809392775192927,0.0221037954523233
0,0.0080374164199175,0.0903649061281253,0.0035366161094833,0.0001740675301766,0.998978446975956,0.80946620649716,0.0221145415370229
0,0.0135955894053373,0.0653021737158751,0.0101584066465943,0.0001071919697355,0.999092260993452,0.809460998603243,0.0220727424281546
0,0.0038159007304189,0.0958974514012758,0.0022117545534957,0.0005189543490227,0.999235424006323,0.809471544588425,0.0220935550657272
0,0.0090851510603711,0.106871844484083,0.0009794864429078,0.0001906908837719,0.999144026150648,0.809449280841929,0.022121447476749
0,0.0063338335917828,0.169574024246455,0.0025400504746069,0.0001906908837719,0.998902070259646,0.808945286908084,0.0220298054985535
0,0.0034408628990237,0.15799498140702,0.0006795988610347,0.0003122133307449,0.999019697335596,0.809302157838766,0.0220407412200419
0,0.0070277471833161,0.129002025576685,0.0001250215770957,0.0004411876258813,0.999083363857059,0.809414387952683,0.0221102431031431
0,0.0085322666699947,0.129274117967168,0.0042336930404064,0.0001906908837719,0.99902605243302,0.809388218285749,0.0220700084977825
0,0.0209671732693502,0.053451038485957,0.0200328119227151,0.0006057015045663,0.99912796508625,0.809476101495603,0.0221340583232053
0,0.0121728169334885,0.139341536415032,0.0027751461708609,0.0001381458005682,0.999025590244117,0.809350851646892,0.02214986138894
0,0.0062327418635199,0.106871844484083,0.001228740779918,0.0001217135200027,0.999115023796951,0.809481699981564,0.0221447886048391
0,0.0071868730518781,0.12422529249932,0.0048403330744541,0.0001906908837719,0.999203301877527,0.809547059050226,0.0221577313156759
0,0.0082633127509742,0.114520663905433,0.0007347347608018,0.0001906908837719,0.999167135595825,0.809504224122756,0.0221891636134222
0,0.007469555477206,0.223871572391692,0.0003456189441382,0.0001906908837719,0.999330172731548,0.809603955291272,0.0221288433115128
0,0.0136324067631614,0.0773347038727817,0.003043855109474,0.0001906908837719,0.999159509478917,0.809519587409812,0.0221142886879712
0,0.0054695617174361,0.0644858965444266,0.0030019118535247,0.0013201235631069,0.999134897919803,0.809452535775627,0.0220701033161769
0,0.0190695192838712,0.116848565468452,0.0133607710068032,0.0001033705091389,0.999066725056531,0.80959783601592,0.0221011563403456
0,0.0059725242666949,0.171871693321643,0.0004830692595231,0.0001906908837719,0.998880116286728,0.809325983953437,0.0220727424281546
0,0.0058870331137812,0.0905160685672824,0.0064455571896282,0.0007258864403304,0.998959150589233,0.809302288036114,0.0221632149794858
0,0.0090489577255609,0.126946216404148,0.0034872992181086,0.0001906908837719,0.999021083902307,0.809361007040031,0.0221096741927766
0,0.0293440582088667,0.0430510626719473,0.0076738874519384,0.0001906908837719,0.999038069344512,0.809346815529106,0.0220767564068513
0,0.0021878246869744,0.163194969314025,0.0008459210045331,0.000164513878685,0.999067649434339,0.809436521501832,0.022056876150157
0,0.0110308548179257,0.193850711975088,0.0025942786536027,0.0002957810501794,0.999125307500055,0.809399936047063,0.0225229401648048
0,0.0117060477190399,0.0891556066148683,0.0082562386829757,0.0003242509316243,0.999236695025807,0.809511124582197,0.0223188277677754
0,0.0045222947822315,0.115488103516038,0.0021837711308784,0.0001906908837719,0.999191169418809,0.809488600441005,0.0221529429867582
0,0.0157503408725714,0.197206518124376,0.009619623253258,0.0001906908837719,0.999087176915513,0.809406706309155,0.0220921960020741
1,0.0024299456163943,0.172748435468755,0.0011409554194974,0.0001906908837719,0.99925402710969,0.809316870139082,0.0221521686365372
1,0.0036711273911781,0.16395078150981,0.0025885309795915,0.0003039971904621,0.99892610408263,0.809071578335578,0.0220134809316495
0,0.0051169887145437,0.108020679021677,0.0018051824500659,0.0001008865597511,0.99892668181876,0.809355017962026,0.0220675590225937
0,0.0108068305559109,0.102185808870212,0.0030125016182809,0.0001425404802544,0.999249982956784,0.809748474347477,0.0221760312657966
0,0.024066071556719,0.0859811953925688,0.0012078591409163,0.0001906908837719,0.999040611383481,0.809473106956601,0.0220928597308349
0,0.0059388270239406,0.0674486803519061,0.0004817535278546,0.0001906908837719,0.99681678947411,0.821052859081682,0.0221844384967675
0,0.0064829750921214,0.196239078513771,0.0007282583335081,0.0001268724918082,0.998970589764596,0.809326634940177,0.0222529605897932
0,0.0062402301396875,0.161501949995465,0.0009911944727069,0.0001119687954813,0.999110401907916,0.809444593737403,0.0221160428282677
0,0.0086995048377384,0.103032318529492,0.0056223690008417,0.0001906908837719,0.999012764502043,0.809387306904313,0.02211673816316
0,0.0094377240632634,0.174653082202134,0.0026961227749867,0.0001906908837719,0.999037376061157,0.809337962109447,0.0222353085653675
0,0.012542862580772,0.0600417208332074,0.0087663250961316,0.132716269352593,0.999386213136102,0.809741704085385,0.0221014091893974
0,0.0116274208192798,0.121413671130997,0.0042304180325207,0.000106618750646,0.998954990889101,0.809308016719423,0.0220387500337593
0,0.0097765685598484,0.129999697675122,0.0024343345927225,0.000128210003017,0.999040842477933,0.809374807958912,0.0220791742759087
0,0.0181802864889657,0.07029053420806,0.0056544215922894,0.0001906908837719,0.999255875865304,0.809541460564265,0.022165885697595
0,0.0034458550831354,0.159536838286423,0.0039445565272118,0.0001733032380573,0.99919787115791,0.809459566432416,0.0220854955022025
0,0.0052093441206111,0.106629984581431,0.0008421449459743,0.0001906908837719,0.998926335177082,0.809325072572002,0.0223899415635816
0,0.0211762209790297,0.0653626386915379,0.0360560529960253,0.0001757871874451,0.999170486465376,0.809517894844289,0.0221170858306062
0,0.0012018683249038,0.202557668470538,0.0005670294376269,0.0001906908837719,0.999007449329653,0.809578697005773,0.0221342321569284
0,0.006469870608828,0.115457871028207,0.0016941051025134,0.0001373815084489,0.998997627815453,0.809330410663267,0.0221029894959709
0,0.0117060477190399,0.0523324364361943,0.0064252255501708,0.0004656449736997,0.999074466720666,0.809475971298255,0.0221314666204248
0,0.0076049684712372,0.225292499319769,0.0003155805822258,0.0001906908837719,0.998399208732597,0.808396114494506,0.0219176985502315
0,0.0114620547205781,0.142757807539982,0.0016313625792437,0.0001016508518704,0.999013111143721,0.8093283275057,0.0220810390376654
0,0.0064617583096464,0.122199715814614,0.0007547131094976,0.0002720879944802,0.998951408925099,0.809306844943291,0.0220992599724575
0,0.0123906009653636,0.109018351120114,0.0013192176870062,0.0001906908837719,0.999074813362343,0.809373766380128,0.0220657258669684
0,0.013681080558251,0.130302022553436,0.0029459442310154,0.0001906908837719,0.999109015341205,0.809507609253803,0.0220949299324462
0,0.0141721866702444,0.0757021495298848,0.0091583260785788,0.0001098669921532,0.999109130888431,0.809401889007282,0.0220920695775482
0,0.0087494266788559,0.148381050276627,0.0011376707539741,0.0001906908837719,0.999037607155609,0.809376891116479,0.02210899466095
0,0.0058920252978929,0.177041448740817,0.0029297576223945,0.0001906908837719,0.99881240561236,0.809181725291929,0.021923624699882
0,0.014660172667168,0.0761556368473562,0.0101573965004556,0.0001906908837719,0.999207230483207,0.80956697924446,0.0221417860223495
0,0.0250064742387699,0.0451673368201469,0.0449753898541596,0.0001392922387472,0.999203070783075,0.809538726419958,0.0220744965684512
0,0.0090452135874771,0.108806723705294,0.0017916698605691,0.0006055104315365,0.999056787995105,0.809505526096236,0.0221561984182996
0,0.0138289740125616,0.165039151071742,0.0165380393254112,0.0001906908837719,0.999104162357718,0.809412565189812,0.0221943944281804
0,0.0022258900908265,0.099404419989721,0.0029527023620752,0.0030898419654077,0.9991964845912,0.809468550049423,0.0220902838311202
0,0.0013759707458011,0.140853160806603,0.0026855188249681,0.000979440350917,0.999138710978257,0.80944420314536,0.0221705634050524
0,0.0147868493390036,0.114853221271578,0.0313843290402805,0.0011596222180483,0.999020390618952,0.810075009296091,0.0220998762920211
0,0.0492953220114758,0.022765063337062,0.0051771299707152,0.0001906908837719,0.999132009239156,0.809633379891905,0.0221020729181582
0,0.0047856324941263,0.136892704900686,0.0001619550647255,0.0001392922387472,0.999051472822715,0.809350330857501,0.0221221270085756
0,0.0090102682986948,0.0755207546028963,0.0032996425176682,0.0026106308065899,0.999025936885794,0.809452145183583,0.0220940133546335
0,0.003433374622856,0.141608973002388,0.0012503402709253,0.000127063564838,0.998990810529125,0.809254505609423,0.0221146047492859
0,0.0071425674178863,0.122925295522569,0.0041056094481116,0.0001262992727187,0.999000863137777,0.809367907499471,0.02209565687347
0,0.0356042570850013,0.0370045651056625,0.0249628737385404,0.002186066534304,0.999131431503027,0.809487819256917,0.022102025508961
0,0.0065815707283284,0.0815067871935181,0.0028036702657267,0.0016103634954212,0.999254835940271,0.809631557129034,0.0221045539994786
0,0.0069678409739751,0.115457871028207,0.0012525392392136,0.0001906908837719,0.999071924681696,0.809406445914459,0.0220995602307064
0,0.0067020071700244,0.0964718686700728,0.0030030571677256,0.0001624120753569,0.998979140259311,0.809520759185944,0.0221132930948299
0,0.0193915151590791,0.0884300269069142,0.002452382327204,0.0001335600478523,0.999096998429713,0.809488600441005,0.0221153949025726
0,0.0063874995709841,0.101278834235269,0.002314947440721,0.0005693976288983,0.999219131847473,0.809659028769448,0.0220960677531791
0,0.0108423998677071,0.107264866825891,0.0012789980764632,0.0001906908837719,0.999194173646682,0.809453447157063,0.02214211788673
0,0.0061148015138798,0.172083320736463,0.0033508056500938,0.0001906908837719,0.998921944382498,0.809224169627354,0.0220679224931056
0,0.0031001463333967,0.161622879946791,0.0004338827365395,0.0004318250474195,0.998894213048286,0.809181464897233,0.0219793305065968
0,0.0078464653776431,0.126553194062339,0.0003428098152475,0.0004948791472639,0.999102891338233,0.809432355186698,0.0221793973187981
0,0.0096030901619651,0.160171720530882,0.0042312545549339,0.0001906908837719,0.999018310768886,0.809391212824751,0.022082666753436
0,0.0230900995628719,0.0322882970039605,0.0185544308889218,0.0003794710372456,0.999129236105735,0.809406055322416,0.0220749390542918
0,0.0182632815498236,0.185778637724098,0.0175712527994824,0.0001318403905838,0.999046504292002,0.809365433749861,0.0222158075822509
0,0.0061559870328017,0.15757172657738,0.0123458824044909,0.0001150259639586,0.999083941593188,0.809470503009642,0.0220762507087477
0,0.0125734397084564,0.11361368927049,0.0108796180720773,0.0001906908837719,0.999218207469666,0.80952792004008,0.0221380406957704
0,0.0106988745744943,0.109441605949754,0.0011085328841787,0.0001906908837719,0.999191862702164,0.809545106090007,0.0221349590979522
0,0.0067843782078683,0.228527375517731,0.0002811024857923,0.0001121598685111,0.999324164275802,0.809652649099399,0.0220976638628183
0,0.0178863716493864,0.0659672884481664,0.0025868837402836,0.0001906908837719,0.999152576645364,0.809549402602489,0.0221056918202115
0,0.0066314925694459,0.0969253559875442,0.0084061654418815,0.0011964993128058,0.999070769209437,0.809367907499471,0.0220792848973688
0,0.0098083937335608,0.108716026241799,0.0008711985009017,0.0001906908837719,0.998988846226285,0.809666189623584,0.0220729478680092
0,0.006149746802662,0.173957734982012,0.0010442031660681,0.0001906908837719,0.998923793138112,0.809308146916771,0.0221255246677085
0,0.0041491290198782,0.124981104695105,0.0057891266707599,0.0013101877655556,0.998957879569748,0.809306714745943,0.0222700437038524
0,0.0093609692325453,0.122502040692929,0.005512820591395,0.0001906908837719,0.999016808654949,0.809321947835651,0.0220517717599247
0,0.0450694381608794,0.0312906249055235,0.0217543510701213,0.0001906908837719,0.999097460618617,0.809418163675773,0.0220974268168322
0,0.0037622347512176,0.171629833418992,0.0011577519555384,0.0001379547275384,0.998995201323709,0.80937428716952,0.0220559279662129
0,0.0068105871744549,0.206790216766938,0.0021199527817618,0.0007419365748363,0.999111904021852,0.809380797036917,0.0221405375801565
0,0.0144879423153126,0.0855579405629289,0.0067904276571396,0.0001916462489211,0.999108206510624,0.809429100253,0.0220964944359539
0,0.0087113612750038,0.0809021374368897,0.0027622787581896,0.0001906908837719,0.999277021007641,0.809553699114971,0.0221579683616619
0,0.0283449973635028,0.195906521147625,0.0534183888261505,0.0001906908837719,0.999066147320402,0.809395769731929,0.0221339160956137
1,0.0063812593408444,0.155425219941349,0.0033996229287536,0.0001906908837719,0.998956377455812,0.809169096149179,0.0221452784998769
1,0.0042233877585405,0.197539075490522,0.0018069929364827,0.0001255349805994,0.998906692148681,0.809206723182731,0.0220978851057385
1,0.0071388232798025,0.194032106902077,0.0042844166628796,0.0009691224073061,0.998970243122918,0.809287575735797,0.0221368870719718
0,0.0043494404073622,0.116606705565801,0.001732505443436,0.0001906908837719,0.997195784375011,0.804139312203866,0.0219923364296965
0,0.0116779666834113,0.085134685733289,0.0033362905706136,0.0001492280362985,0.999202261952494,0.809654211467574,0.0220821294492011
0,0.0107924780265896,0.183601898600236,0.0037307123166713,0.0001906908837719,0.999101273677071,0.809414778544727,0.0223711359153573
0,0.0115275771370448,0.100643951990809,0.0022397194769763,0.0001906908837719,0.999094456390744,0.809452275380931,0.0226936922900682
0,0.0202620272635655,0.100281162136832,0.0036201250796511,0.0001906908837719,0.999161589328982,0.809491725177355,0.0222874270761605
0,0.0078576977918945,0.0617649726395985,0.0006602891045633,0.0001906908837719,0.997241194434783,0.817080407798925,0.0222078428371206
0,0.0064205727907245,0.226743658735677,0.0021198814085168,0.0001423494072245,0.998981220109377,0.809321296848912,0.022179824001573
0,0.0060055974864353,0.156271729600629,0.0003470698050051,0.0001906908837719,0.999074235626214,0.809440167027574,0.0221156161454929
0,0.0099238379911451,0.102488133748526,0.0053208888220688,0.0001906908837719,0.999040726930707,0.809407878085287,0.0221246554990931
0,0.0100161933972125,0.166974030292953,0.0005995752681373,0.0001906908837719,0.999182272282416,0.809558646614192,0.0224333841912862
0,0.0281721429886334,0.0266650542673157,0.0720074434144801,0.0014353406000954,0.999436822821039,0.809783757828767,0.0221107171951151
0,0.0064879672762331,0.151948483840735,0.0025803935163648,0.0001906908837719,0.998918131324044,0.809157899177257,0.0221296018586681
0,0.0106595611246143,0.157269401699066,0.005560881523522,0.0001012687058107,0.999078048684668,0.809405013743632,0.022172791637321
0,0.020570294632466,0.070653324062037,0.0078345235787375,0.0001906908837719,0.999236579478581,0.809531825960518,0.0221377878467187
0,0.0026071681523614,0.157481029113886,0.0038183896747789,0.0001329868287628,0.998985148715057,0.809294866787281,0.0220906156955006
0,0.0075625349062873,0.129485745381987,0.0043254688900307,0.0039212007182053,0.998776239330658,0.808939428027427,0.0218487971836282
0,0.0116592459929922,0.0607068355654987,0.0084632635132139,0.0001906908837719,0.999234846270193,0.80953547148626,0.0221344850059801
0,0.0009297942908134,0.237597121867158,0.0008350328246058,0.0001906908837719,0.999006293857394,0.809506437477671,0.0221806141548597
0,0.0073172938617976,0.118118329957372,0.0023676459237682,0.0001906908837719,0.999002365251714,0.80933210322879,0.0220939343393049
0,0.0190445583633124,0.0326510868579375,0.0068106434826738,0.0005191454220526,0.999076199929054,0.80941647111025,0.0220700717100455
0,0.008646462881551,0.275266801705112,0.0005016134587571,0.0001906908837719,0.998758676152324,0.801789770863083,0.0235643305905901
0,0.0092523892281147,0.158085678870514,0.0013169714021235,0.0001906908837719,0.99897186078408,0.809307756324727,0.0220417052070517
0,0.0064280610668921,0.114581128881096,0.0014676105138166,0.0002340644615437,0.998948404697226,0.809278331724094,0.022098928108077
0,0.0122551879713324,0.115820660882184,0.001619706529687,0.0001906908837719,0.999177765940606,0.809417773083729,0.0221398422452642
0,0.0138221097594079,0.112736947123379,0.0056799190379528,0.0001085294809443,0.999127733991798,0.80948951182244,0.0221831110392458
0,0.0142932471349543,0.116122985760498,0.0147676538875688,0.0001110134303321,0.9989777536926,0.809128604773972,0.022012501141574
0,0.0071650322463892,0.176829821325997,0.0007905046446394,0.0001906908837719,0.999000054307196,0.809341347240493,0.0220825719350416
0,0.0055924942511879,0.158901956041963,0.0010862430372567,0.0001906908837719,0.998897563917837,0.809181334699885,0.0234475143286792
0,0.0125203977522691,0.18432747830819,0.0064780234855098,0.0001906908837719,0.999039340363997,0.809379495063437,0.0220000957349722
0,0.0310351605767221,0.0994648849653838,0.0567675814564531,0.0001647049517148,0.999189551757647,0.809510083003413,0.0221845491182276
0,0.0095737610803086,0.149832209692536,0.0019014570487892,0.0005915621003588,0.999057827920138,0.809461779787331,0.0221185081065223
0,0.0116867030056068,0.185234452943133,0.0076775835289354,0.0001906908837719,0.999053668220006,0.809348117502586,0.022118350075865
0,0.0070433477586653,0.0837137588052121,0.0183588515056732,0.0079377468782966,0.999189205115969,0.80950839043789,0.0221018990844352
0,0.0005659888736696,0.201076276566799,0.0008967287669874,0.000928423851952,0.999028941113667,0.809346555134411,0.0221550131883695
0,0.0048904683604731,0.116848565468452,0.0069517482908617,0.000865942971197,0.999008835896363,0.809629213576771,0.0220954514336154
0,0.0534188660877813,0.0226139008979049,0.0191114439767357,0.0001906908837719,0.999161704876208,0.809537684841175,0.0221397790330012
0,0.0061953004826818,0.12253227318076,0.0001634450613711,0.0001459797947913,0.999045579914195,0.809363871381686,0.0221054073650283
0,0.0081453724013341,0.0811742298273725,0.0053530621631338,0.0027109441472515,0.999027901188634,0.809452665972975,0.0221035584063373
0,0.0051082523923482,0.127429936209451,0.0022462453000742,0.000165660316864,0.999000978685003,0.80942402255643,0.0221218899625896
0,0.0062071569199472,0.133174108897421,0.0025225411777094,0.0001251528345397,0.999022354921792,0.809411914203073,0.0221460212439664
0,0.0221983706759105,0.0563533573177737,0.0206948945496759,0.0022260007975388,0.999107166585591,0.809471935180469,0.0220971581647148
0,0.0074820359374853,0.0750068023097621,0.0043678820668032,0.0014922803629852,0.999253796015238,0.809633510089253,0.0221067980348129
0,0.0074321140963678,0.115548568491701,0.0039819861492525,0.0001906908837719,0.999061409884141,0.80940957065081,0.0220996392460351
0,0.0062358619785897,0.112948574538199,0.0014487507216417,0.0001538137890144,0.999014151068754,0.809475190114168,0.0221349432948864
0,0.0120043307197169,0.078211446019893,0.0055626218414695,0.0001618388562674,0.999083363857059,0.809459045643024,0.0221260619719435
0,0.0064960795754147,0.0943858270097046,0.0028633112105175,0.0005174257647841,0.99924755646504,0.809634812062732,0.0221021045242897
0,0.0120080748578008,0.108141608973002,0.0006738735336698,0.0001138795257796,0.999195791307844,0.809500318202318,0.0222247679205225
0,0.0022346264130221,0.189920488557003,0.0012541240827987,0.0001052812394372,0.998841523513283,0.808700515893972,0.022006243127543
0,0.0030602088605027,0.173897270006349,0.0002410421388256,0.0005279347814248,0.998939045371929,0.8090450180766,0.0221412171119831
0,0.0092442769289331,0.0784835384103758,0.0004148260218313,0.0004897201754585,0.999196600138425,0.809506046885627,0.0221578261340703
0,0.0086339824212717,0.167306587659098,0.0037515779049514,0.0001906908837719,0.998965852328334,0.809365433749861,0.0220345306152081
0,0.0189054012311974,0.0384254920337395,0.0138456570098042,0.0005814352297777,0.999102082507652,0.809447588276406,0.0221209259755797
0,0.0077222847978633,0.188287934214106,0.0040044640383448,0.0001144527448691,0.999042922327999,0.809365954539253,0.0221073827482451
0,0.0059076258732422,0.126281101671857,0.0059289200805856,0.0001198027897044,0.999049392972649,0.809541590761613,0.0220799802322611
0,0.0103562859398255,0.101067206820449,0.0055261612477385,0.0001001222676317,0.999185623151966,0.809500057807622,0.0220957042826672
0,0.0138096292991286,0.109502070925416,0.0012013128949269,0.0001906908837719,0.999208732597143,0.809553829312319,0.0221721279085602
0,0.0068455324632372,0.231006439519908,0.0001757697420161,0.0001906908837719,0.999315036044957,0.809746000597866,0.0220939343393049
0,0.0228336261041307,0.0927835051546392,0.0251726029793417,0.0001906908837719,0.999172219673764,0.809559948587671,0.0221295070402737
0,0.0069821935032964,0.0696858844514315,0.0063507845770121,0.0014733641330319,0.999045579914195,0.809384442562659,0.0221004610054533
0,0.0064118364685289,0.1240136650845,0.0049354657984168,0.0001906908837719,0.9990005164961,0.809577264834946,0.0220937605055818
0,0.0072112099494229,0.181636786891193,0.0005940675193796,0.0001906908837719,0.998995085776483,0.809341607635189,0.0222439212361929
0,0.0028992109228988,0.15034616198567,0.0015612038064658,0.001666156820132,0.998962270364332,0.80931009987699,0.0221144309155628
0,0.0459630391168826,0.0310487650028721,0.0243123001396357,0.0001906908837719,0.999171179748731,0.809527138855992,0.0221345166121116
0,0.0048399224963416,0.196450705928591,0.0016481094474344,0.0010753590118925,0.999115601533081,0.809400196441759,0.0221035426032716
0,0.0233858864714931,0.0921183904223478,0.0208632569808423,0.0001538137890144,0.999089025671127,0.809410872624289,0.0221391469103718
0,0.0097428713170941,0.0566556821960879,0.0029929665687514,0.0001906908837719,0.999253102731883,0.809530003197647,0.0221054389711597
1,0.0042701894845881,0.194394896756054,0.0004900728927819,0.0001906908837719,0.998975442748083,0.809086811425286,0.0221172438612636
0,0.0107126030808016,0.0853765456359404,0.0053146261064409,0.0001583995417304,0.999007102687975,0.809371813419909,0.0220798222016038
0,0.0072580116754705,0.0887928167608912,0.0087335976165348,0.0001906908837719,0.998904381204164,0.809459045643024,0.0220881662203117
0,0.022848602656466,0.058590561417299,0.0101946909350022,0.0001906908837719,0.999026745716375,0.809365173355165,0.022056876150157
0,0.0060617595576924,0.0982858179399583,0.0022696161611514,0.0002707504832714,0.999060716600785,0.809411002821637,0.0221027840561163
0,0.0088692390975379,0.109199746047102,0.0023804783396481,0.0001906908837719,0.999043962253032,0.809360746645335,0.0220916112886419
0,0.006888590051201,0.108595096290474,0.00147637234234,0.0001906908837719,0.998977869239826,0.809316870139082,0.0220895726931621
0,0.0472073410067363,0.0477975632614808,0.0849407127210057,0.0001906908837719,0.999103237979911,0.809468550049423,0.0220776413785324
0,0.0112399025276052,0.1229555280104,0.0153210280086409,0.0010994342136513,0.998978215881504,0.809388478680445,0.0220006646453387
0,0.0114489502372848,0.124950872207274,0.0029521721636026,0.0001020329979301,0.999087639104416,0.809391212824751,0.0220839151956291
0,0.0069460001684862,0.121625298545817,0.0018692808123761,0.0001906908837719,0.998744232749088,0.809300204878547,0.02181151775156
0,0.0360348329646397,0.114339268978444,0.0461931472768691,0.0001906908837719,0.999005253932361,0.809122225103924,0.0220846579397186
0,0.0150090015319765,0.0585300964416362,0.0244960628300887,0.0003852032281406,0.999179268054543,0.809575181677379,0.0221945682619034
0,0.0063675308345371,0.126099706744868,0.0048302314576117,0.0001754050413854,0.999063605281432,0.809321296848912,0.0221354173868585
0,0.0062533346229809,0.215164615896242,0.0038915664301468,0.0006869075422448,0.998983762148346,0.80932767651896,0.0221030685112995
0,0.0194607817136296,0.0643649665931009,0.0052736024052695,0.0001906908837719,0.999135591203158,0.809414127557987,0.0220975374382924
0,0.0136143100957563,0.0748556398706049,0.0011604998546183,0.0001906908837719,0.999035758399994,0.809381448023656,0.0221046014086758
0,0.0201234941544644,0.048311515554615,0.0128504402379284,0.0001048990933775,0.999096305146358,0.809368037696819,0.0220761400872876
0,0.0241908761595128,0.0545394080478883,0.0239928656547946,0.0001906908837719,0.999072271323374,0.80939316578497,0.0220693131628902
0,0.0108430238907211,0.0948090818393445,0.003476965196145,0.0001448333566123,0.999069613737179,0.809507479056455,0.0220608585227221
0,0.0872047201100777,0.0234604105571848,0.106012206186679,0.0001906908837719,0.999020852807855,0.809440167027574,0.0220780364551758
0,0.0118271081837498,0.0588324213199504,0.0030087730706353,0.0001906908837719,0.99898029573157,0.809459175840372,0.0221330469269983
0,0.0089971638154015,0.158236841309671,0.0016115097798362,0.0001906908837719,0.999086599179384,0.809379625260785,0.0221129770335152
0,0.0068910861432569,0.170027511563927,0.0032611872234277,0.0001360439972401,0.999003405176747,0.809343560595408,0.0220769618467058
0,0.0069229113169693,0.109804395803731,0.001122801567594,0.0001906908837719,0.999071693587244,0.80939381677171,0.0221111280748242
0,0.0306938199880812,0.0344348036399915,0.0316979804656819,0.0001108223573023,0.998756018566128,0.809119751354313,0.0219934900534951
0,0.0070795410934755,0.149862442180367,0.0032762330649045,0.0001906908837719,0.998816911954169,0.80892979342368,0.0220493222847358
0,0.005730403337275,0.139795023732503,0.0010817903028171,0.0001906908837719,0.998830893168501,0.809025748869106,0.0220487691774351
0,0.0168685901136034,0.0552045227801796,0.0049427812354026,0.0001906908837719,0.999043037875225,0.809380406444873,0.0220799644291954
0,0.0027419571233787,0.141336880611906,0.0005877396487039,0.0001924105410404,0.99900640940462,0.809109986553218,0.022004757639364
0,0.0113397462098402,0.119055537080146,0.0050528733096052,0.0001727300189678,0.999025128055213,0.80934850809463,0.0221146521584831
0,0.0132661052539618,0.0658463584968407,0.0034596966989348,0.0002124732091728,0.999066262867628,0.809371813419909,0.0220573028329318
0,0.0084205665504943,0.163497294192339,0.0022893592482418,0.0001681442662518,0.998990579434674,0.809347466515846,0.0220777045907953
0,0.0109902933220177,0.102397436285032,0.0070402071014734,0.0001396743848069,0.999014728804883,0.809391733614143,0.0220962889960993
0,0.0413802141022961,0.0249418024609245,0.0022429277558331,0.0001094848460935,0.999127618444573,0.809408659269374,0.0221275632631883
0,0.0104910749108427,0.130725277383076,0.0015085313426876,0.0001721567998783,0.999041882402966,0.80936738671008,0.0221241181948581
0,0.0057734609252389,0.114853221271578,0.0007291421919476,0.0002401787984983,0.999071462492793,0.809395248942537,0.022148849992733
0,0.0064380454351156,0.163860084046316,0.001550426174426,0.0001906908837719,0.999101735865974,0.809430792818523,0.0222011739433806
0,0.0075357019166866,0.108050911509508,0.0031003679512885,0.0001010776327809,0.99902859447199,0.809400196441759,0.0221978394965105
0,0.0092130757782347,0.146143846177102,0.0007547445502574,0.0001906908837719,0.999073426795633,0.809423892359082,0.0220769618467058
1,0.0080149515914146,0.129395047918493,0.0013273968898818,0.0001906908837719,0.991888007006784,0.800862635548459,0.0215409218569847
0,0.0120654849750859,0.128669468210539,0.0023084653587542,0.0001085294809443,0.999046850933679,0.80941204440042,0.0221680981267978
0,0.010225865129906,0.0548417329262025,0.0073244434809382,0.000106618750646,0.999017617485531,0.809389129667184,0.022148549734484
0,0.0190607829616756,0.0664812407413006,0.000708770017617,0.0001906908837719,0.998993237020869,0.809329759676527,0.0220708934694637
0,0.0128168086839043,0.0367324727151797,0.0053888125027189,0.00020425706889,0.999300014905592,0.809611506737452,0.0221884208693326
0,0.0131369324900702,0.0575626568310306,0.0032527543764011,0.0001906908837719,0.999039571458449,0.809409310256114,0.0220947560987231
0,0.0079363246916546,0.113250899416513,0.0006756629559436,0.0001268724918082,0.998974518370276,0.809344341779496,0.0220962889960993
0,0.116498856477827,0.0327720168092632,0.264077403410147,0.0001906908837719,0.999076084381828,0.809503703333365,0.0222016954445498
0,0.0450076598824965,0.0937509447652447,0.0389079415725644,0.0001146438178989,0.998879191908921,0.809034862683461,0.02194089745073
0,0.0114795273649692,0.133536898751398,0.002572954823051,0.000105472312467,0.999031483152637,0.809406445914459,0.0221351329316752
0,0.0061634753089694,0.148048492910482,0.0005531564647374,0.0001079562618548,0.998941009674769,0.809308016719423,0.022095056356972
0,0.0351649448831673,0.11340206185567,0.0366631078226914,0.0001186563515254,0.999007680424104,0.809588852398912,0.022071588804356
0,0.0108430238907211,0.119025304592315,0.0024719409087236,0.0005659583143613,0.999318733556185,0.809668533175847,0.0221538121553737
0,0.0135656363006668,0.119025304592315,0.0075814415332679,0.0001828568895488,0.999043615611355,0.808955051709179,0.0220998604889554
0,0.0069828175263103,0.2100250929649,0.0018243002196981,0.0012192370033558,0.998986073092864,0.809327155729569,0.0221481230517092
0,0.0201166299013108,0.0666324031804577,0.0098137984898463,0.0001906908837719,0.999135360108707,0.809441729395749,0.0221219057656553
0,0.011124458270021,0.078211446019893,0.0017128785394744,0.0001368082893594,0.999058405656268,0.809384572760007,0.0221644476186131
0,0.014041141837311,0.0652114762523808,0.0016586684709781,0.0001906908837719,0.999025243602439,0.809380276247525,0.0221334894128388
0,0.0286095831214255,0.0521208090213744,0.0290604529484637,0.0001906908837719,0.9988764187755,0.809226643376965,0.0220758240259729
0,0.0096742287855576,0.131299694651873,0.0001191051761893,0.0001150259639586,0.999020275071726,0.80942467354317,0.0220683965850776
0,0.0162065016957825,0.0567766121474136,0.0020333436127776,0.0001906908837719,0.999316422611668,0.80966579903154,0.0221235650875574
0,0.0116604940390202,0.103243945944312,0.0040773454099128,0.0001906908837719,0.999069382642727,0.809410482032245,0.0220976006505553
0,0.0114383418460473,0.167790307464401,0.0038983285058754,0.0001906908837719,0.998915127096171,0.809248776926114,0.0220816237510975
0,0.0075768874356086,0.142576412612994,0.0032727403812523,0.0001337511208821,0.999080706270863,0.809418033478425,0.0222156179454621
0,0.0066857825716612,0.141246183148411,0.0010763848239718,0.0001310760984645,0.998976598220342,0.809382880194484,0.0221488341896672
0,0.0091999712949413,0.121867158448469,0.0019829002366805,0.0001906908837719,0.999133511353093,0.809482871757696,0.0221270101558876
0,0.0138651673473718,0.119357861958461,0.0107616426451639,0.0003636119757696,0.999104508999396,0.809475190114168,0.0220272454019044
0,0.0061478747336201,0.191160020558092,0.0021720077396921,0.0001906908837719,0.999040726930707,0.80939069203536,0.0221531642296785
0,0.0111537873516775,0.130422952504762,0.0018844554676948,0.0001906908837719,0.998959959419814,0.809272082251393,0.0221351803408724
0,0.0069952979865897,0.155969404722315,0.0006459922838056,0.0001906908837719,0.998785829750406,0.808851935409617,0.0220508709851778
0,0.0045946814518519,0.155636847356169,0.0006884264858574,0.0001906908837719,0.998835515057537,0.809205941998644,0.0220883716601663
0,0.0174096180667143,0.0625812498110469,0.0059942534934553,0.0001906908837719,0.999041189119611,0.8093598352639,0.0220841996508123
0,0.0045441355877204,0.145569428908305,0.0026136756202901,0.0001375725814787,0.999083363857059,0.80971618540519,0.0221368870719718
0,0.0107107310117597,0.143574084711431,0.0014025920137724,0.000186105131056,0.998987806301252,0.809335618557184,0.0221284008256723
0,0.0205453337119073,0.0439278048190586,0.0020137720507713,0.0001226688851519,0.999064760753691,0.809416601307598,0.0220489904203554
0,0.0081360120561246,0.157118239259909,0.0020716568795073,0.000127063564838,0.998996703437645,0.809342909608669,0.0221479176118546
0,0.0103331970883086,0.10681137950842,0.0015482238055611,0.0001400565308666,0.999015768729916,0.809349419476065,0.0220789846391198
0,0.013162517433643,0.12232064576594,0.001086055189405,0.0001906908837719,0.999233921892386,0.809556823851321,0.022171479982865
0,0.008627118168118,0.161592647458959,0.0008820148023555,0.000166806755043,0.999007218235201,0.809361007040031,0.0221545865055947
0,0.0142763985135772,0.0821719019258095,0.00868177094417,0.0004083230647502,0.999127849539024,0.809443031369228,0.0222073213359513
0,0.007189993166948,0.176164706593706,0.0017256206943354,0.0001906908837719,0.999018772957789,0.809350851646892,0.0222498789919749
0,0.0077915513524138,0.16945309429513,0.0037720412730306,0.0001033705091389,0.999066262867628,0.809383791575919,0.0222087436118675
0,0.0139756194208442,0.0692021646461287,0.0059352144507237,0.0001906908837719,0.999019119599467,0.809765400002708,0.0220828405871591
1,0.0076736110027737,0.212957644284548,0.0048037951418951,0.0001070008967057,0.999008720349137,0.809177558976795,0.0221613186115976
0,0.0255294055244757,0.0724068083562596,0.0306580078695258,0.0001906908837719,0.999294699733201,0.809568281217939,0.0221810408376345
0,0.0063269693386292,0.128215980893068,0.0025830446836143,0.0001906908837719,0.999013111143721,0.809464383734289,0.022113166670304
0,0.0489951669417568,0.0757626145055477,0.0197372077071348,0.0001906908837719,0.998987228565123,0.809344602174192,0.0220738960519533
0,0.030297565374211,0.028902258366841,0.0126892858243908,0.0001906908837719,0.999179961337898,0.80957322871716,0.0220764877547338
0,0.0347568338320317,0.127822958551259,0.0096720974925679,0.0001906908837719,0.999208732597143,0.809482611363,0.0220999395042841
0,0.032733127197731,0.0376696798379539,0.0578495026523217,0.0001339421939119,0.999419144095479,0.809827764532368,0.0221431924951999
0,0.0087575389780375,0.155153127550866,0.0006282429450634,0.0002407520175878,0.998975211653631,0.80933275421553,0.0220937130963846
0,0.0348067556731492,0.0395440940835021,0.002043254661307,0.0001906908837719,0.999245014426071,0.809656945611881,0.0221464479267413
0,0.0075101169731139,0.136046195241406,0.0064617483647378,0.0001906908837719,0.999110401907916,0.809404623151588,0.0221136723684075
0,0.0063887476170121,0.164132176436799,0.0019038597213321,0.0002957810501794,0.999048468594842,0.809514119121199,0.0221052809405024
0,0.0092648696883941,0.132115971823321,0.0013875588030087,0.0001906908837719,0.999071000303889,0.80939694150806,0.0221015988261862
0,0.0032237028901625,0.215678568189376,0.0002883297409687,0.0001906908837719,0.999074235626214,0.809314396389471,0.0224705530018943
0,0.0313097307028683,0.0528766212171599,0.0044416540202364,0.0001906908837719,0.999169099898665,0.809575832664119,0.02209791671187
0,0.0371012882955123,0.117816005079058,0.0047062110102687,0.0001906908837719,0.998775199405625,0.809107903395651,0.0263913568229365
0,0.0093097993453998,0.170904253711038,0.0112211146235034,0.0001713925077589,0.999113175041337,0.809432745778742,0.0223379810834459
0,0.0243007042099713,0.0482208180911207,0.0369950167301393,0.0001906908837719,0.998785367561503,0.809198130157768,0.0221371557240893
0,0.0199943213905729,0.149378722375064,0.0091616155826368,0.0001906908837719,0.998638738131855,0.809118449380834,0.0221655064240173
0,0.0081353880331106,0.16479729116909,0.002419663591947,0.000169099631401,0.999031020963733,0.809356840724897,0.0221398580483299
0,0.0081147952736496,0.214680896090939,0.0011680311019114,0.0001906908837719,0.996464254887937,0.805848412790171,0.0223714045674747
0,0.0892614999641187,0.0152069413792061,0.0082790247226042,0.0001276367839275,0.998626605673138,0.809067932809836,0.0236513738766568
0,0.0152929320033323,0.0965323336457357,0.01123667158136,0.0001906908837719,0.999057019089557,0.809438344264703,0.0221048700607933
0,0.0126589308613702,0.0955346615472987,0.0019703598040238,0.0001906908837719,0.999217398639085,0.80952726905334,0.0224828161809044
0,0.009226804284542,0.122864830546906,0.0011521353688974,0.0001906908837719,0.999312494005988,0.809545236287355,0.0221708162541042
0,0.0201646796733864,0.0572905644405478,0.0171462093857491,0.0001906908837719,0.998584777577367,0.808635417220005,0.022711755194203
0,0.0134695367565156,0.0883393294434199,0.0201355232299973,0.0001906908837719,0.99897243852021,0.809310490469033,0.0221173070735265
0,0.0739411109481718,0.0068627747377331,0.0166722360856908,0.0001906908837719,0.997585178526241,0.8075717048874,0.0226961417652571
0,0.0284829064495899,0.0300208604166037,0.0173837113105775,0.0001906908837719,0.996940771647484,0.807010424120465,0.0231093919342195
0,0.0285552931192102,0.038818514375548,0.01849324866679,0.0001906908837719,0.995427449630075,0.805050823836739,0.022302234548754
0,0.0101035566191681,0.0665719382047949,0.0200389331743562,0.0009945351202737,0.999186894171451,0.80947818465317,0.0220483108885288
0,0.0168586057453799,0.0532091785833056,0.0191471078833795,0.0001906908837719,0.998994508040354,0.809342258621929,0.0220977586812127
0,0.0110807766590432,0.1034253408713,0.0023197338397372,0.0004660271197594,0.999271359193573,0.809434698738961,0.0221350539163466
0,0.019732231724706,0.0811742298273725,0.0148285585254902,0.0001906908837719,0.998983531053895,0.809505395898888,0.0221011247342142
0,0.0325259515570934,0.145388033981316,0.0117071797132889,0.0001906908837719,0.999190822777131,0.809528180434776,0.0221101798908801
0,0.0162838805495147,0.102125343894549,0.0173141307329819,0.0001505655475073,0.999119761233212,0.80947063320699,0.0221189980015601
0,0.0164785757298729,0.076427729237839,0.0072837717491615,0.0001906908837719,0.999013804427076,0.80942337156969,0.0220702297407028
0,0.147531520962493,0.0061674275176104,0.0160228077426913,0.0001906908837719,0.993814410356729,0.804623125548782,0.0220915954855761
0,0.0213397150086895,0.0994648849653838,0.0250599469675376,0.0002334912424542,0.999089141218353,0.80942779827952,0.0221412645211803
0,0.0187525155927751,0.107264866825891,0.0081768664268055,0.000141776188135,0.999048353047616,0.809441729395749,0.0221097848142368
0,0.0106807779070892,0.100009069746349,0.0052432332935604,0.0001906908837719,0.998957879569748,0.809363480789642,0.0220607795073935
0,0.0132299119191516,0.0870090999788372,0.003293999076188,0.0001906908837719,0.999096189599132,0.809317521125822,0.0221110332564298
0,0.0232723142829508,0.0456812891132811,0.0092273770600897,0.0001906908837719,0.998823729240496,0.809151779901904,0.0220472994923218
0,0.0227799601249294,0.0320766695891405,0.0024193357569303,0.0001906908837719,0.999214741052889,0.809527399250688,0.0221150472351264
0,0.0080605052714344,0.177253076155637,0.0013093175008901,0.0001906908837719,0.999020968355081,0.809338613096187,0.0220886087061523
0,0.0248092829663558,0.0374278199353025,0.0137903687253414,0.0002852720335386,0.999219594036377,0.809553048128231,0.0221110174533641
0,0.0162689039971794,0.0684161199625117,0.0134946377556971,0.0001843854737875,0.999181694546286,0.809527399250688,0.0221186661371797
0,0.0097428713170941,0.107385796777217,0.0012299390848183,0.0001073830427653,0.999017270843853,0.809365694144557,0.0220658522914943
0,0.018454856615112,0.0761858693351876,0.0085235262194314,0.0001906908837719,0.998937774352444,0.809171960490834,0.0220824929197129
0,0.0119400563492782,0.103153248480817,0.00242767774055,0.0001906908837719,0.999087754651642,0.809409310256114,0.0221794447279953
0,0.006130402089229,0.166369380536324,0.0011580943644548,0.0001906908837719,0.999082670573704,0.809378974274046,0.0220941871883566
0,0.10897251490635,0.0179883302596971,0.219149807261089,0.0001906908837719,0.995178791999972,0.805277627616837,0.022053478491024
0,0.0141940274757333,0.106660217069263,0.0057057658102772,0.0001906908837719,0.999043962253032,0.80937363618278,0.0221192666536776
0,0.0377047185500201,0.056020799951628,0.053250021187244,0.0001538137890144,0.998924833063145,0.809307756324727,0.0221452626968112
0,0.0113135372432535,0.046527798772561,0.0089443534428337,0.0001906908837719,0.995997675189815,0.806527782551681,0.0223570395807219
0,0.0067924905070499,0.254466850077093,0.002719585199018,0.0003525297400394,0.998971629689629,0.809312052837209,0.0221343269753228
1,0.0083057463159241,0.122622970644254,0.0028947410495134,0.0001906908837719,0.999058867845171,0.809363741184338,0.0221189663954286
0,0.0185671807576263,0.0899114188106539,0.0306144886503543,0.0001906908837719,0.999386097588876,0.809705899814703,0.0221216055074063
0,0.0077809429611764,0.0795416754844756,0.0009610857285747,0.0001006954867212,0.999084750423769,0.809411133018985,0.0221021203273554
0,0.0284186320791511,0.0736765728451794,0.0090310103170497,0.0001906908837719,0.999076546570732,0.809491594980007,0.0221200568069643
0,0.0221940025148127,0.0422952504761617,0.014009731819099,0.0001906908837719,0.99917037091815,0.809539117012002,0.0220920537744824
0,0.0291081775095866,0.0496115125313662,0.0063148697272466,0.0001906908837719,0.999177419298929,0.809506697872367,0.0220888773582698
0,0.0333253250379874,0.0942951295462103,0.0873777225764919,0.0001339421939119,0.999289731202488,0.80957010398081,0.0220529569898548
0,0.0106970025054524,0.151041509205793,0.0010911802664192,0.0009582312446057,0.998957532928071,0.809321036454216,0.0221115073484019
0,0.0321658902780335,0.0381533996432566,0.0279384332803067,0.0001906908837719,0.999414406659218,0.809771779672757,0.0221303604058234
0,0.0064417895731994,0.138495026755752,0.00295184926428,0.0001906908837719,0.999078048684668,0.809378844076698,0.0220865543076068
0,0.0101216532865732,0.0889439792000484,0.0026681694328984,0.0001906908837719,0.999060832148011,0.809625698248377,0.022131213771373
0,0.0077734546850087,0.116274148199655,0.0055130023376406,0.0001906908837719,0.999125538594507,0.809483262349739,0.0220949773416434
0,0.00335537174611,0.198083260271488,0.0014100698817287,0.0001906908837719,0.99899601015429,0.809336790333316,0.0220663579895978
0,0.0346944315306349,0.0445626870635184,0.0057912859591772,0.0001906908837719,0.999130391577994,0.80948130938952,0.0220600999755669
0,0.0110464553932749,0.134050851044532,0.00046528544865,0.0001906908837719,0.998895946256674,0.809104388067257,0.0220823190859899
0,0.0084842168979192,0.152311273694712,0.0085777440606742,0.0002592861014815,0.999033447455477,0.809326374545481,0.0221369502842347
0,0.0201197500163806,0.120506696496055,0.0056521311776382,0.0001906908837719,0.999132009239156,0.80949263655879,0.0221504461023722
0,0.0083775089625305,0.143936874565408,0.0012230001791062,0.0001392922387472,0.99905413040891,0.809395509337233,0.0221049332730562
0,0.0121565923351253,0.112918342050367,0.0054802697863267,0.0001906908837719,0.999062449809174,0.809416731504946,0.0221080306739402
0,0.0441022024892278,0.0255162197297216,0.0732570652698757,0.0001906908837719,0.999351895610014,0.809579347992513,0.0221162798742537
0,0.0082951379246866,0.0806905100220697,0.0022768360710824,0.0001906908837719,0.999345771607042,0.80968155291064,0.022135859872699
0,0.0102951316844565,0.104876500287209,0.0126769287313929,0.0001322225366435,0.999100349299264,0.80944042742227,0.0220965418451511
0,0.0688946368342065,0.0112464854732896,0.168954544617262,0.0001906908837719,0.999214625505664,0.80977789894811,0.0221555662956702
0,0.0179674946412024,0.0605254406385101,0.0263004822490599,0.0002499235230198,0.999777571590172,0.810210935327332,0.101643390831576
0,0.0277989772262801,0.0327115518336004,0.0343004309186191,0.0001906908837719,0.990530558197093,0.787951355146076,0.0220110946687236
0,0.030856065971713,0.0396952565226592,0.025690779072765,0.0001108223573023,0.999173606240475,0.809506828069715,0.0221661385466467
0,0.0274844696272399,0.0385161894972337,0.0095789461194225,0.0001906908837719,0.998977175956471,0.809337962109447,0.0220569235593542
0,0.0181809105119797,0.0576835867823563,0.0109456028799699,0.0003095383083272,0.999159740573368,0.809461258997939,0.0220691393291671
0,0.0296417171865298,0.03503945339662,0.0448853310625389,0.0001906908837719,0.999034949569413,0.809996890887331,0.0220947086895259
0,0.0223225512556903,0.0561719623907851,0.0153954370552433,0.0001906908837719,0.999096998429713,0.809484824717915,0.022104348559624
0,0.0176779479627209,0.0750068023097621,0.0136161112683216,0.0002701772641819,0.99908024408196,0.809458134261588,0.022127405232531
0,0.0307399976911149,0.0831695740242464,0.0100187425364072,0.0001906908837719,0.999083826045962,0.810041288182976,0.0221059130631318
0,0.131138436385534,0.0041116183450736,0.0202410119145008,0.0001906908837719,0.993132681724011,0.803070782569387,0.0221312453775045
0,0.0115150966767654,0.0443510596486985,0.0149362449735062,0.0001184652784956,0.999053668220006,0.809390431640664,0.0220722841392483
0,0.018054857863158,0.073857967772168,0.0089990451884324,0.0001543870081039,0.99900386736565,0.809361137237379,0.0220873444608935
0,0.0104804665196052,0.144148501980228,0.0037423109450631,0.0001906908837719,0.999019581788371,0.809369079275603,0.0221193930782035
0,0.0244092842144018,0.0531789460954742,0.0163789688240815,0.0001906908837719,0.999042922327999,0.809423111174995,0.0221242288163183
0,0.0110321028639536,0.105057895214197,0.0088267889998929,0.0001906908837719,0.998869139300269,0.809224950811442,0.0220947402956573
0,0.015038330613633,0.0458626840402697,0.0029802989739615,0.0001906908837719,0.999217976375214,0.809550834773316,0.0223186539340523
0,0.0090888951984549,0.143211294857454,0.0036959227274207,0.0001906908837719,0.999046504292002,0.809385744536138,0.0221050122883849
0,0.0541951507171585,0.0380022372040995,0.0757057012109808,0.0018214991933852,0.999023048205147,0.809412565189812,0.0220606688859333
0,0.0218283250286271,0.0618556701030928,0.0088231207298966,0.000159928125969,0.999172104126538,0.809816046771054,0.0221108752257725
0,0.0109191546984253,0.0973183783293527,0.0041402759170572,0.0001150259639586,0.999059445581301,0.809411002821637,0.0222133739101277
0,0.0166788871173569,0.0702300692323971,0.0186479207263147,0.0001906908837719,0.999112597305208,0.809490032611832,0.0221225536913504
0,0.0081316438950268,0.142576412612994,0.003185068638954,0.0001906908837719,0.99900837370746,0.809323770598522,0.022075223509475
0,0.0865744568659692,0.0654533361550322,0.23253961204118,0.0001906908837719,0.998396435599176,0.80812387183998,0.0220144133125279
0,0.0160261590447456,0.0901230462254739,0.0069143036091247,0.0001906908837719,0.999017848579982,0.809241746269325,0.0221274526417282
0,0.0295524818955323,0.03503945339662,0.0547594296843773,0.0001906908837719,0.998984802073379,0.809318953296649,0.0221051545159765
0,0.022747510928203,0.0419324606221846,0.0136986316811542,0.0001906908837719,0.998149973366364,0.808834879557037,0.0224214686797223
0,0.0255805754116212,0.0596789309792303,0.0440966905168355,0.0001906908837719,0.999075622192925,0.809415559728815,0.0221283692195408
0,0.0615973117088558,0.0198929769930768,0.102360875045404,0.0001906908837719,0.998772079630526,0.809173132266965,0.0222501160379609
0,0.0091575377299914,0.10511836018986,0.0040619654180627,0.0001220956660624,0.999254951487497,0.809538205630567,0.0221300917537059
0,0.0149503433686634,0.100855579405629,0.0032809464583989,0.0001906908837719,0.999216820902955,0.809513598331807,0.0221457841979804
0,0.0060218220847984,0.120506696496055,0.0010501347626939,0.0006397125038763,0.999087061368287,0.809426496306041,0.0223276616815211
0,0.0077166685907376,0.0299906279287723,0.0056393347495746,0.0001906908837719,0.998790798281119,0.809106992014216,0.0220551852221234
0,0.115489187241225,0.0078906793240015,0.352777916708065,0.0001906908837719,0.995354770424994,0.805645825716789,0.0226611379746548
0,0.0141328732203644,0.0385766544728966,0.0005029389257906,0.0044531480332566,0.998998783287711,0.809340175464362,0.0222824649135199
0,0.0192018121628326,0.0887323517852284,0.0345260815619298,0.0001906908837719,0.997058629817886,0.807122524037034,0.0222837449618444
0,0.0343880362307762,0.0376394473501224,0.0620306315421728,0.0001906908837719,0.998488757832657,0.808912346979057,0.0226340989291827
0,0.118542531848575,0.0096139311303927,0.0548175040321055,0.0001906908837719,0.998173198358767,0.808230503467937,0.0221500352226631
0,0.0300254913401206,0.0347371285183058,0.0205977782985268,0.0001906908837719,0.998890515537058,0.809229768113315,0.0221367132382487
0,0.0150302183144514,0.0393022341808507,0.0080737383448545,0.0010824287139963,0.999026514621924,0.809315828560299,0.0221183026666678
0,0.010345677548588,0.160594975360522,0.0071739669168068,0.0001906908837719,0.999301054830625,0.809655513441053,0.0222285922624303
0,0.013302298588772,0.0922090878858421,0.0040662291387387,0.0001906908837719,0.999049161878197,0.809342649213973,0.0224796713708232
0,0.008667055641012,0.191311182997249,0.0001125142563393,0.0001906908837719,0.999186316435322,0.809495631097793,0.0222080324739094
0,0.0125191497062412,0.0872811923693201,0.002968904982554,0.0002818327190016,0.999065222942595,0.809415169136771,0.0221156793577558
0,0.266807903875495,0.000574417268797,0.745074893504405,0.0001906908837719,0.998035003876609,0.80855768940329,0.0220061167030171
0,0.0069591046517795,0.141699670465883,0.0005842105108705,0.0106129603689697,0.999146452642392,0.809463472352854,0.0221747512174721
0,0.005531964018833,0.221725065755661,0.0013186461375222,0.0005372973598866,0.999072040228922,0.809196828184289,0.0221620297495557
1,0.0027307247091272,0.189618163678689,0.0012184310089236,0.0003074365049991,0.99875428535774,0.808970284798887,0.0221110174533641
0,0.0067026311930384,0.136499682558878,0.0013569865311372,0.0001906908837719,0.998963656931043,0.809390822232708,0.0306589747245925
0,0.0116891990976627,0.0477068657979865,0.0008477470947386,0.0001906908837719,0.998624988011975,0.807451532735259,0.0218796289648766
0,0.0255094367880287,0.0768207515796475,0.0530495032340341,0.0001669978280728,0.998962963647687,0.809443291763924,0.0221273262172023
0,0.0060442869133013,0.124074130060163,0.0063780400041896,0.0002480127927214,0.999104162357718,0.80931322461334,0.0221670867305908
0,0.0119968424435493,0.126432264111014,0.016114549664277,0.0002785844774945,0.998989308415189,0.809331582439398,0.0221658540914635
0,0.0186707685779452,0.0561719623907851,0.0384500204709076,0.000221262568545,0.999205843916496,0.809481569784216,0.0221592958191836
0,0.0075981042180835,0.157269401699066,0.0091274225516822,0.0001906908837719,0.998496037307888,0.808386870482803,0.0219211752246931
0,0.0250064742387699,0.0811137648517096,0.0160436020937496,0.0002659736575256,0.999231148758965,0.809583904899691,0.0221217161288665
0,0.0126657951145238,0.0533603410224627,0.0172594962725252,0.0001906908837719,0.998895830709448,0.809136546812196,0.0229013761799537
0,0.0075662790443711,0.135411312996947,0.0020688246849912,0.0001906908837719,0.998989539509641,0.809289789090712,0.0220996866552323
0,0.0083762609165026,0.164676361217765,0.0079491649637553,0.0001906908837719,0.998833088565793,0.808961170984532,0.0221423391296503
0,0.0087419384026882,0.0732230855277081,0.0065635790975659,0.0002959721232092,0.998944822733223,0.809143968061028,0.0243367528375708
0,0.0565445973647508,0.0353417782749342,0.0306205763431622,0.0001188474245552,0.999342882926395,0.809748213952781,0.0221322093645143
0,0.0172704609345993,0.0949904767663331,0.0116091941387362,0.0001906908837719,0.999093300918485,0.809329629479179,0.0220337562649871
0,0.0477065594179113,0.0234604105571848,0.0282375499417473,0.0001295475142258,0.999202261952494,0.809625698248377,0.0221176231348412
0,0.0097940412042396,0.142515947637331,0.0031455484590073,0.0001906908837719,0.99909457193797,0.809407747887939,0.0223743597407671
0,0.0115319452981426,0.138797351634066,0.0028533759304508,0.0001209492278834,0.998967585536723,0.809230419100055,0.0220614590392201
0,0.0562506825251715,0.125797381866554,0.0061795625912619,0.0001906908837719,0.999059445581301,0.809377542103218,0.0220609217349851
0,0.0516803379708644,0.0213441364089851,0.039910503861955,0.0001207581548536,0.999252871637431,0.809637806601735,0.0221080306739402
0,0.0130152480023463,0.105874172385646,0.0058589863288196,0.0002730433596294,0.999157198534399,0.809491594980007,0.0222365095983633
0,0.0084442794250251,0.112616017172053,0.0038999303717754,0.0001580173956707,0.998852962688645,0.809123657274751,0.0219765965762247
0,0.0052467855014492,0.143997339541071,0.0067968369084715,0.001949900269432,0.998921482193595,0.809233023047014,0.0224651167472815
0,0.0294969438472891,0.0433533875502615,0.0234608062312971,0.000149801255388,0.999187471907581,0.809525055698425,0.0222591711946269
0,0.0216136611118218,0.0607975330289929,0.0362005789591656,0.0002478217196916,0.999458661246731,0.809846382753122,0.0222270119558568
0,0.0300204991560089,0.0790881881670042,0.0209918993947487,0.0001104402112426,0.999184583226933,0.809474929719472,0.022099228366326
0,0.0360604179082125,0.134564803337667,0.0317222850085039,0.0001906908837719,0.999585763195204,0.810146357442757,0.0221645898462047
0,0.0113391221868263,0.156664751942437,0.0036648611222916,0.0001906908837719,0.999123458744441,0.809405664730372,0.0221446621803133
0,0.0231431415190592,0.0676905402545575,0.0356304814630292,0.0001056633854969,0.999217167544633,0.809688062778037,0.0222360355063913
0,0.0208199038380535,0.0668137981074463,0.0369389235972054,0.0001918373219509,0.99908613699048,0.809420637425384,0.0221386886214655
0,0.0145827938134358,0.0467998911630438,0.0030162833703765,0.0003278813191911,0.999068573812146,0.809414518150031,0.0234849992006019
0,0.0283705823070755,0.048885932823412,0.0293882326231825,0.0001950855634581,0.999147492567425,0.809517504252245,0.0221728074403868
0,0.0218121004302639,0.0519696465822172,0.0323998103728112,0.0001564888114321,0.999267430587893,0.8095738797039,0.0221436507841062
0,0.0108542563049725,0.112374157269402,0.0018578439737034,0.0001906908837719,0.999058521203494,0.809416991899642,0.0221459738347692
0,0.0100342900646176,0.134806663240318,0.0103162194786722,0.0001906908837719,0.99920041319688,0.809544324905919,0.0222799048168708
0,0.0052979553885947,0.0917858330562022,0.001739454842356,0.0003624655375906,0.999164362462404,0.809498755834143,0.0227103803274841
0,0.0111107297637137,0.0703812316715542,0.0090186566246284,0.000313168695894,0.999069498189953,0.809411914203073,0.0220665476263866
0,0.0708091394410626,0.0198325120174139,0.126270752853822,0.0001906908837719,0.999110401907916,0.809433006173438,0.0223878713619703
0,0.0162514313527883,0.0965927986213985,0.0139582872355217,0.0001855319119665,0.99522940168491,0.805612495195718,0.0216139794298763
0,0.0732053878147026,0.0162650784533059,0.123649242130145,0.0001075741157952,0.998621521595199,0.808716139575723,0.0221679400961405
0,0.0361970789482716,0.024548780119116,0.0026602694270782,0.0001906908837719,0.997875317610437,0.80777507314487,0.0812824364838046
0,0.0603736025784631,0.0196208846025939,0.0468843703774954,0.0001906908837719,0.994427157295594,0.803596519460337,0.0272504904916035
0,0.101951631976187,0.0090395138615956,0.032009816527268,0.0001906908837719,0.999032985266573,0.809444333342708,0.0220718574564735
0,0.0046876608809332,0.142969434954802,0.0009224525550298,0.0001536227159846,0.998999361023841,0.809319734480737,0.0221793973187981
0,0.0134932496310464,0.124376454938477,0.0078946438493749,0.0001906908837719,0.998984802073379,0.80934277941132,0.0225861524277436
0,0.0145341200183463,0.0784533059225444,0.0085992653578514,0.0001906908837719,0.999160896045627,0.809491464782659,0.0224889635734752
0,0.0128592422488541,0.066723100643952,0.0073957058865637,0.0002134285743219,0.99909457193797,0.809475450508863,0.0243870856019358
0,0.0226457951769261,0.0838044562687063,0.0319419026014147,0.0001906908837719,0.999086830273835,0.809422199793559,0.0230903966492064
0,0.0248972702113254,0.0431417601354415,0.0415834474871599,0.0001906908837719,0.998935001219023,0.809356319935506,0.0222393225440641
0,0.0441677249056945,0.0259999395350243,0.0212004158344774,0.0001906908837719,0.998816796406943,0.809073661493145,0.022552713140649
0,0.0435093806259575,0.0281766786588868,0.0631510270172154,0.0004511234234325,0.999277252102093,0.80963116653699,0.0223968633063734
0,0.0092112037091927,0.182513529038305,0.0104055131794202,0.0004971720236219,0.999015190993787,0.809350070462805,0.0227885580936736
0,0.0104380329546554,0.149771744716873,0.0043806793693007,0.0001906908837719,0.998948982433355,0.809318172112561,0.0223595838743052
0,0.0065609779688674,0.100916044381292,0.0047607627492705,0.0001906908837719,0.999222136075346,0.809579478189861,0.0228896028959813
0,0.0077210367518354,0.174683314689966,0.0020798937755939,0.0014458496167361,0.998977984787052,0.809321036454216,0.0220788108053968
0,0.0132661052539618,0.129818302748133,0.0063946679299266,0.000142922626314,0.999029172208119,0.809352414015068,0.0220915954855761
0,0.0271200401870821,0.0582277715633219,0.0289853186463147,0.0001859140580262,0.999253333826335,0.80960916318519,0.0237909781593572
0,0.016177172614126,0.105692777458657,0.0229077053416974,0.00011349737972,0.999100695940942,0.80949706326862,0.0224630781518017
0,0.0097503595932618,0.17392750249418,0.0030502116421525,0.0001906908837719,0.999093416465711,0.809430272029131,0.0220915954855761
0,0.0200236504722294,0.123741572694017,0.0174469212285278,0.0001744496762363,0.999020968355081,0.809334967570445,0.0221368870719718
0,0.0074539549018567,0.153641503159295,0.0071659222407418,0.0002913863704932,0.998935116766249,0.809218961733437,0.0223108156134479
0,0.0075856237578041,0.137769447047798,0.009314796460172,0.0001731121650274,0.997002704960558,0.806140315244235,0.0218881626203733
0,0.0091650260061591,0.157420564138223,0.0006571194951205,0.0001906908837719,0.998775546047303,0.808895030731782,0.0225543250533539
0,0.0078221284800983,0.158388003748828,0.0028155946304935,0.0001906908837719,0.998675828791364,0.809022754330104,0.0220915954855761
0,0.0120005865816331,0.117060192883272,0.0205026036600283,0.0004729057488333,0.998955915266908,0.809308537508814,0.0226595418650155
0,0.0195737298791579,0.0793300480696556,0.022712752422387,0.0001906908837719,0.999050895086585,0.809473888140688,0.0224068982531149
0,0.0648628241409543,0.0141488043051063,0.0098128035782908,0.0001906908837719,0.995856129838107,0.806215699508687,0.0220915954855761
0,0.011564394494869,0.009069746349427,0.0008895733708527,0.000148654817209,0.99711859882812,0.807410129978617,0.0219920361714475
0,0.0086645595489561,0.0922090878858421,0.0041234652151857,0.0003466064761146,0.99901230231314,0.809402930586065,0.0221878519589662
0,0.0157228838599568,0.119539256885449,0.0046415700130914,0.0001906908837719,0.999073195701181,0.809227684955749,0.0222372523424529
0,0.0054857863157993,0.162922876923542,0.0020843251738443,0.0001906908837719,0.998753707621611,0.809011296963485,0.0218571728084676
0,0.0019737847931831,0.205913474619826,0.0013598567732475,0.0003439314536969,0.998546184803922,0.808898155468132,0.0221872356394025
0,0.0108111987170087,0.150043837107356,0.0063034222204792,0.0001906908837719,0.998848802988513,0.809113371684264,0.021995402224449
0,0.0196991585049657,0.0545394080478883,0.0083124116031527,0.0001906908837719,0.999002942987843,0.80945422834115,0.0221006664453079
0,0.0289808768147369,0.156876379357257,0.0116485295799298,0.0001048990933775,0.998868677111366,0.809177168384751,0.0219956234673693
0,0.0341084739205182,0.135108988118632,0.0680504046530512,0.0001906908837719,0.998486909077043,0.808405228308862,0.0214761134844067
0,0.017555639451983,0.0663300783021435,0.003524204121463,0.0001906908837719,0.99858246663285,0.808854148764531,0.022187567503783
0,0.0492803454591405,0.0322278320282976,0.0164384157805509,0.0004184499353313,0.999291811052554,0.809714623037015,0.0221007454606365
0,0.0125746877544844,0.0634579919581582,0.0065680805282625,0.0001906908837719,0.999034834022187,0.809346945726454,0.022145752591849
0,0.0496416547842284,0.0315324848081749,0.0928994561763303,0.0001146438178989,0.999141368564453,0.809524665106382,0.0221161218435964
0,0.0229365899014356,0.0414185083290504,0.02391494997246,0.0002654004384361,0.999288575730229,0.809620099762416,0.0223290049421085
0,0.0262008542875061,0.0855579405629289,0.0166276168674306,0.00012477068848,0.999243512312135,0.809593539503438,0.022234565821278
0,0.0202851161150823,0.0773347038727817,0.0016680736108679,0.0001906908837719,0.999089603407257,0.809498886031491,0.0221783069072624
0,0.0153366136143101,0.0584998639538047,0.0131655909484075,0.0002812594999122,0.99887445447266,0.809135244838717,0.0220050104884157
0,0.0040168361409168,0.117422982737249,0.0012567947985056,0.0001108223573023,0.998946671488838,0.809197609368376,0.022614123854094
0,0.0379630640778032,0.0323789944674547,0.0177520305609501,0.0001906908837719,0.999401465369919,0.809564245100153,0.0221943154128517
0,0.0196548528709739,0.0723765758684282,0.0042815560006794,0.0001906908837719,0.999048584142068,0.809446937289666,0.0221144309155628
0,0.0267150492510164,0.0601928832723645,0.022322334243179,0.0001906908837719,0.999217860827988,0.809743787242951,0.0222077954279234
0,0.020452354282826,0.0758835444568733,0.0301277674630344,0.0004988916808904,0.999115485985855,0.809435219528352,0.0221093423283962
0,0.0167238167743626,0.0766393566526589,0.0093622113216076,0.0001906908837719,0.999206421652626,0.809561250561151,0.0222025804162309
0,0.02388697695171,0.0624300873718898,0.0457413637496212,0.0001578263226409,0.999314458308828,0.809650956533876,0.0220967314819399
0,0.0071962333970876,0.100976509356955,0.0083377018662575,0.0004455823055674,0.999080012987508,0.809392905390274,0.0220796799740122
0,0.0211406516672335,0.0756719170420534,0.0089211338005402,0.0001906908837719,0.999100233752038,0.809459436235068,0.0222800944536596
0,0.0048037291615314,0.127974120990416,0.0032554095271831,0.000863650094839,0.999211505730565,0.809567890625895,0.0224072459205611
0,0.0102246170838781,0.101913716479729,0.0084751267841931,0.0001920283949808,0.999324857559157,0.809718789352148,0.0222309469192247
0,0.0132086951366766,0.0627928772258669,0.0040549328701868,0.0001715835807888,0.99912600078341,0.8094133463739,0.0221750672787868
0,0.027800225272308,0.0481603531154579,0.0191106830248506,0.0001906908837719,0.999177303751703,0.809528831421515,0.0221262358056666
0,0.0202277059977972,0.0763067992865133,0.011928290256489,0.0001906908837719,0.999174877259959,0.809552266944143,0.0222195371057643
0,0.0052773626291337,0.143513619735768,0.002310914998118,0.0001906908837719,0.999061756525818,0.809334967570445,0.0221968281003035
0,0.0127799913260801,0.114278804002781,0.0070377559075602,0.0001906908837719,0.999006524951846,0.80941647111025,0.0222767916129211
0,0.0229846396735112,0.0737975027965051,0.0097392835395725,0.0001906908837719,0.999172797409893,0.809509171621978,0.022369128926009
0,0.0351268794793152,0.0390906067660308,0.0282573745843806,0.0001906908837719,0.99894181850535,0.8092528130439,0.0220529727929205
0,0.0137178979160751,0.0529370861928228,0.0150859994300533,0.0001906908837719,0.998563054698901,0.808234279191027,0.0221453733182713
0,0.0206202164735835,0.0402394413036249,0.0100248813350236,0.0001832390356085,0.999013111143721,0.809343560595408,0.0220833778913941
0,0.0158196074271219,0.0302627203192551,0.0136480971501722,0.0001906908837719,0.999159625026142,0.80948130938952,0.022420172828332
0,0.0238826087906122,0.0567463796595822,0.0114800009285789,0.0001906908837719,0.999015306541013,0.809367126315384,0.0220570025746829
0,0.0223044545882852,0.0627928772258669,0.0064164806079392,0.0015249538510864,0.999032985266573,0.809384702957355,0.0221461634715581
0,0.0094034027974951,0.0908788584212595,0.0059692432241123,0.0001262992727187,0.993104026011991,0.802458594639411,0.0213157597763967
0,0.0071856250058502,0.231278531910391,0.0005214441058371,0.0004001069244674,0.998984108790024,0.809322078032999,0.0224078622401247
0,0.0061453786415643,0.157511261601717,0.0027133825667208,0.0002818327190016,0.998915358190623,0.809033560709982,0.0222822120644681
0,0.0030720652977681,0.203283248178493,0.0048495417581753,0.0001906908837719,0.999047544217035,0.80931634934969,0.022414815589048
0,0.0032492878337353,0.162348459654745,0.000174145782084,0.0001662335359535,0.998907038790359,0.80937871387935,0.0222385639969089
0,0.005771588856197,0.110409045560359,0.0004871419260894,0.0002466752815126,0.999121263347149,0.809413085979204,0.0224860084001828
0,0.0064324292279899,0.12996946518729,0.0072876793614553,0.0002044481419198,0.998637929301274,0.808854539356575,0.0221723807576119
0,0.0519948455699046,0.0217069262629622,0.0380621444850427,0.0001906908837719,0.998878151983888,0.809022754330104,0.0220141130542789
0,0.0090321091041837,0.116334613175318,0.0042271230486764,0.0001312671714943,0.998840830229927,0.809122094906576,0.0220245430776638
0,0.0218657664094652,0.0615533452247785,0.0046106660781257,0.0001906908837719,0.998993583662547,0.809377411905871,0.0224365764105647
0,0.0100729794914836,0.13229736675031,0.0063463502639817,0.0003918907841847,0.99898422433725,0.809327416124265,0.0225113407145555
0,0.0247818259537412,0.107416029265048,0.0007338812160737,0.0003011310950146,0.998961114892073,0.809353585791199,0.0223478421964643
0,0.0387137637636076,0.0202255343592224,0.0008477190156918,0.0001906908837719,0.998911082943265,0.809308537508814,0.0224184344911012
1,0.0127238292548229,0.12210901835112,0.0044720104429368,0.0001906908837719,0.998705293333965,0.808649087941538,0.0220324130043997
0,0.0067325842977089,0.140036883635154,0.000923520200061,0.0001471262329703,0.998893288670479,0.808962342760663,0.021966751266272
0,0.0063076246251961,0.054237083169574,0.0018075113398124,0.0001906908837719,0.998852616046968,0.809313485008036,0.0222851672377605
0,0.0279755757392333,0.0585603289294676,0.0663176648224436,0.000164513878685,0.998926566271534,0.809407487493243,0.0219829494086501
0,0.0073597274267475,0.152401971158207,0.0046319556114333,0.0001322225366435,0.999048353047616,0.809192661869155,0.0220912004089328
0,0.0141721866702444,0.112192762342413,0.019096952526405,0.0002718969214504,0.999157776270528,0.809555912469885,0.0221687618555587
0,0.0380011294816553,0.032469691930949,0.0515517330645954,0.0001878247883245,0.999366685654927,0.809767222765579,0.0220988806988798
0,0.0126383381019092,0.100492789551652,0.0209115698471162,0.0001906908837719,0.998670166977296,0.80881391778402,0.021932142552313
0,0.010046770524897,0.109169513559271,0.0039583209536961,0.0002806862808227,0.999243743406586,0.809604476080664,0.022076708997654
0,0.0087438104717302,0.0913021132508994,0.0143655744704958,0.0001906908837719,0.998869370394721,0.80923953291441,0.0220134967347152
0,0.0084324229877597,0.154578710282069,0.0012219921899046,0.0001906908837719,0.999016115371594,0.809393946969058,0.0220668004754384
0,0.0150776440635131,0.048099888139795,0.0258667772363697,0.0002480127927214,0.999039224816771,0.809414518150031,0.0221516945445652
0,0.0104823385886471,0.0789672582156786,0.0118671341507856,0.000265591511466,0.998956261908586,0.809286403959666,0.021991293427358
0,0.040683180395693,0.0276627263657526,0.0309662810789903,0.0001906908837719,0.999191169418809,0.809536513065043,0.0221269311405589
0,0.0112748478163875,0.121564833570154,0.0166350087493785,0.0001906908837719,0.998959266136459,0.809315307770907,0.0220726792158917
0,0.0205771588856197,0.0606161381020044,0.0233973238980129,0.0001906908837719,0.999119530138761,0.809472976759253,0.0220963047991651
0,0.0126533146542444,0.125253197085588,0.0090054581512507,0.0001209492278834,0.998974287275824,0.809367647104776,0.0220183008666986
0,0.017296045878172,0.0792695830939928,0.004242342183537,0.000144069064493,0.998961577080977,0.809200994499422,0.0220497015583134
0,0.0238695043073189,0.0761556368473562,0.0029828333362625,0.0001906908837719,0.999100927035393,0.8094353497257,0.0220751286910806
0,0.0391805329780562,0.0265743568038214,0.0265331045796412,0.0001906908837719,0.999029865491474,0.809397071705408,0.0220501282410883
0,0.0197503283921111,0.0555673126341567,0.0281600914134997,0.0002333001694244,0.999273207949187,0.809622703709375,0.0221231226017169
0,0.0091594097990333,0.136076427729238,0.0038025269953695,0.000123624250301,0.999200644291331,0.809544194708572,0.0222803473027114
0,0.0096236829214261,0.132115971823321,0.0161500946090352,0.002024800897126,0.999091567710097,0.809502271162537,0.0220322865798738
0,0.0336348404529159,0.0389092118390422,0.010008458318317,0.0002260393942908,0.999080359629186,0.809422069596211,0.0220732639293239
0,0.025265443789567,0.0436557124285757,0.0615351822017539,0.0001245796154502,0.999389332911201,0.809818520520664,0.0221380723019019
0,0.0211961897154767,0.0499138374096804,0.0105469878537517,0.0001906908837719,0.999089718954482,0.809424543345822,0.0220651253504705
0,0.0615174367630678,0.0198325120174139,0.0976577392640036,0.000341638577339,0.999604597393023,0.81011784422356,0.0220980273333302
0,0.0124648597040259,0.168787979562838,0.002360348713873,0.0001906908837719,0.99900779597133,0.809308407311466,0.0220343883876165
0,0.0281883675869966,0.0672672854249176,0.0549492489572203,0.0001906908837719,0.998917206946237,0.809345773950323,0.0219416559978853
0,0.0213484513308851,0.0705928590863742,0.0174620993621505,0.0001595459799094,0.999130160483542,0.809481699981564,0.0221451994845482
0,0.0223125668874668,0.0895486289566768,0.0141288245394621,0.0001614567102077,0.9990398025529,0.809387306904313,0.0220532256419723
0,0.0138907522909445,0.118239259908698,0.0198688658301027,0.0001652781708043,0.999215780977922,0.809589112793608,0.0221747986266693
0,0.01366048779879,0.0775160987997702,0.0257992380929221,0.0001790354289522,0.99923773495084,0.809633379891905,0.0221120446526368
0,0.0191849635414554,0.109774163315899,0.007261458428545,0.0001618388562674,0.999031367605411,0.809494719716357,0.0221146837646145
0,0.031656063475621,0.0298092330017837,0.0750772670952166,0.0001906908837719,0.998754516452192,0.808550007759762,0.0220662473681377
0,0.0083425636737482,0.15905311848112,0.0132816242380098,0.0003234866395049,0.999080706270863,0.809457613472197,0.0220852268500851
0,0.0266470307424938,0.0341627112495087,0.0306189168229148,0.0008785537911659,0.999081746195896,0.809440297224922,0.0220638769082775
0,0.0210495443071941,0.0394533966200079,0.0290202347175832,0.0001041348012582,0.998977060409245,0.809358012501029,0.0220917535162335
0,0.034072280585708,0.0468603561387066,0.0268807053215298,0.0001906908837719,0.998826849015595,0.809165060031393,0.0220447710018042
0,0.0379512076405378,0.0394533966200079,0.0598562741012054,0.0001906908837719,0.999074235626214,0.809402930586065,0.0220618383127977
0,0.0748578007556919,0.0137860144511292,0.0523694758809151,0.0001906908837719,0.999071924681696,0.809464253536941,0.0221052967435681
0,0.0045809529455446,0.192883272364483,0.0001533363518975,0.000132795755733,0.998872374622594,0.809118579578181,0.0219811952683535
0,0.0092885825629249,0.183753061039393,0.001290322268607,0.0001906908837719,0.998746543693606,0.809158159571953,0.021948403906954
0,0.0195993148227307,0.0632463645433383,0.016222642102276,0.0001906908837719,0.999115601533081,0.809408659269374,0.0220680647206972
0,0.0120049547427309,0.0742812226018079,0.0070753559082048,0.0001648960247447,0.999277136554867,0.809670486136066,0.022139794836067
0,0.0212829289144184,0.0750974997732563,0.0477265375923886,0.0001906908837719,0.999217976375214,0.809575962861467,0.022166833881539
0,0.028840471636594,0.0355836381775856,0.0428503426005729,0.0001906908837719,0.998953488775165,0.809314266192123,0.0220725685944316
0,0.0353733685698329,0.0412068809142304,0.0199168004162349,0.00022699475944,0.999172450768216,0.809472455969861,0.0221522318488002
0,0.0109341312507605,0.139371768902863,0.0024427459869687,0.0002369305569912,0.999019812882822,0.809358403093072,0.0221186977433111
0,0.0107194673339553,0.10406022311576,0.0119470516456929,0.0001906908837719,0.999374427319062,0.809725429416893,0.022101551416989
0,0.0123787445280982,0.119206699519303,0.0189326840396985,0.0001906908837719,0.999128427275154,0.809527138855992,0.0220902206188572
0,0.0126976202882362,0.111588112585785,0.0111969616298068,0.0007707886023409,0.998993699209772,0.809347596713194,0.0221043169534926
0,0.0109809329768082,0.0970160534510385,0.0128773046959556,0.0001050901664074,0.999095842957454,0.809466336694508,0.022217466904153
0,0.025744069441281,0.054448710584394,0.0116046824480141,0.0001906908837719,0.999053437125555,0.809449671433973,0.0221107329981809
0,0.0249521842365546,0.0652114762523808,0.048199030106506,0.0001041348012582,0.999071693587244,0.80943287597609,0.0220455453520252
0,0.0093534809563776,0.183329806209753,0.0042638496452254,0.0001906908837719,0.999005253932361,0.809341607635189,0.0221426867970964
0,0.0071793847757105,0.11403694410013,0.0038998565501153,0.0001906908837719,0.998905305581971,0.809195135618766,0.0220587093057822
0,0.0102177528307244,0.103153248480817,0.0103455907057502,0.0001862962040858,0.999123689838892,0.809477273271734,0.0221859081818808
0,0.0095575364819454,0.121383438643166,0.0125095060252817,0.0001213313739431,0.999022817110695,0.809344862568887,0.0221270417620191
0,0.0154595461480619,0.105692777458657,0.0203635691811737,0.0002013909734425,0.999127156255669,0.80947753366643,0.0221312927867017
0,0.0107993422797433,0.1393113039272,0.0050530926176485,0.0001906908837719,0.998726322929076,0.809127563195189,0.021930293593622
0,0.014300111388108,0.181183299573722,0.0142547567521092,0.0001906908837719,0.998962501458784,0.809273254027525,0.0220241638040862
0,0.0364566725220826,0.0460743114550896,0.0570308945155629,0.0001121598685111,0.999295508563783,0.809697827579131,0.0221920555744516
0,0.0138957444750562,0.086495147685703,0.0162377416339995,0.0001648960247447,0.999007102687975,0.809394077166406,0.0221906174954698
0,0.0088249334635461,0.134443873386341,0.0137277746809623,0.0001115866494216,0.999248480842848,0.809641972916869,0.0224490924386265
0,0.0422738150582994,0.0300208604166037,0.0678307977670987,0.0001906908837719,0.999123227649989,0.809494329124314,0.0221041273167038
0,0.0325440482244985,0.0375185173987967,0.0761016089895834,0.0002512610342286,0.999078164231894,0.809505526096236,0.0222062783336129
0,0.0133790534194901,0.118692747226169,0.0053134458148806,0.0003290277573701,0.99913582229761,0.809449411039277,0.0220872654455648
0,0.006609027740943,0.131813646945007,0.0022916873995774,0.0001906908837719,0.998879191908921,0.809084207478327,0.0220915954855761
0,0.018233952468167,0.0907579284699338,0.0296902524248831,0.0001906908837719,0.999177419298929,0.809550704575968,0.0222629639304032
0,0.103134779610672,0.0097348610817184,0.0773606574959448,0.0003129776228642,0.999279216404933,0.809821384862319,0.022293179392088
0,0.0232510975004758,0.0731626205520452,0.0438886958615812,0.0001906908837719,0.999185160963063,0.809547059050226,0.063993155629018
0,0.0023981204426819,0.124467152401971,0.0048495417581753,0.000104325874288,0.99917233522099,0.809583253912951,0.0220882610387061
0,0.0163450348048836,0.0940835021313904,0.0234533964914641,0.0001138795257796,0.999207346030433,0.809604476080664,0.0223157303668914
0,0.0137066655018237,0.102699761163346,0.0244837012483296,0.0001484637441791,0.999308103211404,0.809699259749959,0.022154444278003
0,0.0180916752209822,0.103274178432143,0.0,0.0001906908837719,0.999092607635129,0.809456832288109,0.0221345008090458
0,0.0340373352969258,0.042960365208453,0.0842040134956783,0.0001906908837719,0.999000400948874,0.809320515664824,0.0221866509259704
0,0.0084442794250251,0.200743719200653,0.0069976417343239,0.0001906908837719,0.999036682777801,0.80940891966407,0.0220915954855761
0,0.0430519717567184,0.0347068960304743,0.0539637051935115,0.000129356441196,0.999274825610349,0.809722955667282,0.0221551870220926
0,0.0247974265290904,0.0338603863711945,0.0250514512584234,0.0130967186837514,0.998833319660245,0.80905322050952,0.0480871487241213
0,0.0108211830852322,0.11234392478157,0.0200751898695139,0.0001906908837719,0.999040611383481,0.809425975516649,0.0221979817241021
0,0.0337677573548913,0.0415394382803761,0.0925360146353138,0.0002871827638369,0.998515564789063,0.808809491074191,0.0220225993005784
0,0.031235471964206,0.0513952293134202,0.0166739093636995,0.0001906908837719,0.99930821875863,0.80967335047772,0.0265058658372501
0,0.0095874895866159,0.204008827886447,0.0022064985057025,0.0001891622995333,0.999006293857394,0.809350591252197,0.0237133693035341
0,0.0102364735211435,0.0619766000544185,0.0055540539818357,0.0001152170369884,0.998876880964403,0.808970024404191,0.0222278179122093
0,0.0186021260464086,0.0720137860144511,0.0258533779152217,0.0001320314636136,0.998803161834289,0.809251901662464,0.0222245150714707
0,0.0158233515652057,0.091060253348248,0.0147004423459556,0.0001906908837719,0.998923099854757,0.809315307770907,0.023503220135394
0,0.0165266255019485,0.0994951174532152,0.0261189035643581,0.0001442601375229,0.999104508999396,0.809471935180469,0.0233512894614206
0,0.0143625136895049,0.11382531668531,0.0167167777708043,0.0001906908837719,0.998763760230262,0.80909097774042,0.0220915954855761
0,0.0129940312198714,0.100220697161169,0.0036059745808468,0.0001906908837719,0.973874887774757,0.781429379396113,0.0220915954855761
0,0.0058889051828231,0.0926625752033135,0.0115165429029661,0.000339345700981,0.997956431763008,0.808078823557596,0.0220824139043843
0,0.013080770418813,0.111557880097953,0.0108941546237698,0.0001198027897044,0.99877392838614,0.809074182282537,0.0229199289791262
0,0.0543261955500919,0.0159627535749917,0.155651654922027,0.0001906908837719,0.998325951791386,0.810019935817915,0.0221448676201678
0,0.0061591071478716,0.137860144511292,0.0020091549033107,0.0005476153034975,0.998940316391414,0.809463342155506,0.0220222042239351
0,0.0122383393499552,0.138767119146235,0.0056060441539237,0.0001906908837719,0.998977638145374,0.809326634940177,0.022142892236951
0,0.0087625311621492,0.146446171055416,0.0043843289847053,0.0001906908837719,0.998871334697561,0.808757021542974,0.0219380212927663
0,0.0212167824749377,0.0874625872963086,0.0299331527747892,0.0001906908837719,0.998778896916853,0.80925216205716,0.0222285290501673
0,0.0151531508482033,0.103243945944312,0.0116227629834859,0.0001906908837719,0.99905216610607,0.809405664730372,0.0220603528246186
0,0.0099793760393883,0.126160171720531,0.00363335740334,0.0001906908837719,0.99901623091882,0.809339784872318,0.0221083783413864
0,0.0062464703698272,0.188680956555915,0.0012888111689545,0.0001906908837719,0.998837363813151,0.808886307509471,0.0220380388958012
0,0.0253328382750756,0.0758533119690419,0.059861588969258,0.0013478291524325,0.99940030989766,0.809751599083827,0.0221216371135378
0,0.0696846499698909,0.0377603773014481,0.0111083973041611,0.0001906908837719,0.998311161746473,0.80765294803251,0.0219399650698517
0,0.0403331034848565,0.0329836442240832,0.0382767391153968,0.0001115866494216,0.999243743406586,0.809702384486309,0.022106197518315
0,0.0091600338220473,0.0831998065120779,0.01219752164026,0.0001014597788406,0.999074582267891,0.809457092682805,0.022125018969605
0,0.0489670859061282,0.0380627021797624,0.0892509105347971,0.0001906908837719,0.999098962732553,0.809446156105579,0.0220462880961147
0,0.0180654662543955,0.0599812558575445,0.0257835108924847,0.0001262992727187,0.999046157650324,0.809382619799788,0.0221043643626898
0,0.0178695230280093,0.0893370015418569,0.0138113415386599,0.0001906908837719,0.999091221068419,0.809431704199958,0.0220734535661127
0,0.0101347577698666,0.120355534056898,0.0020151577371585,0.0001906908837719,0.999120570063794,0.80945930603772,0.0221001923533358
0,0.017675451870665,0.0802974876802612,0.019943508486602,0.0002052124340392,0.999269857079636,0.809672178701589,0.0221337738680221
0,0.0220367487152926,0.117211355322429,0.0199414309091826,0.0001906908837719,0.999048699689293,0.809495370703097,0.0220758556321044
0,0.0107469243465699,0.0776067962632645,0.0072794424265049,0.0001906908837719,0.998702173558866,0.809019629593753,0.0220461932777203
0,0.0291705798109834,0.0543580131208997,0.0124477376020388,0.0001906908837719,0.999236001742452,0.809627911603292,0.0221004926115848
0,0.013320395256177,0.0873718898328143,0.0065408411906703,0.0001906908837719,0.999173144051571,0.809650956533876,0.0220527357469345
0,0.0183600051169887,0.0793300480696556,0.0269859709670716,0.0003655227060679,0.99902801673586,0.809377672300566,0.0220685546157349
0,0.0147662565795427,0.0939928046678961,0.0216338537755969,0.0001278278569573,0.999116410363662,0.809424803740518,0.0220541264167192
0,0.036768684029067,0.0322882970039605,0.0622962477826701,0.0001906908837719,0.999541624154916,0.809843909003511,0.0222024223855736
0,0.0047300944458831,0.146899658372887,0.0025421603866519,0.0003179455216398,0.999332483676066,0.809715794813146,0.0221525479101149
0,0.0218401814658925,0.0781207485563987,0.0202439574356612,0.0001906908837719,0.999119530138761,0.809471804983121,0.0222326536503241
0,0.0095363196994705,0.104604407896726,0.0123232959495614,0.0004442447943586,0.999145181622907,0.80947375794334,0.0220698346640595
0,0.0117378728927523,0.0832300389999093,0.0012362240305013,0.0001173188403166,0.999379395849775,0.809682073700032,0.022107445960508
0,0.0067856262538962,0.0995858149167095,0.0031702524044096,0.0001979516589055,0.999004907290683,0.809390171245968,0.0221565776918772
0,0.0328036417983095,0.047525470870998,0.0540555090250232,0.0001906908837719,0.99924813420117,0.809590284569739,0.0221901750096292
0,0.0206688902686731,0.0681137950841975,0.0163018154344307,0.0001906908837719,0.999205497274819,0.809575051480031,0.0221427974185566
0,0.0087775077144845,0.192066995193034,0.0071752444454261,0.0001906908837719,0.998569640890777,0.808706374774628,0.0215960429502674
0,0.0164517427402723,0.102457901260695,0.013032711007981,0.0001906908837719,0.999111095191271,0.809436391304484,0.0221872356394025
0,0.0192043082548884,0.0962602412552529,0.016474594942562,0.0001291653681662,0.999176957110025,0.809527138855992,0.022166596835553
0,0.0262251911850509,0.0582580040511534,0.0240261820753959,0.0002346376806332,0.999102775791007,0.809447197684362,0.0221683193697181
0,0.0165347378011301,0.0824439943162923,0.0203887628873347,0.000148654817209,0.99910046484649,0.80940891966407,0.0222713711613741
0,0.0213765323665137,0.0687789098164888,0.0231746676275745,0.0001906908837719,0.999230339928384,0.809575832664119,0.0221660437282523
0,0.0091194723261393,0.11509508117423,0.0141698852972025,0.0001906908837719,0.999151074531427,0.809501359781102,0.0221753833401015
0,0.0221746578013797,0.0747649424071107,0.0160302143734258,0.0001906908837719,0.999281411802225,0.809653300086139,0.0222933216196796
0,0.0074314900733539,0.170420533905735,0.0016051925383913,0.000559461831347,0.998969780934014,0.809328067111004,0.022078557956345
0,0.0075045007659882,0.110529975511685,0.0060704475318659,0.0001404386769262,0.999028363377538,0.809410221637549,0.0227422077018738
0,0.0108267992923579,0.156332194576292,0.0049961254976632,0.0002520253263479,0.998935347860701,0.809274556001004,0.0219373101548083
0,0.0070776690244336,0.154427547842912,0.0016696933540849,0.0001576352496111,0.999111904021852,0.809441989790445,0.0221943154128517
0,0.0048630113478585,0.185113522991807,0.0004905112173905,0.0001906908837719,0.998923908685338,0.80922820574514,0.0219775289571031
0,0.004832434220174,0.186957704749524,0.0024528444947125,0.0001402476038964,0.999152807739815,0.809522061159423,0.0234794365214633
0,0.0241571789167585,0.0357650331045742,0.0190473286504062,0.0001494191093283,0.998962270364332,0.809039159195943,0.0220113001085781
0,0.0110526956234146,0.0974695407685098,0.0092777397745097,0.0001478905250897,0.999062334261948,0.809386655917574,0.0221272313988079
0,0.0228979004745695,0.0580463766363334,0.0207287401777245,0.0001906908837719,0.999007218235201,0.809337571517403,0.0220587883211109
0,0.0175693679582903,0.0818998095353266,0.0136878617635654,0.000125917126659,0.998989539509641,0.809347987305238,0.0220162464681531
0,0.0136373989472732,0.11678810049279,0.0049614904111817,0.0001188474245552,0.999067302792661,0.809410742426941,0.0221331891545899
0,0.0127138448865994,0.126643891525834,0.009489846815065,0.0003787067451263,0.998961114892073,0.809301506852026,0.0220549955853346
0,0.0102838992702051,0.187804214408804,0.0002645224013102,0.0002449556242441,0.99898422433725,0.809322598822391,0.0220377702436837
0,0.0270645021388389,0.0373673549596396,0.0026709850326006,0.0002109446249341,0.999022239374566,0.809366475328644,0.0222091228854451
1,0.0047506872053441,0.118390422347855,0.0022847984920573,0.0001906908837719,0.997091329682811,0.804549954639244,0.0218925716757133
0,0.0121859214167819,0.095413731595973,0.0034063993257677,0.0001637495865657,0.998990694981899,0.809519847804508,0.0241117961968374
0,0.0045247908742874,0.0632765970311697,0.0007780205060995,0.0001906908837719,0.998705177786739,0.806450575524357,0.0220424321480755
0,0.0242807354735243,0.050095232336669,0.0539084234964514,0.0001589727608199,0.999028478924764,0.809714753234362,0.0222256686952693
0,0.0078701782521739,0.100009069746349,0.0049946028943459,0.0001906908837719,0.999190938324357,0.809666319820932,0.0222458650132783
0,0.0184436242008605,0.0535115034616198,0.0290032516744893,0.0002841255953596,0.999213354486179,0.809614631473803,0.022184944194871
0,0.0278644996427468,0.0301720228557608,0.0453535591175694,0.0001773157716837,0.999425499192903,0.809833493215677,0.0221388624551886
0,0.0216186532959336,0.055023127853191,0.0381747892652281,0.0001906908837719,0.999056210258976,0.809422850780299,0.052464329280516
0,0.0163063453780175,0.112827644586873,0.0177122789863392,0.0003053347016709,0.999226180228252,0.809578046019034,0.0220911371966698
0,0.0138857601068327,0.111588112585785,0.0151969572910597,0.0001906908837719,0.999089950048934,0.809396030126625,0.0222520124058491
0,0.0071456875329562,0.162529854581734,0.0010481330667125,0.0001906908837719,0.999060947695237,0.809425064135214,0.022219853167079
0,0.0311281400058034,0.0126976448891979,0.0617965415615921,0.0001262992727187,0.99890981192378,0.809333925991661,0.0220104783491599
0,0.0094963822265765,0.0923300178371678,0.0101886408234237,0.0002665468766151,0.999030327680378,0.809352544212415,0.0223110526594339
0,0.0404585321106642,0.0246394775826103,0.0731652267136189,0.0001906908837719,0.999219709583602,0.809590935556479,0.0221292699942877
0,0.0134295992836216,0.120295069081235,0.0157303757598558,0.0001906908837719,0.99896654561169,0.809236538375408,0.0221143202941026
0,0.0245802665202293,0.040602231157602,0.0254918591962412,0.0001906908837719,0.99910774432172,0.809533388328693,0.0220814499173745
0,0.0279755757392333,0.125736916890891,0.037689572454135,0.000166806755043,0.999181694546286,0.809608251803754,0.0224221166054174
0,0.0108130707860506,0.133899688605375,0.0061421118856463,0.0001824747434892,0.998980411278796,0.809334316583705,0.0221107171951151
0,0.0176891803769723,0.0765486591891647,0.0028061845354779,0.0001906908837719,0.999128311727928,0.809369079275603,0.0221249715604078
0,0.0219075759514011,0.0582277715633219,0.0155850505251901,0.0001906908837719,0.999026745716375,0.80944667689497,0.0220880397957858
0,0.0297502971909604,0.0360673579828884,0.0454636381335579,0.0002338733885139,0.999296086299912,0.809646139232002,0.0221307712855325
0,0.0071107422441739,0.12316715542522,0.0090980699986277,0.0001199938627342,0.999240739178713,0.809569973783462,0.0221515839231051
0,0.0102682986948559,0.11107416029265,0.0120860891753506,0.0017714380595693,0.999234730722967,0.809586378649302,0.0222579543585653
0,0.026402413721018,0.0924207153006621,0.0090038504557908,0.0001692907044308,0.999072271323374,0.809429230450348,0.0221579999677933
0,0.0323393686759168,0.0316231822716691,0.0784475334873831,0.0001266814187783,0.999480268577972,0.809862006434874,0.0221244026500414
0,0.0280978842499711,0.0396650240348278,0.0155386339370229,0.0001906908837719,0.999086252537706,0.809389520259228,0.0220872812486306
0,0.0453234155275647,0.0232185506545334,0.0691388358350467,0.0002548914217954,0.999634870766205,0.809990250822587,0.0220886719184152
0,0.0141466017266717,0.134776430752487,0.0045569665041894,0.0001016508518704,0.999047544217035,0.809415559728815,0.0221472538830938
0,0.0240024212092942,0.0507301145811289,0.039884205842831,0.0001906908837719,0.999031367605411,0.809403060783413,0.0228627692903638
0,0.0261777654359893,0.0538138283399341,0.0291638449928869,0.0001446422835825,0.999137671053224,0.809489772217136,0.0221068770501416
0,0.0122389633729692,0.0876742147111286,0.0123761560280089,0.000169099631401,0.999257840168144,0.80961918838098,0.0224123503107934
0,0.0134714088255575,0.107960214046014,0.0158710796109141,0.0001459797947913,0.999194173646682,0.809566718849764,0.0221071298991933
0,0.014799329799283,0.0456812891132811,0.0226997111722397,0.0002520253263479,0.99923184204232,0.809653169888791,0.0220947086895259
0,0.0232560896845876,0.0461045439429211,0.0163156077067794,0.0001115866494216,0.999138826525483,0.809617365618109,0.0221101324816829
0,0.0618438007993735,0.0140883393294434,0.166110704894639,0.0001366172163296,0.998704137861706,0.809022884527451,0.0220372961517117
0,0.0041622335031716,0.0924207153006621,0.0031834506834687,0.0002696040450924,0.999067187245435,0.809425975516649,0.0221140200358537
0,0.0201990009391546,0.0425371103788131,0.0169294239873544,0.0013913938032341,0.999140906375549,0.809523102738206,0.022136697435183
0,0.0259599814041142,0.0305045802219065,0.0349257195398866,0.0001906908837719,0.999195791307844,0.809589893977696,0.0222197583486846
0,0.0207880786643411,0.0854067781237718,0.027768637943318,0.0001421583341947,0.999030327680378,0.809387697496357,0.0223007806667064
0,0.0807966277796325,0.0152976388427004,0.121383730795299,0.0001906908837719,0.998944591638771,0.809307495930031,0.0220193754751686
0,0.0385914552528697,0.0305348127097379,0.034096176353539,0.0001906908837719,0.99908613699048,0.809491985572051,0.0221049806822534
0,0.0039887551052882,0.211899507210448,0.0006737308260436,0.0001478905250897,0.999024896960761,0.809357101119593,0.0223317230694149
0,0.0077029400844303,0.185355382894458,0.0023017561765657,0.0001906908837719,0.998914549360042,0.809258020937817,0.0227872780453491
0,0.0279886802225266,0.0484324455059407,0.033023653923908,0.0001906908837719,0.999227335700511,0.809461128800591,0.0221580631800563
0,0.0276797888306121,0.0366720077395169,0.042868178741462,0.0002013909734425,0.999343460662525,0.80973506402064,0.0222655556331837
0,0.032275094305478,0.0465580312603924,0.0796023134166955,0.0001178920594061,0.999347851457108,0.809781414276504,0.0221941257760629
0,0.0296030277596638,0.0364301478368655,0.0436110318056703,0.00011349737972,0.999078510873572,0.809443291763924,0.0221934146381048
0,0.0702331661991694,0.0207394866523566,0.0224723741538423,0.0001492280362985,0.999197986705136,0.80953482049952,0.0220835517251172
0,0.0085653398897351,0.185567010309278,0.0014662498945369,0.0002248929561118,0.999010453557526,0.809353846185895,0.0221266782915072
0,0.0133178991641212,0.0850137557819633,0.014478285416186,0.0001906908837719,0.999388177438942,0.80970733198553,0.0221637680867865
0,0.0151856000449297,0.108625328778305,0.0246598849668258,0.0001906908837719,0.999236810573033,0.809610985948061,0.0222229347648972
0,0.0136161821647982,0.122078785863289,0.0170250337053397,0.0023951004289398,0.998969665386788,0.809334576978401,0.022043475150414
0,0.0082239993010942,0.164706593705596,0.004090028938833,0.0001906908837719,0.998875147756015,0.809089285174897,0.0220338668864473
0,0.0310445209219316,0.0455603591619554,0.0169934311364841,0.0001906908837719,0.999125538594507,0.809461258997939,0.0221636258591949
0,0.0275955457237263,0.0579556791728391,0.0519592535791247,0.0001906908837719,0.99898168229828,0.809318432507257,0.0220572238176032
0,0.0118901345081607,0.146627565982405,0.0062260477350535,0.0001906908837719,0.999093647560163,0.809448499657841,0.0222557577324282
0,0.0208092954468161,0.0865858451491973,0.0196586655802937,0.0001906908837719,0.99904765976426,0.809444593737403,0.0221311663621758
0,0.0090782868072174,0.099192792574901,0.0058621779157032,0.000225848321261,0.999143217320067,0.809509171621978,0.0221568937531919
0,0.0052168323967787,0.189194908849049,0.0098548748319435,0.0001862962040858,0.999169215445891,0.809493027150834,0.0224117814004269
0,0.0152536185534523,0.114641593856758,0.0270626849050656,0.0001358529242103,0.999064183017562,0.809363220394946,0.0220660893374803
0,0.0076904596241509,0.193215829730629,0.0052144287579999,0.0001906908837719,0.998902070259646,0.809253724425335,0.0269749324343875
0,0.0127544063825074,0.179460047767331,0.0030644268685035,0.0001026062170196,0.999015999824368,0.809359965461248,0.0222160604313026
0,0.0593826540322807,0.0267557517308099,0.125485862347408,0.0001784622098627,0.999349931307174,0.809764098029229,0.0222116513759627
0,0.0126732833906915,0.112736947123379,0.0096112127723095,0.000123624250301,0.999036220588898,0.809398634073583,0.0221913602395593
0,0.0065977953266916,0.124134595035826,0.0127905412573847,0.0001255349805994,0.999410709147989,0.809813312626747,0.0223229997771294
0,0.0297047435109407,0.0396952565226592,0.0279300284345995,0.0001906908837719,0.999102082507652,0.809431313607914,0.0220959571317189
0,0.0330401465206037,0.041962693110016,0.0792223421197306,0.0007071612834069,0.999043846705806,0.809392124206187,0.0221403163372362
0,0.0072592597214985,0.146778728421562,0.0015223665594609,0.0002850809605088,0.999124152027796,0.80945865505098,0.0221074143543766
0,0.0084461514940671,0.180276324938779,0.0034955826729469,0.0001906908837719,0.999333985790002,0.809655513441053,0.0287386335857088
0,0.0226164660952696,0.0720137860144511,0.0407687647622844,0.0001906908837719,0.999274478968672,0.809654602059618,0.0222675784255978
0,0.0464216960321497,0.0259394745593615,0.0923199247422783,0.0001906908837719,0.999339069867941,0.809774904409107,0.0221699470854888
0,0.0251437593018431,0.0670858904979291,0.0560005565690697,0.0001906908837719,0.999068804906597,0.809434438344265,0.0220240847887575
0,0.0053397649305306,0.0555673126341567,0.0006240585646976,0.0001906908837719,0.999284762671775,0.809673610872416,0.0222063573489415
0,0.0214158458163937,0.0723765758684282,0.0307872561495921,0.0001906908837719,0.999223638189283,0.809629604168815,0.0221858291665522
0,0.0275556082508323,0.0512440668742631,0.0554674798485066,0.0002010088273829,0.999234961817419,0.809623094301418,0.0221931933951845
0,0.0132710974380735,0.136288055144058,0.0024975165093534,0.0001906908837719,0.9990723868706,0.809387437101661,0.0220690761169042
0,0.0084449034480391,0.197750702905342,0.0178240069905035,0.0036011533932372,0.999037029419479,0.809375719340347,0.0222694273842887
0,0.0196092991909542,0.0801463252411041,0.0282551947759125,0.0001906908837719,0.999119067949857,0.80946998222025,0.0222865737106109
0,0.0260292479586647,0.0844393385131662,0.0349884569331436,0.0001906908837719,0.999362988143699,0.80962049035446,0.0221715906043252
0,0.0552790786924222,0.0099464884965383,0.0489697267616216,0.0059200156832742,0.999353282176725,0.809812271047964,0.0225531240203581
0,0.0172386357608869,0.083925386220032,0.0242879774668824,0.0001906908837719,0.999002365251714,0.809344471976844,0.0220790162452513
0,0.0197834016118514,0.07920911811833,0.0154579523228364,0.0001079562618548,0.999117912477598,0.809473367351296,0.0225682949634634
0,0.061173600082371,0.0234604105571848,0.05064997278503,0.0001906908837719,0.999285109313453,0.809659028769448,0.0221221428116413
0,0.0108636166501821,0.16606705565801,0.0066543643883726,0.0001906908837719,0.999065800678724,0.809362048618814,0.0222285132471016
0,0.0327431115659546,0.0295069081234695,0.0647371927465409,0.0001906908837719,0.999326937409223,0.811953366434707,0.0244874350693512
0,0.0207256763629443,0.0736161078695166,0.0319129904327467,0.0001119687954813,0.999081168459767,0.809466597089204,0.0222943014097551
0,0.0181484613152533,0.0851951507089518,0.0259712767417181,0.0001906908837719,0.999158354006658,0.809530393789691,0.0223632343824899
0,0.0147781130168081,0.113795084197479,0.0231156651944791,0.0001406297499561,0.999038184891738,0.809392775192927,0.022095593661207
0,0.0149303746322164,0.110620672975179,0.0168302688864953,0.0001906908837719,0.998998783287711,0.809355799146114,0.0688238683689329
0,0.0115955956455674,0.14844151525229,0.0063180604008325,0.0001253439075695,0.998978678070408,0.80933275421553,0.0810378998446258
0,0.0082239993010942,0.135290383045621,0.0141297538684688,0.0003659048521276,0.998947942508322,0.809285362380882,0.0223522354487386
0,0.0191799713573437,0.0780905160685673,0.0359424994068841,0.0001796086480417,0.999042113497418,0.809369469867647,0.022363171170227
0,0.0074664353621361,0.222843667805424,0.0042133075163837,0.0001906908837719,0.998584084294012,0.808815349954848,0.0221904436617467
0,0.0179200688921407,0.0167487982586087,0.02399600988622,0.0001906908837719,0.998536363289722,0.808204333801002,0.0221115231514676
0,0.0059319627707869,0.12041599903256,0.0022594895937927,0.0004268571486439,0.998993237020869,0.809426235911345,0.0222503214778155
0,0.0231437655420732,0.109502070925416,0.0185982706561601,0.0001117777224515,0.99894771141387,0.809246563571199,0.0220681595390916
0,0.0089959157693735,0.115336941076881,0.0049748040960948,0.0001906908837719,0.999122649913859,0.809472716364557,0.0283118085832803
0,0.0642531536563068,0.0047767330773649,0.140021364369311,0.0001906908837719,0.999172797409893,0.809612678513584,0.0244268303122586
0,0.0178763872811629,0.128215980893068,0.0193426713713614,0.0001906908837719,0.999027554546957,0.809390301443316,0.0221249715604078
0,0.0160455037581786,0.140822928318771,0.0111656047963327,0.0001906908837719,0.999080012987508,0.809442119987793,0.0221673553827083
0,0.0082215032090383,0.170994951174532,0.0016453304185046,0.0001906908837719,0.999056441353428,0.809368428288863,0.0222391171042096
0,0.0176517389961342,0.069081234694803,0.0147009494593709,0.0010616017537447,0.999327746239804,0.809681162318596,0.0221414067487719
0,0.0643249163029133,0.0474347734075037,0.128302731533446,0.0001906908837719,0.998139574116035,0.808006694226841,0.0192095271752758
0,0.0383087728275419,0.0347673610061372,0.0327462218650491,0.0001245796154502,0.999259804470984,0.809652909494095,0.0221355754175158
0,0.0109154105603415,0.0667835656196148,0.0107214085773123,0.0001119687954813,0.999201106480235,0.809579478189861,0.0223876027098528
0,0.0521096658044749,0.0370650300813254,0.0930581986871885,0.0001068098236758,0.999144719434003,0.809557474838061,0.0221038902707177
0,0.021390884895835,0.0540556882425855,0.0188578734141468,0.0001324136096733,0.999030674322056,0.809387827693705,0.0220879923865886
0,0.0149054137116577,0.0819905069988209,0.0082129534234747,0.0001906908837719,0.999029865491474,0.80940201920463,0.0220933970350699
0,0.0094433402703891,0.128548538259213,0.0006277516297553,0.0001906908837719,0.999044655536387,0.809388869272488,0.0220836307404458
0,0.0136168061878122,0.116092753272667,0.0163305748686295,0.000145215502672,0.999137093317095,0.809525836882513,0.0220460826562602
0,0.0172692128885713,0.0921788553980107,0.0250697140065057,0.0001127330876006,0.999160664951176,0.80960161173901,0.022354590105533
0,0.0120555006068624,0.062157994981407,0.0073938880743333,0.0001906908837719,0.998668202674456,0.808974971903412,0.0221102905123403
0,0.027781504581889,0.051455694289083,0.0218184806788726,0.0001906908837719,0.999272052476928,0.809660851532319,0.0221092633130675
0,0.0096043382079931,0.0851044532454576,0.0050665673927334,0.0001906908837719,0.999212083466694,0.809655773835749,0.0221770426620037
0,0.0202283300208112,0.0728905281615624,0.0325677680382021,0.0004895291024287,0.999061872073044,0.809429100253,0.022126093578075
0,0.0232916589963838,0.0564742872690994,0.0297586503207989,0.0001306939524048,0.998984455431702,0.809281456460444,0.0220414681610657
0,0.0384104885788188,0.0263627293890014,0.0760476825874716,0.0001906908837719,0.999595584709404,0.809867084131443,0.0221328730932752
0,0.0098214982168542,0.146174078664933,0.0052328026563575,0.0003198562519381,0.999313071742117,0.809676735608766,0.0221648426952565
0,0.0207581255596706,0.0986788402817668,0.0174719936215474,0.000112350941541,0.999139981997742,0.809505786490932,0.022168145535995
0,0.0102177528307244,0.0972276808658584,0.0056878279047042,0.0005732190894949,0.999164709104081,0.809541460564265,0.0221874252761914
0,0.016597140102527,0.046527798772561,0.0107607391994031,0.0001631763674762,0.999426539117936,0.809772300462149,0.022179523743324
0,0.0086545751807326,0.092269552861505,0.0022059311146378,0.000201964192532,0.999102198054878,0.809480267810737,0.0222398914544306
0,0.0302445234180237,0.0478277957493122,0.0497356079865128,0.0001906908837719,0.999137671053224,0.809532997736649,0.0220854480930053
0,0.0252704359736787,0.0607673005411615,0.0168804234661952,0.0001906908837719,0.999315267139409,0.809683245476163,0.0222253526339546
0,0.0041004552247886,0.215648335701545,0.0022887703072374,0.0001906908837719,0.998679757397044,0.808990074795772,0.0221343901875857
0,0.0185166348934949,0.0808416724612268,0.0121246530548601,0.0001906908837719,0.998981335656603,0.809318432507257,0.0220408202353705
0,0.0181135160264711,0.0786347008495329,0.0209051293299114,0.0001385279466279,0.999147839209102,0.809513598331807,0.0221188715770342
0,0.0289921092289884,0.0504580221906461,0.0382959199025715,0.0004094695029292,0.999199951007976,0.809557474838061,0.0221640683450355
0,0.0229709111672038,0.0597091634670617,0.0312536475434819,0.0001360439972401,0.999111904021852,0.809478445047866,0.0221305816487436
0,0.0227525031123148,0.0652417087402122,0.0097952620050632,0.0001906908837719,0.999208963691595,0.809544975892659,0.0221327940779465
0,0.0298638693795027,0.0440789672582157,0.0625785759722942,0.0001906908837719,0.99926442636002,0.809609683974581,0.0222010001096575
0,0.0272916465159235,0.0613417178099586,0.0193169548897008,0.0001906908837719,0.999295393016557,0.809672569293633,0.0221274210355967
0,0.0070945176458107,0.196722798319074,0.001307159941909,0.0003234866395049,0.99895360432239,0.809212321668693,0.0220916903039705
0,0.0149228863560488,0.0783323759712187,0.0256111697478257,0.0001356618511804,0.999000978685003,0.809353455593851,0.0221756677952847
0,0.0124848284404729,0.137739214559966,0.0023242253990457,0.0002820237920315,0.998976829314793,0.809316219152342,0.0268388838414775
0,0.00754880639998,0.130029930162953,0.0024779595212468,0.0001650870977745,0.999105317829977,0.809452275380931,0.0221310399376499
0,0.0051263490597533,0.180064697523959,0.0011464730396431,0.0001035615821687,0.998994739134806,0.809320906256868,0.0224040062920854
0,0.0067082474001641,0.102034646431055,0.0008529197992572,0.0001492280362985,0.999169677634794,0.809550313983924,0.0221563880550884
0,0.024346881913005,0.0380627021797624,0.01533604357527,0.000198524877995,0.999070307020534,0.809406185519764,0.0221863664707871
0,0.0113147852892815,0.0996160474045409,0.0108136213330189,0.0001601191989989,0.999139519808839,0.809505656293584,0.0222820856399422
0,0.0225621760930543,0.0561114974151223,0.0189031562500736,0.0001906908837719,0.998981913392732,0.809310881061077,0.0220970791493861
0,0.0157790459312139,0.0901532787133053,0.0077205632223386,0.0001780800638031,0.998899874862354,0.809271952054045,0.0220606846889991
0,0.0127244532778369,0.12954621035765,0.00340035838603,0.0001906908837719,0.999041189119611,0.809377932695262,0.0220880397957858
0,0.0089977878384154,0.185446080357953,0.0003338927066804,0.0002804952077928,0.998974865011953,0.809324421585262,0.0221659331067922
0,0.0142632940302838,0.157178704235572,0.0012957484812536,0.0001834301086383,0.998987921848478,0.809331061650007,0.022098216970119
0,0.0159494042140274,0.0611300903951386,0.0019112705299178,0.0001719657268484,0.998929339404955,0.809277550540007,0.02193315394852
1,0.0058558319630828,0.161743809898116,0.0055313783929354,0.0001906908837719,0.99881044130952,0.809106471224824,0.0219292663943493
1,0.0093241518747211,0.19239955255918,0.0015835876453252,0.0001906908837719,0.998786060844858,0.808863392776235,0.0216807315795396
1,0.0112773439084433,0.157722889016537,0.0043771961489673,0.000142922626314,0.998984686526153,0.809314786981515,0.0220298845138821
1,0.0192873033157463,0.0704416966472171,0.0261278619267775,0.0001906908837719,0.998155057444303,0.807895375494359,0.0219159286068692
1,0.0080386644659455,0.17689028630166,0.0021518497239602,0.0001906908837719,0.99906845826492,0.809120402341053,0.0225565058764253
0,0.0099169737379914,0.0806300450464068,0.0039498227378712,0.0001264903457485,0.998962154817106,0.80943912544879,0.0220347360550627
0,0.004593433405824,0.0749463373340992,0.00115327809866,0.0001381458005682,0.998615628686679,0.806860306578299,0.0220162306650873
0,0.0095874895866159,0.0520301115578801,0.016901846127219,0.0001503744744775,0.999034140738832,0.809513598331807,0.0221054389711597
0,0.0107600288298632,0.0751881972367506,0.0061616359756032,0.0002755273090172,0.999182734471319,0.809591846937915,0.0220771988926918
0,0.0189971326142508,0.0508208120446231,0.0335942393930714,0.0002892845671651,0.99924616989833,0.809659028769448,0.0221319565154626
0,0.0245284726100699,0.0310185325150407,0.0321294652904858,0.000167953193222,0.999374080677384,0.809759931714095,0.0220783367134247
0,0.0288229989922028,0.0471626810170209,0.0565680891171475,0.0001906908837719,0.999157660723302,0.809556042667233,0.0221506831483582
0,0.0183812218994637,0.0983765154034525,0.0206991415589468,0.0002923417356424,0.999164246915178,0.809671657912197,0.0220580139708899
0,0.0073197899538535,0.136167125192732,0.0107524838430434,0.0001033705091389,0.998827311204499,0.809071057546186,0.0219655186271447
0,0.0071363271877466,0.167820539952233,0.0016500078047508,0.0001104402112426,0.999040726930707,0.809398894468279,0.0220904892709747
0,0.0187362909944119,0.0288720258790096,0.0323780881889999,0.0001192295706149,0.99875428535774,0.808930574607768,0.021971697625847
0,0.0117291365705567,0.0802974876802612,0.0135030700391996,0.0002910042244336,0.999054708145039,0.809380797036917,0.022108820827227
0,0.0154445695957267,0.0604952081506787,0.0231494325509701,0.0001113955763918,0.999222829358701,0.809462300576722,0.0221332365637871
0,0.0151001088920159,0.120869486350032,0.0195396903838581,0.0001906908837719,0.998895137426093,0.808868600670152,0.0220340881293676
0,0.0105909185930777,0.0493394201408834,0.0053553325240989,0.0001906908837719,0.99916193597066,0.809597966213268,0.0220415155702629
0,0.0037815794646506,0.153581038183632,0.0013265492913048,0.0001828568895488,0.998764453513618,0.809000099991563,0.0219399808729174
0,0.0122982455592962,0.0958369864256129,0.0033877089600352,0.0001935569792194,0.998789989450538,0.809174434240444,0.0217704929929127
0,0.046254457864406,0.106146264776128,0.0346101103733854,0.0001906908837719,0.999094225296292,0.809386786114922,0.0220662789742691
0,0.0314888253078774,0.0426278078423073,0.0110005880856137,0.0001329868287628,0.9990625653564,0.809499016228839,0.0221638945113124
0,0.0303949129643901,0.0335580614928803,0.0509016838928989,0.0002118999900833,0.999296895130493,0.809659289164144,0.0221058656539346
0,0.0120879498035888,0.132055506847658,0.0085079243350998,0.0001186563515254,0.999118374666502,0.80943600071244,0.0220384813816418
0,0.0070826612085453,0.121383438643166,0.0076787416875999,0.0023299445257672,0.99916979318202,0.809498495439447,0.0220717626380791
0,0.0293465543009226,0.0646672914714152,0.026466479996982,0.0001710103616993,0.999048584142068,0.809402279599325,0.0221174176949866
0,0.0343162735841698,0.0308673700758835,0.0695008124076614,0.0001906908837719,0.999446182146336,0.809891561232854,0.0221512520587246
0,0.0317789960093728,0.0366417752516855,0.030191389569733,0.0001091027000338,0.999119530138761,0.80946750847064,0.0220995128215092
0,0.0521427390242152,0.019197629772954,0.093247234097976,0.0003009400219848,0.999644461185954,0.809925282345969,0.0220877553406026
0,0.0080112074533308,0.118148562445204,0.0012914169239323,0.0001906908837719,0.999005485026813,0.809424933937866,0.0220630077396621
0,0.0212423674185104,0.0589231187834447,0.0378817322369805,0.0001906908837719,0.999096651788035,0.809453837749107,0.0221871092148767
0,0.0254382981644363,0.0599812558575445,0.0455511252148305,0.0001410118960157,0.999234615175742,0.80957700444025,0.0221738188365938
0,0.0140486301134786,0.0981346555008012,0.0156594261878461,0.0001320314636136,0.999055516975621,0.809431704199958,0.0220164519080076
0,0.0149266304941326,0.101188136771775,0.0175399820880399,0.0001843854737875,0.999202839688623,0.809580129176601,0.0221224904790875
0,0.015079516132555,0.0496115125313662,0.023248236770619,0.0001562977384022,0.999244552237168,0.809740792703949,0.0220959255255874
0,0.0236648247587371,0.0487952353599178,0.0297320846277163,0.0001906908837719,0.999278638668803,0.809545887274095,0.0221798556077044
0,0.0294370376379481,0.0264534268524957,0.0567643813778438,0.0005778048422109,0.998980411278796,0.809305803364508,0.0223278197121784
0,0.0041516251119341,0.102004413943223,0.0039051307472717,0.0003271170270718,0.99891628256843,0.809243178440152,0.0219748424359282
0,0.0327162785763539,0.0279348187562354,0.0608846245369796,0.0015253359971461,0.999067533887113,0.809413997360639,0.0220667688693069
0,0.0595299234635773,0.0191069323094597,0.121989567749175,0.0001906908837719,0.999303250227917,0.80966957475463,0.0221839960109269
0,0.0066739261343958,0.0913625782265623,0.0042973773290773,0.0001906908837719,0.999197062327329,0.80952414431699,0.0227252984215376
0,0.0333271971070293,0.0519998790700487,0.0543034551699291,0.0001507566205371,0.999105664471654,0.809470242614946,0.0221707372387755
0,0.0338020786206595,0.0403603712549506,0.0377110867752722,0.0001906908837719,0.998729327156949,0.808970675390931,0.0220052791405332
0,0.0738718443936213,0.0147836865495662,0.107395474258717,0.0001906908837719,0.999183889943578,0.809599919173486,0.0221589639548032
0,0.0041759620094789,0.199262327296913,0.0005653306455776,0.0001496101823581,0.999068227170468,0.809420507228036,0.0221577155126101
0,0.0066801663645355,0.184055385917707,0.0010522261561703,0.0001906908837719,0.998936965521863,0.80915894075604,0.0220801224598527
0,0.0205565661261587,0.0591952111739275,0.0181853071787154,0.0001906908837719,0.999163206990145,0.809443812553316,0.0221052493343709
0,0.0309072358588585,0.0331952716389032,0.0484992181438961,0.0001977605858757,0.999295161922105,0.809694442448085,0.0220897623299509
0,0.0364142389571327,0.0416603682317018,0.0934674315572097,0.0001113955763918,0.999352126704466,0.80975706737244,0.022117338679658
0,0.04589502060836,0.0224022734830849,0.0782502848873859,0.0001006954867212,0.999154772042655,0.809517634449593,0.0221439826484867
0,0.079508020255787,0.018199957674517,0.0475913653912836,0.0001906908837719,0.99894378280819,0.809275597579788,0.0220242744255463
0,0.0090420934724072,0.168153097318378,0.0017113287509761,0.0002086517485761,0.99897047421737,0.809308407311466,0.0220137811898985
0,0.0122364672809133,0.0912114157874051,0.0153704515615298,0.0001906908837719,0.999343807304202,0.809663325281929,0.0220847685611787
0,0.0223325356239138,0.074644012455785,0.0502670718621713,0.0001906908837719,0.999164593556856,0.809520628988596,0.0220448026079357
0,0.012461739588956,0.126250869184025,0.0122074238472903,0.0017380002793487,0.998958919494781,0.809353976383243,0.0220755711769212
0,0.0070982617838945,0.134111316020195,0.0018704444508269,0.0001906908837719,0.999002249704488,0.80932142704626,0.0221500510257288
0,0.0301072383549505,0.0450161743809898,0.0158516379897978,0.0001906908837719,0.999114908249725,0.80944667689497,0.0221256985014316
0,0.0498687991613131,0.0308371375880521,0.0721569312852531,0.0001129241606305,0.999090412237838,0.809440818014313,0.0221707530418413
0,0.0237422036124692,0.0708347189890256,0.0134155439387394,0.0001906908837719,0.99909792280752,0.809452275380931,0.0221647320737963
0,0.0147768649707801,0.101157904283944,0.0053083044345305,0.0001070008967057,0.999126925161217,0.809472195575165,0.0221724913790721
0,0.0130246083475559,0.0640021767391239,0.0178539595801581,0.0002245108100521,0.999111095191271,0.809487819256917,0.0220828879963563
0,0.0066258763623202,0.124255524987151,0.0107051958716949,0.0002747630168979,0.999134320183674,0.809499406820883,0.0221376772252585
0,0.0194888627492582,0.0898811863228225,0.0348516938840067,0.0001906908837719,0.9990625653564,0.809294476195238,0.0220719048656707
0,0.0112149416070465,0.140006651147323,0.007682721061776,0.0001906908837719,0.999037607155609,0.809392124206187,0.022380680967061
0,0.0071163584512996,0.18326934123409,0.0011058185245,0.0001906908837719,0.998968278820078,0.809338352701491,0.0220675116133965
0,0.0536753395465225,0.0293557456843124,0.106697150015727,0.0001614567102077,0.999309951967018,0.80968910435682,0.0221027682530506
0,0.0131862303081738,0.10617649726396,0.0149670665950863,0.0001436869184334,0.999081977290348,0.809443161566576,0.0222336176373339
0,0.0058726805844599,0.147020588324213,0.005931715004782,0.0001845765468173,0.999040264741804,0.809333014610226,0.0219723613546078
0,0.0209035229219254,0.0679021676693775,0.0251066316765963,0.0001906908837719,0.999201337574687,0.809520759185944,0.0221018990844352
0,0.0268548304061454,0.0563533573177737,0.0586457709051027,0.0007981120456068,0.999012417860366,0.809356319935506,0.0220776571815981
0,0.0060842243861953,0.176346101520694,0.0050550477743101,0.0001906908837719,0.999134320183674,0.809467248075944,0.0221405533832222
0,0.0405689841841367,0.0378510747649424,0.0984907333166271,0.0001906908837719,0.999270781457443,0.809673741069764,0.022182921402457
0,0.0992302676122696,0.0110650905463011,0.184160995366044,0.0001906908837719,0.999357557424083,0.809840654069813,0.0221676240348258
0,0.0549084090221247,0.0281464461710554,0.130590544005128,0.0001906908837719,0.998969203197885,0.80934030566171,0.0220213192522539
0,0.007809023996805,0.0451975693079783,0.0103045606892223,0.0001906908837719,0.999306601097468,0.809957571288256,0.0221572888298353
0,0.0256816671398841,0.0592556761495903,0.0452773649625676,0.0001906908837719,0.999285571502357,0.809700691920786,0.0221756835983505
0,0.0256292492067107,0.0640626417147867,0.0465486902694554,0.0001240063963607,0.999144834981229,0.809461909984678,0.0220539683860618
0,0.0223300395318579,0.0813858572421924,0.0003860007913332,0.0001906908837719,0.999072964606729,0.809412565189812,0.0221468272003189
0,0.0128342813282954,0.123529945279197,0.0174759101530678,0.0004604860018942,0.999065338489821,0.809393426179666,0.0223443655220027
0,0.0155138361502772,0.0970765184267013,0.0102073938957888,0.0001906908837719,0.998951871114002,0.809162195689739,0.022090410255646
0,0.0294913276401634,0.0596486984913989,0.0578399314477024,0.0001045169473179,0.999291348863651,0.809590284569739,0.0221645582400733
0,0.0350026988995354,0.0176860053813828,0.0093353391491295,0.0061351639148647,0.999348313646012,0.809786491973073,0.022109832223434
0,0.0152336498170053,0.0697463494270943,0.0295822517830205,0.0001906908837719,0.999090989973967,0.809445505118839,0.0221891794164879
0,0.0475717704468941,0.0305348127097379,0.10722806637912,0.0001906908837719,0.999088216840546,0.80937493815626,0.0221116495759935
0,0.0748197353518398,0.0184418175771684,0.130999658632243,0.0001906908837719,0.999275403346479,0.809639499167258,0.022106971868536
0,0.014740047612956,0.121655531033649,0.0085868734623809,0.0001906908837719,0.998982953317765,0.809319864678084,0.0220249539573729
0,0.0409558784527973,0.0255162197297216,0.111787437673926,0.0001906908837719,0.999457736868924,0.814529711555588,0.0221931459859873
0,0.0181840306270495,0.085134685733289,0.0322493249283169,0.0001906908837719,0.998997281173775,0.809402930586065,0.0220633396040425
0,0.0237328432672597,0.0626719472745412,0.039496568558012,0.0001071919697355,0.999215203241793,0.809594841476917,0.0222102923123095
0,0.0258651299059909,0.0462859388699096,0.0442622696440614,0.0001003133406616,0.999173837334926,0.809564505494849,0.0222568955531611
0,0.010605271122399,0.160776370287511,0.008842527742859,0.0001704371426098,0.999150496795298,0.809497323663316,0.0229614752389427
0,0.011943176464348,0.136953169876349,0.0237215726277346,0.0002642540002571,0.999150727889749,0.809493417742878,0.0226989231048264
0,0.0073310223681049,0.175287964446594,0.0060639817920987,0.0002357841188122,0.999077008759635,0.80941204440042,0.0235282837976493
0,0.0224542201116377,0.0627021797623726,0.0420228708317431,0.0001207581548536,0.99903252307767,0.809370120854386,0.0221098796326312
0,0.0117696980664647,0.0789067932400157,0.0101777712397925,0.0003798531833053,0.999406318353406,0.809804198812392,0.0532097124820246
0,0.0219855788281472,0.0787556308008586,0.0266245226497428,0.0001587816877901,0.999042922327999,0.80938939006188,0.0246994964084451
0,0.0066670618812421,0.247059890558394,0.0012314068708407,0.0005388259441252,0.99900190306281,0.809334967570445,0.0220743543408596
0,0.01050480341715,0.132599691628624,0.0107708531360487,0.0001906908837719,0.999162051517886,0.809504484517452,0.022141580582495
0,0.0143880986330776,0.103606735798289,0.0250346930225909,0.0001809461592505,0.999208617049917,0.809553178325579,0.0227780490549601
0,0.003973154529939,0.285999334885268,0.0120098085679755,0.0001916462489211,0.996180124259487,0.806079643280098,0.0219608883288844
0,0.0440903460519624,0.0315929497838377,0.0543456680624554,0.0001906908837719,0.999250907334591,0.809627260616552,0.0222176723440076
0,0.0132498806555986,0.0196511170904254,0.0208140885489263,0.0001906908837719,0.998614588761646,0.808965467497013,0.0221313401958989
0,0.0076143288164467,0.12232064576594,0.002627972557639,0.0004230356880472,0.998989655056867,0.809415169136771,0.0220836465435116
0,0.0217284813463921,0.0295673730991323,0.0155816982756357,0.0001906908837719,0.99898226003441,0.809295908366065,0.0220426217848643
0,0.0108330395224976,0.0925718777398192,0.0051089373530352,0.0001906908837719,0.999099309374231,0.809463211958158,0.0220878975681942
0,0.10401652412941,0.0035372010762765,0.253110052035619,0.0001906908837719,0.999341149718007,0.809765400002708,0.0221137355806705
0,0.0184586007531958,0.113462526831333,0.0199809185213214,0.0001906908837719,0.99906984483163,0.809433396765481,0.0221749250511952
0,0.0193671782615343,0.110711370438673,0.0138225875952692,0.0001906908837719,0.999085443707125,0.809394858350493,0.0221085047659123
0,0.01062586388186,0.162681017020891,0.0080718657736247,0.0001906908837719,0.99910381571604,0.809480918797477,0.0221664230018299
0,0.0198458039132483,0.0842277110983463,0.0285316767330995,0.0012123583742818,0.999297010677719,0.809583123715603,0.0220773411202834
0,0.0565421012726949,0.0309883000272092,0.141360863056331,0.0001906908837719,0.998614357667194,0.808272427013971,0.0227771798863447
0,0.0246270682462769,0.049309187653052,0.015484300534471,0.0001016508518704,0.99923241977845,0.809615152263195,0.0221220005840497
0,0.0083849972386981,0.125132267134262,0.005773449546242,0.0001906908837719,0.999263964171116,0.809656685217185,0.0222183202697027
0,0.0422501021837685,0.0419929255978474,0.0701996925380515,0.0001022240709599,0.999135475655933,0.80953482049952,0.0221067980348129
0,0.0182826262632566,0.0598905583940502,0.0281122624201291,0.0001415851151052,0.999070538114986,0.809427668082172,0.0221297440862597
0,0.020312573127697,0.0608277655168244,0.0132873007136628,0.0001906908837719,0.99900976027417,0.809369600064995,0.0220764877547338
0,0.0178564185447159,0.0697161169392629,0.0074166617164311,0.0001906908837719,0.999098962732553,0.809444854132099,0.0221860820156039
0,0.0160823211160028,0.138585724219246,0.0192046177742548,0.0001671889011027,0.999191516060487,0.809553959509666,0.0222100552663235
0,0.0186688965089033,0.0903649061281253,0.0255297012207807,0.000127063564838,0.999214856600115,0.809631426931686,0.0221895112808683
0,0.0403418398070521,0.0155999637210146,0.0387313048584006,0.0001906908837719,0.998925179704823,0.809362439210858,0.0221364761922627
0,0.0262694968190427,0.0530580161441485,0.032347425714405,0.0001906908837719,0.99923438408129,0.809613459697671,0.0220833936944598
0,0.013062673751408,0.118269492396529,0.0063726709989574,0.0001906908837719,0.999156736345495,0.809627000221856,0.0221054863803569
0,0.0238295668344249,0.0625207848353841,0.049112505761116,0.0006391392847868,0.999058983392397,0.809404753348936,0.0220862066401606
0,0.0391287390678968,0.0335278290050488,0.0446499559360473,0.0001033705091389,0.999029172208119,0.809430923015871,0.0220703877713602
0,0.0522619274198832,0.113946246636636,0.115023150595043,0.0001906908837719,0.999628053479878,0.809837529333463,0.022082666753436
0,0.0074227537511583,0.155304289990023,0.0047577795108575,0.0003403010661301,0.999295624111008,0.809635202654776,0.0221505567238323
0,0.0405802165983881,0.0399673489131421,0.0448159326003945,0.0001220956660624,0.999226064681026,0.809556823851321,0.0221783543164596
0,0.0103182205359734,0.0943253620340418,0.0073296064695237,0.0009179148353112,0.999168291068084,0.809517764646941,0.0221217003258007
0,0.0115600263337712,0.0576835867823563,0.0108706868365433,0.0001767425525942,0.999372578563448,0.809741313493341,0.0220940765668965
0,0.0185628125965286,0.0601324182967016,0.0261034643053158,0.0002298608548874,0.999140444186646,0.809513728529155,0.0222011739433806
0,0.0269596662724921,0.054237083169574,0.0182944346745058,0.0001117777224515,0.999315036044957,0.809687151396601,0.0221530852143499
0,0.0063687788805651,0.158297306285334,0.0033781784457439,0.0001906908837719,0.99898168229828,0.809318041915214,0.0223139920296606
0,0.0162639118130677,0.0926625752033135,0.0220151206533849,0.0001906908837719,0.998998436646034,0.809344471976844,0.0221164537079768
0,0.0163431627358417,0.089488163981014,0.0155586425022709,0.000146361940851,0.999119067949857,0.809480267810737,0.0221099270418284
0,0.03499084246227,0.0409347885237476,0.0459038101879504,0.0003477529142936,0.999190822777131,0.809560990166455,0.0220959729347846
0,0.0248922780272136,0.0463464038455724,0.0497032458648665,0.0001175099133464,0.999085674801577,0.809456832288109,0.0220920853806139
0,0.0427337200195943,0.0331045741754089,0.0259118514906434,0.0001906908837719,0.999136862222643,0.809500708794362,0.0221115389545333
0,0.0331231415814615,0.0265138918281585,0.0655136892696606,0.0001906908837719,0.999246747634459,0.809571796546333,0.0220943294159482
0,0.032115968436916,0.0479487257006379,0.0292465779320414,0.0001906908837719,0.999265119643375,0.809650826336528,0.0221449940446937
0,0.0109191546984253,0.136590380022372,0.0004491590593828,0.0003897889808565,0.998996241248742,0.809339784872318,0.0221747512174721
0,0.0138926243599864,0.0740393626991565,0.0231414569746217,0.0001012687058107,0.998937774352444,0.80923198146823,0.0220189645954595
0,0.0194077397574423,0.0986788402817668,0.007356251988713,0.0003603637342625,0.998959728325362,0.809305412772464,0.0220389080644166
0,0.0091587857760194,0.145297336517822,0.0043732299495966,0.0001763604065346,0.999139173167161,0.809455920906674,0.0221338212772193
0,0.00635068221316,0.175922846691054,0.0010232608413478,0.0001035615821687,0.999023857035728,0.809346294739715,0.0221547761423835
0,0.0061266579511452,0.128881095625359,0.0067510845792225,0.0001874426422648,0.999182618924094,0.809559948587671,0.0221675608225628
0,0.0279836880384149,0.0377603773014481,0.0302842503587495,0.0001318403905838,0.999125423047281,0.809469591628206,0.0221308028916639
0,0.0141328732203644,0.0797533028992956,0.0226481980136061,0.0001348975590611,0.999057365731235,0.809425324529909,0.022022804740433
0,0.0242482862767979,0.0555673126341567,0.0250176156183542,0.0001906908837719,0.998977522598149,0.809318562704605,0.0221022625549471
0,0.0199587520787767,0.0783928409468815,0.0086246951806201,0.0001723478729081,0.999011146840881,0.809355799146114,0.0221731551078329
0,0.0209203715433025,0.0926928076911449,0.002097760443945,0.0001906908837719,0.999049277425423,0.80938691631227,0.0221308186947297
0,0.007528213640519,0.212322762040088,0.000257201212492,0.0002965453422987,0.998939160919155,0.809285101986187,0.0219667828724035
0,0.0122408354420111,0.181485624452036,0.0011686522998139,0.0002611968317798,0.998942049599802,0.809275597579788,0.0218885893031482
0,0.0233091316407749,0.0379417722284367,0.0129128505540115,0.0001541959350741,0.99898422433725,0.809336660135968,0.0629301782154391
1,0.0052162083737648,0.122199715814614,0.0013378914190612,0.0001083384079145,0.998971398595177,0.806645611151559,0.0219860942187313
0,0.0131743738709084,0.0662696133264806,0.0077212518293853,0.0001368082893594,0.998883120514601,0.809107773198303,0.0218487813805625
0,0.0038190208454887,0.0695649545001058,0.0053463251933764,0.0001857229849963,0.998925179704823,0.808328411873582,0.0225140114326647
0,0.0290033416432398,0.0294766756356381,0.0603638390936832,0.0001597370529392,0.99895418205852,0.808992678742731,0.0220235948937197
0,0.0080355443508756,0.127943888502585,0.0071208149134316,0.0003628476836503,0.999091452162871,0.809472195575165,0.0220425585726014
0,0.0164898081441244,0.0499138374096804,0.0328092861411613,0.0003353331673545,0.999130044936316,0.809442640777185,0.0220389396705481
0,0.020831760275319,0.031472019832512,0.0505776522365559,0.000207696383427,0.99934218964304,0.80971110770862,0.0220927649124405
0,0.0353452875342043,0.037034797593494,0.0741831865029711,0.0001906908837719,0.999192671532745,0.80955942779828,0.0220976638628183
0,0.0113466104629939,0.0410557184750733,0.0107560875798117,0.0003122133307449,0.999033216361025,0.809375589142999,0.0220145713431852
0,0.0055425724100704,0.140308976025637,0.0070066961290266,0.0001041348012582,0.998619903934036,0.808867428894021,0.0217359790973482
0,0.0092530132511287,0.159990325603894,0.0023875795986034,0.0001119687954813,0.998986073092864,0.809330410663267,0.0220238003335743
0,0.0592447449461936,0.0111557880097953,0.158235381120056,0.0001306939524048,0.999077817590216,0.807786139919444,0.0225103767275457
0,0.0143581455284071,0.0726789007467424,0.0247032074383508,0.0003452689649058,0.999074120078988,0.8093660847366,0.0221071931114563
0,0.0190988483655277,0.0434743175015872,0.0277678224461841,0.000110058065183,0.999111557380175,0.809375198550956,0.0220806281579563
0,0.0120704771591976,0.141911297880703,0.01326067546191,0.0001906908837719,0.998875609944919,0.808647134981319,0.0220360793156501
0,0.0099219659221032,0.0419022281343532,0.0102590035336386,0.0001906908837719,0.999039918100126,0.809308537508814,0.0220248433359128
0,0.0032467917416794,0.224778547026635,0.0017837321180645,0.0001811372322804,0.998110918404015,0.80798976857161,0.0188326556636347
0,0.0097497355702478,0.113734619221816,0.0022847631649243,0.000201964192532,0.99887191243369,0.809180032726405,0.0222554416711135
0,0.0061466266875922,0.146476403543248,0.0016106209079751,0.0001906908837719,0.99884637649677,0.809132901286454,0.0219285236502598
0,0.0621420838000506,0.0238836653868247,0.0461527151400041,0.0001161724021376,0.999051935011618,0.8093598352639,0.0220741014918078
0,0.0382145453524326,0.0226743658735677,0.0744235748372225,0.0002107535519043,0.999206421652626,0.809557995627452,0.0220525461101457
0,0.0135918452672535,0.131178764700547,0.016720585814215,0.0001274457108977,0.998989886151318,0.809309839482294,0.0220105415614229
0,0.0156873145481605,0.128609003234876,0.0290963791464391,0.0020966443563427,0.999081861743122,0.809345513555627,0.0220484215099889
0,0.0263106823379646,0.0522417389727,0.0291028972550861,0.0001366172163296,0.999014035521528,0.80939446775845,0.0220420528744978
0,0.0188660877813174,0.0424766454031502,0.0466448806116063,0.0001906908837719,0.999250907334591,0.80967400146446,0.0220678276747111
0,0.0277035017051429,0.0470719835535266,0.0406956335163475,0.0001906908837719,0.999062680903625,0.809376109932391,0.0220643668033152
0,0.0257877510522588,0.051092904435106,0.038390710625687,0.000433544704688,0.999353628818403,0.809729074942635,0.0220733113385211
0,0.009365337393643,0.126915983916316,0.0049952859633108,0.0001906908837719,0.998979602448214,0.809362439210858,0.0220745439776484
0,0.0388098633077588,0.026906914169967,0.056246768497634,0.0001906908837719,0.998950946736195,0.809318953296649,0.0219949597386084
0,0.0288810331325019,0.0284185385615382,0.0620463597919311,0.0001906908837719,0.999163206990145,0.809521930962075,0.022074385946991
0,0.03103640862275,0.0610091604438129,0.0270854801748306,0.0001557245193128,0.998783403258663,0.809205681603948,0.0219352241501313
0,0.015557517761255,0.0818998095353266,0.0256734408540185,0.0001582084687006,0.999120685611019,0.809482481165652,0.0220521352304366
0,0.0150639155572058,0.0476161683344922,0.0249226903878599,0.0001391011657174,0.999101966960426,0.809494198926966,0.0220677644624482
0,0.0319986521102898,0.0341627112495087,0.0618148898681818,0.0001003133406616,0.999094456390744,0.809399805849715,0.0220349256918515
0,0.0244510937563377,0.0398766514496478,0.0361922068172894,0.0004385126034636,0.999034256286058,0.809369990657038,0.0221520106058799
0,0.0047712799648051,0.101339299210932,0.0093649633596751,0.0003024686062235,0.998772657366656,0.809016765252099,0.0217462984992729
0,0.0456809807145688,0.0206487891888623,0.0719509619356978,0.0012687249180822,0.999049855161552,0.809398503876236,0.0220665792325181
0,0.069642840427955,0.0129395047918493,0.144366654792877,0.0001906908837719,0.999108437605076,0.809483522744435,0.0220426691940615
0,0.0111587795357893,0.0920276929588536,0.0065327819601374,0.0001906908837719,0.999160780498401,0.809478965837258,0.0221460370470322
0,0.0297471770758906,0.0555370801463252,0.0678822328484934,0.0001591638338497,0.999041651308515,0.809392644995579,0.0220778310153212
0,0.0347649461312133,0.035825498080237,0.0574337295018941,0.0001906908837719,0.998601300830669,0.8090292641975,0.0220303586058542
0,0.0541302523237057,0.0284185385615382,0.0924386036221844,0.0001906908837719,0.99871187952584,0.809042414129641,0.0223679753022103
0,0.0425090717345656,0.0297185355382894,0.0728709630053366,0.0001906908837719,0.999235424006323,0.809519196817769,0.0221527375469037
0,0.003494528878225,0.20110650905463,0.0001349291278892,0.0001906908837719,0.99894967571671,0.809333795794313,0.0220149664198286
0,0.0055020109141625,0.229887837470145,0.0013661116966971,0.0001906908837719,0.99878629193931,0.809026660250541,0.0219762647118443
0,0.064209472045329,0.0158115911358346,0.0734845131859342,0.0001906908837719,0.998961114892073,0.809349159081369,0.0220164361049419
0,0.0317378104904509,0.0281766786588868,0.0561153721219053,0.000198524877995,0.999187934096484,0.809541069972221,0.0220562124213961
0,0.0265902446482226,0.0560812649272909,0.072778653012571,0.0001155991830481,0.999274825610349,0.809675173240591,0.0221066558072213
0,0.0590069921778715,0.0147836865495662,0.0958382641515993,0.0001906908837719,0.998953488775165,0.809308667706162,0.0220366324229508
0,0.0328847647901255,0.0624300873718898,0.0355608565807784,0.0001906908837719,0.999087176915513,0.809473237153948,0.0220920379714167
0,0.0392803766602912,0.0368836351543368,0.0828780908237667,0.0001906908837719,0.998592057052598,0.808800767851879,0.022000822675996
0,0.0076043444482232,0.168969374489827,0.0049594625404764,0.0002191607652169,0.998889013423121,0.809215706799739,0.0218707634449994
0,0.0155369250017941,0.0770626114822989,0.0373073676390235,0.0001906908837719,0.999326821861997,0.809643274890348,0.0221067032164185
0,0.0259075634709408,0.0634882244459897,0.0745373176150143,0.0001906908837719,0.999103700168814,0.80945553031463,0.0220364585892278
0,0.0075444382388822,0.190766998216283,0.0067503212760816,0.0007335293615237,0.998883351609053,0.809172611477573,0.0220147925861055
0,0.0249627926277921,0.0526045288266771,0.0213892722000487,0.0001906908837719,0.999015190993787,0.809400587033802,0.0220722051239197
0,0.0303830565271247,0.0537533633642712,0.0125474980638292,0.0001906908837719,0.999011146840881,0.809348117502586,0.0220381495172614
0,0.014460485302698,0.0965021011579043,0.0186734040255795,0.0001027972900494,0.999073888984536,0.809415169136771,0.0221238811488721
0,0.0103138523748756,0.0516068567282402,0.0100920931875467,0.0002222179336942,0.99898168229828,0.809327936913656,0.0219937429025469
0,0.0080748578007556,0.0923300178371678,0.0152805972903022,0.0003422117964285,0.999047775311486,0.809389650456576,0.0220399194606237
0,0.0394625913803701,0.0374882849109653,0.0917685799687334,0.0001906908837719,0.999105895566106,0.809322859217087,0.02205919920082
0,0.0114901357562067,0.12549505698824,0.0089612539199277,0.0001906908837719,0.998961808175428,0.80932142704626,0.0220489114050267
0,0.0051743988318289,0.211052997551168,0.0019141560066113,0.0001906908837719,0.998839790304894,0.809018197422926,0.0219830916362417
0,0.0573664356741477,0.0457115216011125,0.142519299751975,0.0001517119856863,0.999198679988491,0.809625307656333,0.0220794903372234
0,0.014160330232979,0.0994951174532152,0.0126687932696484,0.0001421583341947,0.999051241728263,0.809411523611029,0.0221363813738683
0,0.0029042031070105,0.183360038697584,0.0034330093429373,0.0002604325396605,0.99837806359026,0.808551439930589,0.0213567687319783
0,0.0136898168804466,0.127309006258125,0.0140778999914912,0.0001906908837719,0.999127733991798,0.809427407687476,0.0220859537911088
0,0.0639430142183644,0.0212232064576594,0.171352132054521,0.0007325739963745,0.998978678070408,0.809307235535335,0.0220545372964283
0,0.0113272657495608,0.175469359373583,0.0042214606222628,0.0001906908837719,0.999173375146023,0.80952414431699,0.0222835395219898
0,0.0387331084770406,0.0379720047162681,0.0902996278400024,0.0001906908837719,0.999163091442919,0.809563333718717,0.0220859063819116
0,0.0470288704247413,0.0251534298757445,0.109182368932457,0.0001906908837719,0.99934611824872,0.809759150530007,0.0221442354975384
0,0.0704122608041785,0.0207394866523566,0.18533103611157,0.0001906908837719,0.998742961729603,0.809072229322318,0.0219567637287277
0,0.0071949853510597,0.037397587447471,0.0009590575275276,0.0001906908837719,0.999319426839541,0.809613459697671,0.0220861908370949
0,0.0275194149160221,0.0489161653112435,0.0614841508756776,0.0001906908837719,0.999154309853752,0.809536122473,0.0221043169534926
0,0.0459093731376813,0.0305348127097379,0.0958980404199072,0.0001906908837719,0.998956493003038,0.809381968813048,0.0220357790574012
0,0.0417752206701383,0.0445929195513499,0.0288794725514941,0.0001906908837719,0.999027785641408,0.809382359405092,0.0220958781163902
0,0.0266039731545299,0.0536324334129455,0.0301619728915197,0.0001647049517148,0.999014151068754,0.809341086845797,0.0220356052236781
0,0.0320510700434632,0.0474952383831665,0.0480817129340641,0.0001536227159846,0.998980989014925,0.809326244348133,0.0222143062910061
0,0.0444148380192262,0.0343441061764973,0.120604518532838,0.0001232421042414,0.999067071698209,0.809508781029934,0.0220453557152364
0,0.0168136760883741,0.0335882939807117,0.0322849732506039,0.009424103977357,0.999208963691595,0.809645618442611,0.0220798222016038
0,0.0153840393633717,0.0873416573449829,0.0351708424677987,0.0001906908837719,0.999041304666837,0.809403581572805,0.0220748758420288
0,0.0511848636977732,0.0287208634398525,0.108211029804732,0.0001906908837719,0.998489566663239,0.808649738928278,0.0219949123294112
0,0.0813020864209472,0.0171720530882486,0.195655164806767,0.0001906908837719,0.998959959419814,0.809337962109447,0.0220141288573446
0,0.0185796612179057,0.0827160867067751,0.0086344820789556,0.0001906908837719,0.998884160439634,0.809186802988498,0.0220146503585139
0,0.0071587920162495,0.0348278259818,0.0088954405399598,0.0001906908837719,0.999381129058163,0.811034173158307,0.0221068138378787
0,0.0292348541814222,0.0507905795567917,0.0600707764301944,0.0001133063066901,0.999087061368287,0.809517504252245,0.0221636258591949
0,0.0238907210897938,0.0627928772258669,0.0433020643927815,0.0001906908837719,0.999183774396352,0.809545496682051,0.0221182710605363
0,0.0145097831208015,0.114974151222904,0.0096304690522848,0.0002055945800988,0.999142408489486,0.809497453860664,0.0221754623554302
0,0.0147325593367883,0.132236901774647,0.027558040272979,0.0001306939524048,0.99906452965924,0.809426756700737,0.0220802330813129
0,0.0070321153444139,0.178069353327085,0.0029220307933668,0.0001910730298316,0.998982028939958,0.809321687440956,0.0220164361049419
0,0.016418045497518,0.088278864467757,0.032260033169162,0.0002126642822026,0.999043037875225,0.809376109932391,0.0221677662624174
0,0.0176024411780306,0.0414487408168818,0.0078630109668078,0.0005298455117231,0.999349469118271,0.809696916197696,0.0221287800992499
0,0.0247674734244199,0.0785742358738701,0.0481029895646125,0.00011349737972,0.999110401907916,0.809476101495603,0.0224809830252792
0,0.000437440132792,0.267617982283762,0.0002042767174076,0.0001906908837719,0.995496200229477,0.806369853168639,0.0220915954855761
0,0.008047400788141,0.196601868367748,0.0026087966478628,0.0005476153034975,0.999008951443589,0.809348638291977,0.0221412487181146
0,0.0109172826293834,0.135502010460441,0.0206602913508871,0.0001906908837719,0.999094225296292,0.80943665169918,0.0220865859137382
0,0.0047675358267212,0.135048523142969,0.0020595109526006,0.0001906908837719,0.995781370782959,0.806556946757617,0.0220915954855761
0,0.0177203815276707,0.0847416633914805,0.0330044998749814,0.0001916462489211,0.998985726451186,0.809347987305238,0.0219910247752405
0,0.0045210467362036,0.237022704598361,0.0003137266655877,0.0001906908837719,0.997581365467787,0.809620360157112,0.023375689394915
0,0.0122395873959832,0.13250899416513,0.00196050899428,0.0001906908837719,0.998856313558196,0.809184199041539,0.0222421196866992
0,0.0299961622584641,0.0467091936995495,0.0445006063812987,0.0001906908837719,0.999204803991463,0.809559818390323,0.0221595644713011
0,0.0662306825875738,0.0226743658735677,0.154317553902242,0.0001906908837719,0.999090412237838,0.809476882679691,0.0221342795661256
0,0.0317802440554008,0.0653928711793693,0.0703691161628694,0.0001755961144152,0.999102313602104,0.809437172488571,0.0220668478846356
0,0.0103762546762725,0.124557849865465,0.0019179273043628,0.0001906908837719,0.99882812003508,0.809142275495505,0.0221039376799149
0,0.0163094654930874,0.109260211022765,0.0131105225160803,0.0001906908837719,0.999047313122583,0.809398764270931,0.0221695204027139
0,0.0232242645108752,0.0948997793028388,0.010482917026396,0.0003513833018604,0.999004907290683,0.809372724801345,0.0221557401293933
0,0.0235038268211332,0.0431115276476101,0.0123026310730285,0.0001906908837719,0.998364197923154,0.808519801975042,0.0219692165445266
0,0.0071381992567885,0.0224929709465792,0.0017581906397919,0.0001906908837719,0.998344554894754,0.808010860541975,0.0220653149872593
0,0.0063775152027606,0.138162469389606,0.0032550671765623,0.0004457733785972,0.99897243852021,0.809361007040031,0.0220479316149512
0,0.0194913588413141,0.0341627112495087,0.0287675170779027,0.0001906908837719,0.998922637665854,0.808959869011052,0.0220446761834098
0,0.0088087088651829,0.120567161471718,0.0107957384196276,0.0001906908837719,0.998870988055883,0.809197479171028,0.021932916902534
0,0.100422775591964,0.0054720802974876,0.261718014766494,0.0001906908837719,0.999433240857037,0.809900414652514,0.0221123765170173
0,0.0203724793370379,0.104755570335883,0.0307945031281129,0.0001906908837719,0.998847878610706,0.809176647595359,0.0219490676357149
0,0.0087687713922889,0.0990718626235753,0.0051234003939774,0.0001906908837719,0.999003751818424,0.809311532047817,0.0220285570563604
0,0.0086171337998945,0.136015962753575,0.0068305386241181,0.0001906908837719,0.999002596346166,0.809395769731929,0.0220435225596112
0,0.0168879348270364,0.0862230552952202,0.0371506220827714,0.0014372513303937,0.998909465282103,0.809149306152294,0.0219638276991111
0,0.0752222301958496,0.0248208725095988,0.19408540139921,0.0001906908837719,0.998421393799967,0.808744782992268,0.0222248785419826
0,0.0365396675829405,0.0338301538833631,0.0474045721458232,0.0001081473348847,0.999192902627197,0.809556172864581,0.022099765670561
0,0.0065597299228395,0.175680986788403,0.0045221982899918,0.0001211403009132,0.999168868804213,0.809544975892659,0.0221070982930619
0,0.0474176367624438,0.0386371194485594,0.0812071769541582,0.0001906908837719,0.999114330513596,0.809465685707768,0.0220941871883566
0,0.0246919666397297,0.0386673519363908,0.0333674966594416,0.0001096759191233,0.998984108790024,0.809296168760761,0.022064145560395
0,0.0334757145843539,0.0304138827584122,0.0536292391301835,0.0001906908837719,0.998996587890419,0.809310620666381,0.0220510922280981
0,0.0223393998770675,0.0463464038455724,0.0036191749002518,0.0001906908837719,0.999011377935333,0.809360746645335,0.0220545372964283
0,0.0122090102682987,0.141397345587568,0.0197995363316518,0.0001532405699249,0.999032060888766,0.809326114150785,0.0220067330225808
0,0.0092049634790531,0.102820691114672,0.0143125082005148,0.0001412029690455,0.999093416465711,0.809553829312319,0.0220425269664699
0,0.046874112717277,0.0143301992320948,0.0825133730172021,0.0001906908837719,0.998608695853126,0.808432309357231,0.0220338352803158
0,0.0284785382884921,0.0458324515524382,0.038025235267814,0.0001906908837719,0.999165517934663,0.809541851156309,0.0220771672865604
0,0.0132055750216068,0.108232306436497,0.0116780140559247,0.0001906908837719,0.99907966634583,0.809479747021345,0.0220897939360824
0,0.0254613870159531,0.0559603349759652,0.054296239496145,0.0006356999702499,0.998993352568095,0.809367907499471,0.0220375490007635
0,0.047653517461724,0.0259999395350243,0.0635734842244284,0.0001906908837719,0.998920442268562,0.809312052837209,0.0220532098389065
0,0.057299665211653,0.109985790730719,0.146707456059689,0.0001906908837719,0.999351086779433,0.809487428664873,0.0220567497256311
0,0.0103562859398255,0.148955467545424,0.0091184549979901,0.000492586270906,0.999230571022836,0.809579868781905,0.0221086785996353
0,0.060235069469362,0.0261813344620129,0.0824684005859079,0.0001906908837719,0.999041420214063,0.809399154862975,0.0220275456601534
0,0.011145051029482,0.105148592677691,0.0173861887180783,0.0012801892998721,0.999099540468683,0.809422590385603,0.0220499228012337
0,0.0197216233334685,0.0698068144027572,0.0149991195363075,0.0001733032380573,0.999282220632806,0.809661762913754,0.0220918483346279
0,0.0207231802708884,0.0464975662847296,0.0199710527490405,0.0002959721232092,0.999098731638101,0.809448109065798,0.0221023731764072
0,0.0212018059226024,0.063730084348641,0.0236139807740438,0.0001906908837719,0.999212661202823,0.809563594113413,0.022095593661207
0,0.0051357094049628,0.161350787556308,0.0031994723738402,0.0001906908837719,0.998776817066787,0.809030175578936,0.0218467427850827
0,0.0329190860558937,0.0428999002327902,0.0269444927545471,0.0001906908837719,0.998915127096171,0.80926791593626,0.022041926449972
0,0.0182788821251728,0.0772742388971188,0.0109615920996928,0.0001570620305216,0.99906060105356,0.809402670191369,0.0220926384879146
0,0.0329078536416423,0.0434743175015872,0.0641055264312924,0.0003668602172767,0.999077008759635,0.809446416500274,0.022041863237709
0,0.0208323842983329,0.0526952262901714,0.0409133146460521,0.0001230510312115,0.999036220588898,0.809310490469033,0.0220843576814696
0,0.0273328320348454,0.054025455754754,0.037848376758328,0.0001906908837719,0.999060716600785,0.809395639534581,0.0220814657204402
0,0.0358551143366167,0.0177162378692143,0.0824310491188336,0.0001906908837719,0.999174068429378,0.80950969241137,0.0220629129212677
0,0.0303886727342504,0.0454394292106297,0.0271664522759867,0.0001906908837719,0.999173606240475,0.809519066620421,0.022107445960508
0,0.0099282061522429,0.16074613779968,0.0016664228349603,0.0006467822059801,0.998943898355416,0.809253724425335,0.0219989895203708
0,0.0115606503567852,0.0683254224990174,0.0183420649964752,0.0001482726711493,0.999058867845171,0.809420377030688,0.0224364499860388
0,0.0374064355493431,0.0533905735102942,0.0353063785306005,0.0003571154927553,0.998927259554889,0.809274556001004,0.0219865999168348
0,0.0091687701442429,0.145720591347462,0.0072299268831608,0.0002180143270379,0.99903390964438,0.809322468625043,0.0220025610132268
0,0.0058882811598091,0.172234483175621,0.0023729494436108,0.0001906908837719,0.998929108310503,0.809210368708474,0.0219711287154805
0,0.0066907747557729,0.140762463343108,0.0061672076357692,0.0002233643718732,0.999089603407257,0.809436521501832,0.0220445813650154
0,0.0381246860384211,0.0288417933911782,0.058583206746934,0.0001906908837719,0.999018888505015,0.809311532047817,0.0220288415115436
0,0.0160723367477793,0.0849532908063004,0.026275595955024,0.0001778889907732,0.998899297126225,0.809212842458084,0.0219632587887446
0,0.038166495580357,0.033255736614566,0.0536792312011853,0.0001906908837719,0.998841985702186,0.80914071312733,0.0220312435775353
0,0.0275924256086564,0.0591045137104332,0.0248851543569193,0.0002134285743219,0.998959150589233,0.809230028508011,0.0220705616050833
0,0.018933482266826,0.0720440185022825,0.0073427651853029,0.0001906908837719,0.999028941113667,0.809365433749861,0.0220665318233209
0,0.0122495717642067,0.119297396982798,0.0073294005306044,0.000297309634418,0.998962154817106,0.80930944889025,0.0225029808927819
0,0.0060449109363153,0.260513347643378,0.0031808999984,0.0002747630168979,0.998851460574709,0.809170788714702,0.0205791788825023
0,0.0141490978187276,0.0579859116606705,0.0032317266097646,0.0002206893494555,0.998922522118628,0.80927924310553,0.0219255368708359
1,0.0008761283116121,0.232638993862805,0.0007211480581669,0.0002453377703038,0.998283892601164,0.808441553368935,0.022194773701758
0,0.0097865529280719,0.0605254406385101,0.0045722437014666,0.0001971873667862,0.998923099854757,0.809346555134411,0.0222860048002444
0,0.0023719114760952,0.0575324243431992,0.0009512792429179,0.0001400565308666,0.998900105956806,0.809329369084484,0.0220407886292391
0,0.0158876259356445,0.0415394382803761,0.0301465362752112,0.0001681442662518,0.999003982912876,0.80936361098699,0.0221292857973534
0,0.0057591083959176,0.135441545484778,0.004378240475759,0.0003769870878578,0.999106242207784,0.80949706326862,0.0220922118051398
0,0.0149977691177251,0.0516975541917344,0.0262262717766994,0.0003553958354868,0.999120570063794,0.809507869648498,0.0220702771499
0,0.0156754581108951,0.0386975844242223,0.0313399499027288,0.0001924105410404,0.999342767379169,0.809713190866187,0.0220782102888988
0,0.0390226551555221,0.0337394564198688,0.0941593311199663,0.0001906908837719,0.999238543781422,0.809587941017477,0.0221151578565866
0,0.0274308036480385,0.0563533573177737,0.0264922408804571,0.0002846988144491,0.999008027065782,0.809367777302124,0.022053541703287
0,0.0047475670902742,0.140853160806603,0.0035044437011479,0.0001027972900494,0.998605922719704,0.808732674638911,0.0220622807986383
0,0.0091300807173768,0.15182755388941,0.0042492515139486,0.0001906908837719,0.999025012507987,0.809401238020542,0.0221260619719435
0,0.0602506700447112,0.0078906793240015,0.163158227087211,0.0002199250573362,0.99919197824939,0.809516072081418,0.0220731849139952
0,0.0139687551676906,0.0676905402545575,0.0242145605530787,0.0003198562519381,0.999107282132817,0.80937806289261,0.0221082045076633
0,0.0161453474404136,0.0713184387943284,0.0287646042605733,0.0001906908837719,0.999145297170133,0.809441208606357,0.0221245132715015
0,0.009944430750606,0.119448559421955,0.0101975668123538,0.0001906908837719,0.998844989930059,0.808552611706721,0.0220689180862468
0,0.0146863816337547,0.0709858814281827,0.0118417244205667,0.0001127330876006,0.999052743842199,0.80937428716952,0.0221038112553891
0,0.004453652250695,0.212866946821054,0.005427352753079,0.0001469351599405,0.998527235058877,0.808670310109251,0.0221621403710158
0,0.0073566073116776,0.167427517610424,0.0011569402476185,0.0001689085583711,0.998967123347819,0.809354236777939,0.0242798459978602
0,0.0169977628774949,0.08791607461378,0.0084667668649607,0.0001906908837719,0.998796229000736,0.809145009639812,0.0214380280959861
0,0.0400747579570735,0.0364603803246969,0.0378695877868957,0.0001278278569573,0.999044771083613,0.809392644995579,0.0220979483180015
0,0.0188405028377447,0.0465882637482238,0.0253498648749406,0.0001866783501455,0.999165633481888,0.809529482408255,0.0220716362135532
0,0.0128498819036446,0.130120627626447,0.0186509544681482,0.0016959642127858,0.998928761668825,0.809180423318449,0.0219830758331759
0,0.0449115603383453,0.0374580524231339,0.0603404739261428,0.0001241974693905,0.999126231877862,0.809476361890299,0.0223060588906618
0,0.0178620347518417,0.0502766272636575,0.047325686113812,0.0001412029690455,0.999281065160547,0.809924891753925,0.0221367132382487
0,0.027900068954543,0.0419324606221846,0.0493184152993868,0.0001144527448691,0.999122534366634,0.809425194332562,0.0221326044411577
0,0.020152199213107,0.0543580131208997,0.0315037203507015,0.0001906908837719,0.999284416030098,0.809640280351345,0.022086064412569
0,0.0082963859707146,0.120506696496055,0.0026994840603589,0.0001243885424204,0.99899797445713,0.8093283275057,0.0221254614554456
0,0.0238239506272991,0.0453487317471355,0.0287298760371565,0.0001906908837719,0.998996356795968,0.809348117502586,0.022167671444023
0,0.0311094193153844,0.0298092330017837,0.0675807624633811,0.0001083384079145,0.999095611863003,0.809469591628206,0.0222020115058645
0,0.0121047984249659,0.0525440638510143,0.008897140789399,0.0001589727608199,0.998672131280136,0.809101784120298,0.0191919699692445
0,0.0127313175309905,0.109109048583608,0.022930397603139,0.0001580173956707,0.999134089089222,0.809500578597014,0.0221035426032716
0,0.0159487801910134,0.0505487196541403,0.0272114606756655,0.0001650870977745,0.99910578001888,0.809499667215579,0.0220895884962278
0,0.0254988283967913,0.0489766302869063,0.0648971528775745,0.0002094160406954,0.999301285925077,0.809577395032294,0.0222403181372054
0,0.0536503786259637,0.0229162257762191,0.0509227529133876,0.0006020711169995,0.999025128055213,0.8093975924948,0.0221765843730974
0,0.0067069993541361,0.100220697161169,0.0074550696746453,0.0002357841188122,0.998855966916518,0.809144358653072,0.0222571642052786
0,0.0195250560840684,0.0419929255978474,0.0385892869662462,0.001212167301252,0.999034025191606,0.80935853329042,0.0220854638960711
0,0.0580054352404517,0.0152069413792061,0.140874380939263,0.0001906908837719,0.999258995640403,0.809627521011248,0.0221627092813823
0,0.0081160433196776,0.118269492396529,0.0042852006026625,0.0001906908837719,0.999121378894375,0.809461649589983,0.0221130876549753
0,0.0379418472953283,0.0391208392538622,0.0827935053670685,0.0001511387665968,0.998993814756998,0.809379104471394,0.0220530202021177
0,0.0277933610191544,0.043171992623273,0.0119231837369071,0.0001906908837719,0.99884441219393,0.809231330481491,0.0222345974274094
0,0.0311175316145659,0.0530580161441485,0.0538977827619099,0.0001906908837719,0.998983184412217,0.809329369084484,0.022202817462217
0,0.0620285116115082,0.021192973969828,0.169774684062814,0.0001906908837719,0.999203417424753,0.809605647856795,0.0221000343226785
0,0.0039588020006177,0.208815793451643,0.0002180991674447,0.0001906908837719,0.99890391901526,0.809182636673364,0.0220410256752251
0,0.005571277468713,0.266106357892191,0.0008469086291388,0.0001906908837719,0.998690387741826,0.808903753954094,0.0220217617380945
0,0.0345927157793579,0.0365208453003598,0.0526595476498356,0.0001906908837719,0.998876072133822,0.809191359895675,0.0220342145538934
0,0.0271543614528504,0.0413580433533875,0.035060210382031,0.0001545780811338,0.999179614696221,0.809532216552562,0.0220751761002778
0,0.0304136336548092,0.0451371043323155,0.0812265421497442,0.0001337511208821,0.999239814800906,0.809600830554922,0.0220518823813848
0,0.0535037332176811,0.0168697282099344,0.0524001242674069,0.0001906908837719,0.998672131280136,0.808963905128838,0.0220660577313489
0,0.0242102208729458,0.0739184327478308,0.0372362264105163,0.0001906908837719,0.999122418819408,0.809497974650056,0.022112629366069
0,0.0326701008733202,0.0460440789672582,0.0652804418353716,0.0001906908837719,0.999007564876879,0.809357621908985,0.022379669570854
0,0.010265178579786,0.150708951839647,0.0043508165743004,0.0003368617515932,0.999030327680378,0.809387437101661,0.0231662197586015
0,0.0178333296931991,0.0663905432778063,0.0394057105531615,0.0001906908837719,0.999168291068084,0.809483522744435,0.0220103835307655
0,0.0439636693801267,0.0516975541917344,0.120050690327913,0.0001906908837719,0.999119183497083,0.809432355186698,0.0220535891124842
0,0.007148807648026,0.210750672672854,0.0075121316415701,0.0010451694731791,0.998928761668825,0.809268697120347,0.0221633572070774
0,0.0244373652500304,0.0535417359494513,0.0182175315284295,0.0001906908837719,0.999072617965051,0.809422590385603,0.0221419914622041
0,0.0206545377393518,0.098981165160081,0.0131236885965368,0.0001906908837719,0.999021777185662,0.809362048618814,0.0221438878300923
0,0.0178832515343166,0.0872811923693201,0.023665286128299,0.0001209492278834,0.998986881923445,0.809328718097744,0.0220347834642599
0,0.0131032352473159,0.0717416936239683,0.0164690136636221,0.0002017731195022,0.998893404217705,0.809218701338741,0.0219194842966595
0,0.0091806265815083,0.0846207334401548,0.0133981351434544,0.000321193763147,0.998959612778137,0.8093125736266,0.0220090718763095
0,0.03978333920955,0.0379417722284367,0.0776971910515536,0.0001906908837719,0.999172912957119,0.809305933561856,0.0220849581979676
0,0.0095787532644203,0.154004293013272,0.0086436948822325,0.0001906908837719,0.998936041144056,0.809289268301321,0.0220709882878581
0,0.0058383593186916,0.215043685944916,0.0053869006208236,0.0001906908837719,0.998726438476302,0.808708718326891,0.0219991159448967
0,0.0239749641966796,0.0497626749705233,0.0504721818568705,0.0001484637441791,0.999139519808839,0.809494068729618,0.0220472204769931
0,0.0156898106402164,0.0917556005683708,0.0094471740868541,0.0001070008967057,0.999015999824368,0.809371683222561,0.0220799012169325
0,0.0037316576235331,0.175287964446594,0.0035711821934075,0.0002676933147941,0.998652026062832,0.808892817376867,0.0221570991930465
0,0.0198620285116115,0.0871300299301629,0.0202691445155558,0.0001906908837719,0.999144950528455,0.80944355215862,0.0221650007259138
0,0.156965500887673,0.0057441726879704,0.424274625559488,0.0002589039554218,0.998669242599489,0.808974711508716,0.0220031773327905
0,0.0066396048686275,0.15587870725882,0.0050280160662095,0.0001906908837719,0.998964465761624,0.809323640401175,0.0219593712345739
0,0.0324223637367746,0.0393324666686822,0.0659788934736775,0.0001906908837719,0.999117912477598,0.809498625636795,0.0220858431696487
0,0.0583530160592323,0.0238232004111618,0.153801277642956,0.0001906908837719,0.999318849103411,0.809576223256163,0.0221233280415714
0,0.0483018773732375,0.0315324848081749,0.130942582965852,0.0001906908837719,0.998674673319106,0.809020931567232,0.0222303147965953
0,0.0128517539726865,0.0484626779937721,0.0008338545928234,0.0001906908837719,0.998850420649676,0.809181074305189,0.0219158653946063
0,0.0218139724993058,0.059799860930556,0.0365267750728024,0.0001012687058107,0.999112366210756,0.809434308146917,0.0220996866552323
0,0.0470463430691324,0.0308673700758835,0.101109751514811,0.0001396743848069,0.999007680424104,0.809323380006479,0.0221219057656553
0,0.0275874334245447,0.0658161260090093,0.0171997713432081,0.0001906908837719,0.999049046330971,0.809394207363754,0.0220936656871874
0,0.0169085275864974,0.0964416361822414,0.016093173542573,0.0001131152336603,0.999099193827005,0.809411784005725,0.0223364165799381
0,0.0147768649707801,0.0958672189134444,0.0154348206097379,0.0001113955763918,0.998986881923445,0.809327936913656,0.0220947402956573
0,0.0529414884820952,0.0286603984641896,0.136064616561217,0.0001906908837719,0.999181694546286,0.809625437853681,0.02211673816316
0,0.0369415384039363,0.0165674033316202,0.0633838878350921,0.0075622883746774,0.999109477530109,0.809481830178912,0.0220318757001647
0,0.0121441118748459,0.103939293164435,0.0213007265678583,0.0001906908837719,0.999104624546622,0.809458524853632,0.0221717486349825
0,0.0529564650344305,0.0253650572905644,0.113703117993859,0.0001906908837719,0.998663811879873,0.808909482637402,0.0220761716934191
0,0.0418669520531917,0.0286301659763582,0.100973191334359,0.0001906908837719,0.999006062762942,0.809382619799788,0.0221115073484019
0,0.0085141700025897,0.0368534026665054,0.0180532139568287,0.0001906908837719,0.999070538114986,0.80993778129137,0.0219761066811869
0,0.0258769863432563,0.0600114883453759,0.0571144125215486,0.0001329868287628,0.999249982956784,0.809654602059618,0.0222242780254847
0,0.0349839782091164,0.0458324515524382,0.0744380276375712,0.0001005044136914,0.999210465805532,0.809591326148523,0.0221150788412579
0,0.0122657963625699,0.140097348610817,0.005762315961275,0.0002197339843064,0.999179268054543,0.809530914579082,0.0221710216939587
0,0.0115531620806175,0.135229918069958,0.0135435060235741,0.0001400565308666,0.999034718474961,0.809388999469836,0.022126567670047
0,0.0148405153182049,0.098406747891284,0.012801910434299,0.00026100575875,0.999043153422451,0.809385744536138,0.0227321095428693
0,0.0120973101487983,0.123409015327871,0.0238548434207203,0.0002560378599744,0.999093416465711,0.809418554267817,0.0222349292917899
0,0.0549377381037813,0.015055778940049,0.104283352535016,0.0005082542593522,0.999168059973632,0.809435740317744,0.0219777027908261
0,0.0275431277905529,0.0704719291350485,0.0281364319503439,0.0001906908837719,0.999003058535069,0.809346294739715,0.0220075073728018
0,0.0024187132021429,0.208604166036823,0.0030163051923624,0.0001906908837719,0.998656879046319,0.80897510210076,0.0220858115635172
0,0.0091700181902708,0.167578680049581,0.0040277413738495,0.0003481350603532,0.999029287755345,0.809364912960469,0.0221549025669093
0,0.0114002764421952,0.125978776793542,0.0147965610233835,0.0001906908837719,0.999127849539024,0.809468810444119,0.022109057873213
0,0.0134046383630628,0.0898811863228225,0.0124644195483641,0.0001587816877901,0.998861282088909,0.80920490041986,0.022242546369474
0,0.0110458313702609,0.106720682044925,0.0144011696660603,0.0001648960247447,0.999005369479587,0.809340826451102,0.0221763157209799
0,0.0100935722509446,0.115246243613387,0.0100958940023032,0.0001062366045864,0.99917626382667,0.809386786114922,0.0222649709197515
0,0.0134732808945994,0.111164857756145,0.0138198637917034,0.0002399877254685,0.999312609553213,0.809635072457428,0.0224996780520433
0,0.0116386532335313,0.139885721195997,0.0012338824128824,0.0001906908837719,0.998975327200857,0.809342519016625,0.0232430068550064
0,0.0277103659582965,0.0524231338996886,0.0590965953337247,0.0001906908837719,0.999163784726274,0.809491334585311,0.0220995602307064
0,0.042579586335144,0.0371557275448197,0.0946218308551245,0.0001029883630792,0.99915269219259,0.809527399250688,0.022143429541186
0,0.0226214582793813,0.0774858663119388,0.0281591799229463,0.0001129241606305,0.999121494441601,0.809438214067355,0.0221335684281675
0,0.0089147927775576,0.158811258578468,0.0014564392698926,0.0001906908837719,0.998987113017897,0.809318562704605,0.0221649217105851
0,0.0127444220142839,0.138525259243583,0.0023750547891672,0.000167953193222,0.999040033647352,0.8093818386157,0.0226814923233211
0,0.0175044695648376,0.0924207153006621,0.0193856569331882,0.0001906908837719,0.998985379809509,0.809478314850518,0.0220964786328882
0,0.0166239730921276,0.125676451915228,0.0092708273932951,0.0002508788881689,0.99900976027417,0.809340175464362,0.0221638312990495
0,0.0244149004215275,0.0565952172204251,0.0242586972586663,0.0001906908837719,0.999011262388107,0.809429621042391,0.0231271387770396
0,0.0212548478787898,0.0751277322610878,0.030294208335236,0.0001177009863763,0.998946440394386,0.809293434616454,0.0221071298991933
0,0.0207787183191316,0.110378813072528,0.0294323769654935,0.0002034927767707,0.999006062762942,0.809332624018182,0.0221802190782163
0,0.0080754818237696,0.115578800979533,0.0075148387337308,0.0001906908837719,0.9987817855975,0.809022233540712,0.0220701507253741
0,0.0429901934783355,0.0331045741754089,0.0721302973863198,0.0001906908837719,0.998978100334278,0.809328457703048,0.0221048700607933
0,0.0054408566587935,0.0487347703842549,0.0029899377820438,0.0001906908837719,0.998645093229279,0.808829411268424,0.0221400476851187
0,0.0064523979644369,0.139008979048886,0.003742877714308,0.0003487082794427,0.998886124742474,0.809242527453413,0.0219580121709207
0,0.044837925622697,0.0196208846025939,0.0835996969881821,0.0001906908837719,0.998833088565793,0.809405013743632,0.0220565126796451
0,0.0084736085066817,0.125888079330048,0.0083733680852934,0.0001906908837719,0.998740304143408,0.809027962224021,0.0092730177302021
0,0.0830880402869258,0.0078906793240015,0.227928290448476,0.0001906908837719,0.999388639627845,0.809848986700081,0.0220728056404176
0,0.0171937061038811,0.117816005079058,0.0223242931696227,0.0001906908837719,0.99898618864009,0.809320906256868,0.0228436159746933
0,0.0114895117331927,0.079571907972307,0.0048408747765914,0.0001906908837719,0.998925757440952,0.809356450132853,0.0220367114382795
0,0.0073747039790827,0.110046255706382,0.0020715346142044,0.0001906908837719,0.997951116590617,0.807956568247888,0.0219107768074397
0,0.0099824961544581,0.067720772742389,0.0196321309199017,0.0015066108402226,0.998487371265947,0.808966509075797,0.0216790090453746
0,0.0570132386482414,0.0230069232397134,0.105794512057055,0.0001906908837719,0.99831266386041,0.808651822085845,0.0220609375380508
0,0.0258382969163903,0.0495812800435348,0.0353444734803121,0.0001379547275384,0.999199142177395,0.809578436611078,0.0220902048157915
0,0.007268620066708,0.155183360038698,0.0042222246638146,0.0001648960247447,0.998991619359707,0.809366475328644,0.0219909141537804
0,0.0408922281053725,0.0475557033588294,0.0765844037156991,0.0001906908837719,0.999130853766897,0.809487949454265,0.0221094055406591
0,0.0208773139553387,0.049883604921849,0.0300318751862809,0.0001906908837719,0.998953026586261,0.809235366599277,0.0220652991841936
0,0.0268379817847682,0.0359161955437313,0.0263841749863875,0.0001073830427653,0.999006524951846,0.809389520259228,0.0220719206687364
0,0.0176935485380701,0.0646672914714152,0.0041787120320457,0.0001906908837719,0.999019697335596,0.809377411905871,0.0220902680280544
0,0.0110489514853308,0.128125283429573,0.0189858988468657,0.0001559155923426,0.999052050558844,0.809394988547841,0.0221192034414147
0,0.0091250885332651,0.0839556187078635,0.0099684384867915,0.0001906908837719,0.998960537155944,0.809192922263851,0.0219731989170918
0,0.0475181044676928,0.0129697372796807,0.0457362382062422,0.0001906908837719,0.99834998561437,0.808588025385358,0.0220471256585987
0,0.0261446922162489,0.0514859267769145,0.0376670277971499,0.0001906908837719,0.999200644291331,0.809576093058815,0.0220875657038138
0,0.0090077722066389,0.123046225473894,0.0090738122088761,0.0001906908837719,0.998911660679395,0.809291221261539,0.0220287941023464
0,0.0217940037628588,0.0654231036672008,0.0466083068855496,0.0007191988842863,0.998970705311822,0.809337311122707,0.0220478525996225
0,0.0364548004530407,0.0283883060737068,0.0588562073103831,0.0001906908837719,0.998903225731905,0.809211410287257,0.0220850688194277
0,0.0114745351808575,0.0949904767663331,0.029442962027738,0.0001906908837719,0.999306370003016,0.809339915069666,0.0220722367300511
0,0.0080305521667639,0.140701998367446,0.0113185713792461,0.0004446269404182,0.999188974021517,0.809523102738206,0.0220655678363111
0,0.0326164348941189,0.050669649605466,0.0434815198934736,0.0001906908837719,0.999091336615645,0.809436391304484,0.0221260461688778
0,0.0126851398279569,0.0887625842730598,0.0204144328685392,0.0015925937036468,0.999174992807185,0.809496672676576,0.02214211788673
0,0.011263615402136,0.0861625903195574,0.0123221707862059,0.0001857229849963,0.99924813420117,0.809556823851321,0.0220715730012903
0,0.0162489352607324,0.0575021918553678,0.016084108149434,0.0002075053103971,0.999136515580966,0.809496021689837,0.0220880714019173
0,0.0182295843070692,0.0756719170420534,0.0132198007254258,0.0001906908837719,0.999211852372242,0.809557995627452,0.0221214158706175
0,0.0039350891260869,0.176285636545031,0.0031621539409386,0.0001906908837719,0.998501583574731,0.808711452471198,0.021401997106111
0,0.0234582731411134,0.0610393929316443,0.0232256188943616,0.0001906908837719,0.998785829750406,0.80909918017334,0.0220451818815133
0,0.0199462716184973,0.0721347159657768,0.0202265263714574,0.0001161724021376,0.999075275551247,0.809424282951126,0.0220689812985098
0,0.0332504422763112,0.0439278048190586,0.0676300013941082,0.0003082007971184,0.999091567710097,0.809430011634435,0.0220772146957576
0,0.0136486313615246,0.0758230794812105,0.0201369536485408,0.0001243885424204,0.999004791743457,0.809307495930031,0.0221164853141083
0,0.0337271958589833,0.0438371073555643,0.0402305199231231,0.0001906908837719,0.999075160004021,0.809443421961272,0.0220920695775482
0,0.028320660465958,0.028116213683224,0.0507510140399933,0.0001906908837719,0.999258880093177,0.809605778054143,0.0221596592896955
0,0.0267337699414354,0.0532696435589685,0.0207913889228073,0.0001906908837719,0.999172104126538,0.809520889383292,0.0221252876217225
0,0.0098495792524828,0.158690328627143,0.0018413413640723,0.0007801511808026,0.998951062283421,0.809286273762318,0.0220640507420006
0,0.0172417558759567,0.0530277836563171,0.0256080798284666,0.0001906908837719,0.99899797445713,0.80934850809463,0.0220450870631189
0,0.0146377078386651,0.10511836018986,0.0105907838604271,0.0006656984359335,0.998957070739167,0.809300074681199,0.0221387044245313
0,0.0067069993541361,0.138102004413943,0.0031457773858244,0.0002315805121559,0.999004676196232,0.809358793685116,0.0220418474346433
0,0.0062938961188888,0.17689028630166,0.0020226475362808,0.0001906908837719,0.99902270156347,0.809370771841126,0.0224995516275174
0,0.007248027307247,0.133960153581038,0.0027761946172081,0.0001891622995333,0.99900976027417,0.809317390928474,0.021997488229126
0,0.0381583832811754,0.029688303050458,0.0733469378847852,0.0001562977384022,0.998807090439969,0.809013119726356,0.0219579647617235
0,0.0130726581196315,0.0810835323638782,0.0202968028819134,0.0001767425525942,0.999091105521193,0.809451624394192,0.0228123101014729
0,0.0260479686490838,0.05245336638752,0.040629412922189,0.0001906908837719,0.998790104997764,0.809040070577378,0.022062770693676
0,0.0187993173188227,0.0745835474801221,0.0230599229427553,0.0001945123443686,0.99878432763647,0.80913316168115,0.0220395717931775
0,0.0215681074318021,0.0676300752788947,0.0083085645211225,0.0001906908837719,0.999047428669809,0.809389650456576,0.0221293332065506
0,0.0125902883298336,0.129062490552348,0.0001820502378017,0.0003372438976528,0.998997512268227,0.809342519016625,0.0221980449363651
0,0.0136280386020636,0.120688091423043,0.0044817449723925,0.0002122821361429,0.999011609029784,0.809375849537695,0.0223497859735497
0,0.0107993422797433,0.118178794933035,0.0011321760828624,0.0001408208229859,0.999014497710432,0.809355538751418,0.028262803276437
1,0.0038003001550697,0.201922786226079,0.002141833413011,0.0001018419249002,0.998870756961431,0.809133031483802,0.0220923382296657
0,0.009066430369952,0.16839495722103,0.0129159428634901,0.0001562977384022,0.998983762148346,0.809460998603243,0.0222303780088583
0,0.0106464566413209,0.110409045560359,0.0146566734273018,0.0001906908837719,0.998904265656938,0.80940514394098,0.0220161516497587
0,0.0082046545876611,0.152492668621701,0.0016028761821986,0.0002233643718732,0.99898618864009,0.809356319935506,0.0221295070402737
0,0.0079219721623333,0.102881156090335,0.0060932507298324,0.0002438091860651,0.99903448738051,0.809411263216333,0.022108520568978
0,0.0077853111222741,0.19134141548508,0.0017780927961399,0.0008351802133941,0.999080821818089,0.80940071723115,0.0222046822239737
0,0.0150495630278845,0.146415938567585,0.0141089900060089,0.0009205898577289,0.999023972582954,0.8093818386157,0.0220772146957576
0,0.0063369537068527,0.119478791909786,0.0005652927145746,0.0002701772641819,0.998999245476615,0.809430532423827,0.0221608761257571
0,0.0115282011600588,0.13804153943828,0.0044413147592823,0.0002315805121559,0.999006293857394,0.809368298091515,0.0221385463938739
0,0.0116118202439306,0.120053209178583,0.0049340075340089,0.0002298608548874,0.998991966001384,0.809359965461248,0.0220895884962278
0,0.0331399902028387,0.0402092088157935,0.073254347723371,0.0001660424629237,0.999184352132482,0.809594711279569,0.0221124871384774
0,0.0068948302813407,0.1240136650845,0.0028154875414783,0.0001207581548536,0.998889937800928,0.809211410287257,0.0225350611162233
0,0.0071987294891435,0.112374157269402,0.003321843871871,0.0001113955763918,0.998927721743793,0.809247344755286,0.0219913566396209
0,0.0115793710472042,0.134746198264655,0.004306510656021,0.0001906908837719,0.998863130844523,0.809093581687378,0.0219705756081798
0,0.0100186894892684,0.0889137467122169,0.0083037810174544,0.0012748392550368,0.999037260513931,0.8093975924948,0.0221755097646274
0,0.0154545539639502,0.0817486470961695,0.0189665605838464,0.000150947693567,0.999080937365315,0.809444854132099,0.0221774061325156
0,0.0097097980973538,0.143725247150588,0.0095641678936086,0.0001553423732531,0.999055054786717,0.809423762161734,0.0221532116388757
0,0.0150414507287029,0.0808114399733954,0.0075120350263307,0.0002407520175878,0.999067418339887,0.809425324529909,0.0221755729768903
0,0.0135338111269544,0.0908486259334281,0.0159201605022723,0.0002548914217954,0.999055748070072,0.809441208606357,0.022080106656787
0,0.0090339811732256,0.135350848021284,0.0007731400374184,0.0001906908837719,0.999067996076016,0.809315958757647,0.022069739845665
0,0.0202158495605318,0.0556277776098195,0.0099782681740967,0.0001243885424204,0.999040149194578,0.809376240129739,0.0221176389379069
0,0.0119706334769626,0.0887928167608912,0.002210039691293,0.0001144527448691,0.999222367169798,0.809532607144606,0.022147775384263
0,0.0200055538048243,0.0777579587024216,0.0156864168752769,0.0002220268606643,0.999022239374566,0.80938561433879,0.0220901258004628
0,0.0086564472497745,0.156392659551955,0.0018660056878992,0.0001402476038964,0.998899412673451,0.809240574493194,0.0219759012413324
0,0.0210420560310264,0.0976811681833298,0.0184463408216104,0.0003716370430225,0.998963310289365,0.80929747073424,0.0220036356216968
0,0.0190994723885417,0.0413580433533875,0.0153294768480935,0.0001906908837719,0.999105202282751,0.809517634449593,0.0220895410870306
0,0.0078951391727326,0.107627656679868,0.0036235341285507,0.0001801818671312,0.999029056660893,0.809368818880907,0.0221585688781598
0,0.0067743938396448,0.157481029113886,0.0026657099027147,0.0021082998111625,0.998992312643062,0.809333535399617,0.0221369660873005
0,0.0120448922156249,0.0831695740242464,0.0067211398594739,0.0001906908837719,0.999077239854087,0.809469070838815,0.0221597225019584
0,0.0124486351056627,0.0962300087674215,0.0028769221641216,0.0001094848460935,0.999019466241145,0.809353976383243,0.0223153194871823
0,0.0368504310438969,0.0412371134020619,0.0525620783216754,0.0001157902560779,0.999311338533729,0.809583384110299,0.0220960835562448
0,0.0177965123353749,0.0632463645433383,0.0324592607104253,0.000513031085098,0.999050779539359,0.809586508846649,0.022036743044411
0,0.009166898075201,0.15757172657738,0.002093857514731,0.0001251528345397,0.998975327200857,0.809323119611783,0.0221292541912219
0,0.0108960658469084,0.151525229011095,0.0047298717559276,0.0005327116071706,0.99902801673586,0.809369339670299,0.0220698978763224
0,0.0146177391022181,0.10279045862684,0.0154477562865555,0.0002260393942908,0.999025936885794,0.809380276247525,0.0222981889639259
0,0.016977170118034,0.0632463645433383,0.0252175656947028,0.0001906908837719,0.9991246142167,0.809454358538498,0.0221686354310328
0,0.0087032489758222,0.149953139643861,0.0029810157377826,0.0003206205440575,0.999015884277142,0.80937871387935,0.0221252086063938
0,0.0186688965089033,0.044532454575687,0.015901653553926,0.0002529806914971,0.999232881967353,0.809665668834192,0.0221760470688624
0,0.014539736225472,0.103455573359132,0.0105038385007237,0.0002170589618887,0.999004560649006,0.809353846185895,0.0224709164724062
0,0.0086527031116907,0.172355413126946,0.001044963845907,0.0001906908837719,0.999058752297945,0.809369209472951,0.0221869037750221
0,0.0101428700690481,0.171085648638026,0.0019101976771464,0.0002900488592844,0.998999245476615,0.809335488359836,0.0222480142302182
0,0.0189509549112171,0.0722556459171025,0.0072471109683437,0.0001906908837719,0.999010106915848,0.809398764270931,0.0221085363720437
0,0.0230108486400978,0.0804788826072497,0.0197315387516141,0.0001070008967057,0.999075853287376,0.809401889007282,0.022103574209403
0,0.0105403727289462,0.101188136771775,0.0105454222477142,0.0001906908837719,0.999375813885772,0.809731027902854,0.0223939555422782
0,0.0650512790911729,0.0477673307736494,0.178310684646556,0.0001906908837719,0.999299090527785,0.809682464292075,0.0220735167783756
0,0.0044274432841083,0.272636575263778,0.0085542358551658,0.0004297232440914,0.999005253932361,0.809353195199155,0.0229941401758164
0,0.0149253824481047,0.113674154246153,0.0015815103982475,0.0001205670818237,0.999009298085267,0.809342388819277,0.022090236421923
0,0.0059444432310663,0.188953048946398,0.0012511037683848,0.0001362350702699,0.999015075446561,0.809330410663267,0.0221100218602228
0,0.0101491102991878,0.160141488043051,0.0063465025903818,0.0001906908837719,0.999005369479587,0.809346164542367,0.0221369186781033
0,0.0094882699273949,0.153097318378329,0.0014934705775375,0.0003150794261924,0.998976598220342,0.809319734480737,0.0221179549992216
0,0.0090932633595527,0.154608942769901,0.0006362896809062,0.0001906908837719,0.999015075446561,0.809333535399617,0.0221370134964977
0,0.0057272832222052,0.147232215739033,0.0028498036150104,0.0003804264023948,0.999159625026142,0.809515030502635,0.0221969229186979
0,0.0143887226560916,0.1055416150195,0.0072133338764876,0.0001906908837719,0.999014844352109,0.809366214933948,0.0221381987264278
0,0.0084904571280588,0.174199594884663,0.0006799818631198,0.0004226535419876,0.999033794097154,0.809362699605554,0.0224011775433189
0,0.0112879522996808,0.116183450736161,0.0122859600085483,0.0008147353992021,0.999014959899335,0.809363871381686,0.0220548691608087
0,0.009206835548095,0.179278652840342,0.0013909887411646,0.0001501834014476,0.998986419734542,0.80932012507278,0.0221243710439099
0,0.0291131696936983,0.0546905704870454,0.0482366394538782,0.0001906908837719,0.999193827005004,0.809628432392684,0.0221097057989081
0,0.012661426953426,0.103455573359132,0.0052003030153933,0.0001906908837719,0.999122187724956,0.809459696629764,0.0221928141216069
0,0.0064867192302052,0.16902983946549,0.0025813304432313,0.0005308008768723,0.999076431023506,0.809424152753778,0.0220972845892406
0,0.0116598700160062,0.125132267134262,0.0059945214005963,0.0001301207333153,0.999022470469018,0.809394858350493,0.0221022941610785
0,0.0140723429880094,0.0924509477884935,0.0032710715725728,0.0001698639235203,0.99909595850468,0.809436912093875,0.0221775325570414
0,0.0130714100736035,0.0880067720772742,0.0007505277186749,0.0001482726711493,0.999311338533729,0.809601872133705,0.0221275474601226
0,0.0097990333883513,0.175560056837077,0.0014384521239704,0.0001935569792194,0.998978562523182,0.80932520276935,0.0221305974518094
0,0.0182639055728375,0.0864346827100402,0.0025878667206733,0.0001906908837719,0.999144603886777,0.809397462297452,0.0221136091561446
0,0.0086009092015313,0.18369259606373,0.0055380068357193,0.0001864872771156,0.999053668220006,0.809386655917574,0.0221293016004191
0,0.0164685913616494,0.102488133748526,0.0049997251537395,0.0001906908837719,0.999121032252697,0.809499276623535,0.0221378984681788
0,0.0095269593542609,0.152704296036521,0.003345948985449,0.0001906908837719,0.999009413632493,0.80935163283098,0.0221065451857612
0,0.0178801314192467,0.089488163981014,0.0048869983710783,0.0001906908837719,0.998874338925434,0.809291742050931,0.0528450251340649
0,0.0101578466213834,0.142395017686005,0.0133503322276484,0.0001906908837719,0.999103353527137,0.809431313607914,0.0222235036752637
0,0.0171450323087915,0.0951416392054902,0.0104145076462472,0.0001906908837719,0.999031367605411,0.809379625260785,0.0221672447612482
0,0.0107968461876874,0.154790337696889,0.0067303096600306,0.0001906908837719,0.999107628774494,0.80942024683334,0.0221767740098862
0,0.0099793760393883,0.138071771926112,0.0032369926844009,0.0001906908837719,0.998843141174445,0.809481830178912,0.0224227171219153
0,0.0135593960705271,0.122592738156423,0.0102531600605266,0.0001024151439897,0.998886702478603,0.809277290145311,0.0219825701350724
0,0.0084605040233883,0.130453184992593,0.0013227783821906,0.0001906908837719,0.999319195745089,0.809655253046358,0.0224569623653624
0,0.0115207128838912,0.0891556066148683,0.0034234208828206,0.0001102491382128,0.999282798368935,0.80953169576317,0.0221244342561728
0,0.0093559770484335,0.133053178946095,0.0072546459076914,0.0001906908837719,0.998800850889771,0.809209196932342,0.0219599401449403
0,0.0089378816290744,0.158297306285334,0.0113025377382768,0.0001400565308666,0.998976251578664,0.809419986438644,0.0222002415625022
0,0.0164785757298729,0.0701696042567343,0.0039833535696854,0.0001906908837719,0.998983184412217,0.809324161190566,0.0220591359885571
0,0.0140685988499256,0.107748586631194,0.0212887565576374,0.0001906908837719,0.998548611295666,0.808636849390833,0.0222483618976644
0,0.0075132370881838,0.0952928016446473,0.0061457806608711,0.0009339649698171,0.998983184412217,0.809311922639861,0.0220187591556049
0,0.0318276698044624,0.0406324636454334,0.0251021922918488,0.0001906908837719,0.999115370438629,0.809497193465968,0.0221163588895824
0,0.0066308685464319,0.224990174441455,0.0008945803409834,0.0001906908837719,0.998948635791678,0.80927859211879,0.0221045065902814
0,0.0056686250588921,0.131269462164041,0.0094716703444692,0.0004234178341069,0.998880925117309,0.809052960114824,0.0220706406204119
1,0.006849276601321,0.217220425068779,0.0013962492777189,0.0002038749228303,0.99899404585145,0.809264400607865,0.0220896042992936
0,0.0073247821379652,0.111950902439762,0.0023304478129829,0.0008357534324836,0.99904627319755,0.809577525229642,0.0221644002094159
0,0.0088611267983563,0.138283399340932,0.0094216462497517,0.0005837281061357,0.998989192867963,0.809376500524435,0.022095593661207
0,0.002775654366133,0.12126250869184,0.0027993984808262,0.0001906908837719,0.998836208340892,0.809145400231855,0.0220034301818422
0,0.0094389721092913,0.145206639054328,0.0060054995306327,0.0002327269503349,0.999018310768886,0.809393295982318,0.0222133739101277
0,0.0119725055460045,0.136439217583215,0.0130767403330753,0.0004507412773728,0.999002711893391,0.809356319935506,0.0220948509171175
0,0.0103169724899454,0.112918342050367,0.0143578683364058,0.0002793487696138,0.99894967571671,0.809335227965141,0.0221982029670224
0,0.0120349078474014,0.129092723040179,0.010274356437467,0.0013755347417581,0.998992774831965,0.80933965467497,0.0221409800659971
0,0.0086832802393752,0.148743840130604,0.0048495417581753,0.0004769182824598,0.998951986661228,0.809252031859812,0.0220172262582286
0,0.00758811984986,0.142999667442634,0.003511760828706,0.0007190078112565,0.998993468115321,0.809360616447987,0.0221662175619754
0,0.0077977915825535,0.183571666112404,0.0007970928440282,0.0018757639338574,0.99897186078408,0.80933275421553,0.0221043643626898
0,0.0084087101132289,0.136560147534541,0.002437576935641,0.0001068098236758,0.999031714247088,0.809417382491686,0.0221962907960685
0,0.0117516013990596,0.0891556066148683,0.0107802999572917,0.0082453744563255,0.998903456826357,0.809123136485359,0.0219864576892432
0,0.0115157206997794,0.114339268978444,0.0007252975583326,0.000455135957059,0.998926797365985,0.80923575719132,0.022040614795516
0,0.0086732958711517,0.126795053964991,0.010397211108854,0.0001624120753569,0.998909234187651,0.809217399365262,0.0220338668864473
0,0.0122626762475,0.119478791909786,0.0124676621050331,0.0007627635350879,0.999032291983218,0.809399675652367,0.0220902206188572
0,0.0099300782212848,0.124981104695105,0.0043019788727492,0.0001906908837719,0.999015306541013,0.809346034345019,0.022109595177448
0,0.0088349178317696,0.140822928318771,0.005383310894431,0.0001117777224515,0.998973709539694,0.809328718097744,0.022112929624318
0,0.0278507711364395,0.0359161955437313,0.0273821244033282,0.0001104402112426,0.99911814357205,0.809502531557233,0.0221129612304495
0,0.0088230613945042,0.168727514587175,0.0068957643261528,0.0012001297003726,0.998993121473643,0.809341998227233,0.02215653028268
0,0.0065166723348757,0.144057804516734,0.0006145903878335,0.0003003668028953,0.999023394846825,0.809353195199155,0.0222035444032408
0,0.0096080823460769,0.0699882093297457,0.0091933666498148,0.000164513878685,0.999181347904609,0.809737016980859,0.02213437438452
0,0.023886352928696,0.0409045560359162,0.0181836976566601,0.0001199938627342,0.999169908729246,0.80967842817429,0.0221068454440101
0,0.0281777591957591,0.0521208090213744,0.0292465200250798,0.0001906908837719,0.99913836433658,0.80949641228188,0.0221722859392175
0,0.0091119840499717,0.160987997702331,0.0022493741608933,0.0002367394839614,0.998993352568095,0.809343820990104,0.0221025312070645
0,0.0128199287989741,0.0687486773286574,0.0103051979767101,0.0001822836704594,0.999000400948874,0.809342258621929,0.0220544424780339
0,0.0197671770134883,0.0844091060253348,0.0415483971028314,0.0001192295706149,0.999171873032086,0.80954367391918,0.0221126767752662
0,0.0103787507683283,0.0805393475829126,0.0053554116117948,0.0011235094154101,0.998900452598484,0.809178079766187,0.0219454803397931
0,0.0066127718790269,0.210992532575506,0.0023231604161802,0.0071795690959245,0.998963541383817,0.809312443429252,0.0221745141714861
0,0.0106333521580276,0.0775463312876016,0.0084835710960208,0.0001906908837719,0.999081861743122,0.809396550916016,0.0220924014419286
0,0.0096711086704877,0.151978716328567,0.0025935008542895,0.0001207581548536,0.998960768250395,0.809246303176503,0.0220430484676391
0,0.0573146417639883,0.0627928772258669,0.118802963390394,0.0001639406595955,0.999153501023171,0.814031576502399,0.0220210980093336
0,0.010165334897551,0.101823019016235,0.0102982275913745,0.0020901478733285,0.999109246435657,0.809594190490177,0.0221088524333584
0,0.0111544113746915,0.155939172234483,0.0066872920161925,0.0002183964730975,0.998977869239826,0.809333275004921,0.0221290329483016
0,0.009865179827832,0.171992623272969,0.0093098879318759,0.0008850502741802,0.998989192867963,0.809311271653121,0.0220498437859051
0,0.0087931082898337,0.174380989811652,0.0055308443275215,0.000127063564838,0.99896007496704,0.809306844943291,0.0220613800238914
0,0.0279474947036047,0.0334975965172174,0.0211922639528059,0.000141776188135,0.999165171292985,0.809564114902805,0.0220603528246186
0,0.0059675320825832,0.207787888865375,0.0029433623772332,0.0009631991433813,0.998887511309185,0.809148004178814,0.0222974936290336
0,0.0167001038998318,0.0571998669770535,0.0157702646400341,0.0001906908837719,0.999060138864656,0.809325723558741,0.0220856693359256
0,0.007387808462376,0.156664751942437,0.003634781934028,0.0004069855535414,0.999040149194578,0.80942024683334,0.0220511238342296
0,0.0084767286217515,0.174108897421169,0.0037975758335588,0.0001108223573023,0.998992543737514,0.809355278356722,0.0220775149540065
0,0.0089959157693735,0.220062278924933,0.000684883687422,0.0002495413769601,0.998980180184344,0.809319474086041,0.0221176389379069
0,0.0135394273340801,0.0838044562687063,0.0068413181799126,0.0001131152336603,0.999110864096819,0.809472846561905,0.0220891776165187
0,0.0091038717507901,0.135320615533452,0.0054775198663327,0.0001906908837719,0.999007680424104,0.809324030993218,0.0221035426032716
0,0.0320423337212676,0.0321371345648033,0.0570242876032869,0.0001906908837719,0.999265466285053,0.809582863320907,0.0221291593728275
0,0.0437290367268745,0.0362789853977084,0.0884683054296131,0.0001906908837719,0.999174068429378,0.809565416876284,0.0220661525497433
0,0.0206663941766172,0.123197387913051,0.0182763505635706,0.0001173188403166,0.99908359495151,0.809427277490129,0.0221271839896107
0,0.0220629576818793,0.0729812256250567,0.0148423575795602,0.000111204503362,0.999173490693249,0.809502531557233,0.0221900169789719
0,0.0096686125784318,0.119176467031472,0.0020198955565089,0.0002696040450924,0.999007911518556,0.80935853329042,0.0220495751337876
0,0.0094408441783333,0.140974090757928,0.0028075396166756,0.0005585064661979,0.998987344112349,0.809333405202269,0.0221741190948427
0,0.0135687564157366,0.104543942921063,0.0081352137744171,0.0283336463746472,0.998979949089892,0.809334576978401,0.022458653293396
0,0.0135275708968147,0.133113643921758,0.0103429951330703,0.0001906908837719,0.999142408489486,0.809451624394192,0.0221379300743103
0,0.0073104296086439,0.213683223992502,0.0001509051922386,0.0001387190196577,0.999044771083613,0.809364392171077,0.0221286220685925
0,0.0091101119809298,0.103183480968649,0.004190870803416,0.0001906908837719,0.999039918100126,0.809421418609471,0.0221028788745107
0,0.0111681398809988,0.122925295522569,0.0063765330629565,0.000105472312467,0.998993352568095,0.809343039806016,0.0221726336066637
0,0.0147219509455509,0.0922393203736735,0.0104303192004164,0.0001165545481973,0.999051472822715,0.809397462297452,0.0220935550657272
0,0.023807102005922,0.07007890679324,0.0445213027374551,0.0001266814187783,0.999116525910888,0.809464253536941,0.0222071949114255
0,0.0126714113216495,0.137708982072135,0.0067290981025975,0.0001906908837719,0.999038647080641,0.809363741184338,0.0222079534585807
0,0.0105035553711221,0.143815944614082,0.0071500289172792,0.0001950855634581,0.999035065116639,0.809390822232708,0.0221931459859873
0,0.0103238367430991,0.162439157118239,0.0011994497092886,0.0001941301983089,0.999084403782092,0.809436130909788,0.0222842032507507
0,0.0119063591065238,0.12020437161774,0.010222321941292,0.0019004123547056,0.999017155296627,0.809394728153146,0.0220547585393485
0,0.0215431465112433,0.0808416724612268,0.0243146949617047,0.0001301207333153,0.999032291983218,0.809646790218742,0.0220698188609937
0,0.0083531720649857,0.201983251201741,0.0043606629730106,0.0008030799443824,0.998970820859047,0.809316609744386,0.022120436080542
0,0.0137622035500669,0.106629984581431,0.0040219336359396,0.0001412029690455,0.999188165190936,0.809514249318547,0.0233060610872879
0,0.0089110486394738,0.187683284457478,0.0083586789545866,0.0001348975590611,0.999067302792661,0.809430923015871,0.0222502108563553
0,0.0190713913529131,0.0871602624179944,0.0155069646780021,0.0001540048620443,0.999021199449533,0.809375458945651,0.0220906631046978
0,0.0156005753492189,0.106025334824803,0.0151109263172579,0.0001906908837719,0.998907963168166,0.809536252670348,0.0220451186692504
0,0.0191693629661062,0.0897300238836654,0.0194773346518875,0.0001906908837719,0.999011609029784,0.80935853329042,0.0221089156456214
0,0.0110789045900013,0.147201983251202,0.0043775052710968,0.0001906908837719,0.999064414112014,0.809414257755335,0.0221326202442234
0,0.0088417820849232,0.131995041871996,0.0067977650327025,0.0001299296602855,0.99851591143074,0.808798294102268,0.0219239091550652
0,0.006469870608828,0.137860144511292,0.000919327716607,0.0003190919598188,0.998969203197885,0.809327546321613,0.02205253030708
0,0.0094732933750596,0.173322852737552,0.0041089555183325,0.0001853408389367,0.999017733032756,0.809384963352051,0.0221179549992216
0,0.0101790634038583,0.161925204825105,0.0024364494598934,0.0002468663545425,0.998967238895045,0.809311662245165,0.0220673535827391
0,0.0114583105824943,0.28306678356562,0.001137554182208,0.0001906908837719,0.998871681339238,0.809194484632026,0.0219996058399344
0,0.0143968349552732,0.0734044804546966,0.0096922718116355,0.0003748852845297,0.999078510873572,0.809375589142999,0.0222511274341679
0,0.0180018159069707,0.128881095625359,0.0037147624464777,0.0001138795257796,0.99913975090329,0.80947440893008,0.0220938869301077
0,0.0349128395855239,0.0398766514496478,0.0371033058186255,0.0001733032380573,0.998970820859047,0.809316870139082,0.0220640507420006
0,0.0160199188146059,0.144934546663845,0.0062321498268744,0.0030206735286087,0.998980873467699,0.809294866787281,0.0220556909202269
0,0.01461961117126,0.113885781660973,0.0272010697571973,0.0001906908837719,0.998938352088574,0.809307626127379,0.022073137504798
0,0.036309403090786,0.0445929195513499,0.0633212784395386,0.0001373815084489,0.999170255370924,0.809544975892659,0.0220748442358974
0,0.0226258264404791,0.068295190011186,0.025584394909566,0.0001906908837719,0.999214741052889,0.809604476080664,0.022088150417246
0,0.0078364810094196,0.101429996674426,0.0086261707976847,0.0001851497659068,0.99899404585145,0.80935475756733,0.0220524828978827
0,0.0142870069048147,0.115367173564713,0.0058943102749621,0.0001266814187783,0.999079204156927,0.809425975516649,0.0221640209358383
0,0.0091369449705305,0.150194999546513,0.004251159023674,0.0001421583341947,0.99902859447199,0.809357491711637,0.0220982801823819
0,0.0173734247319041,0.0479487257006379,0.0160161057891571,0.0001026062170196,0.999147723661876,0.809396811310712,0.0220728688526805
0,0.0093522329103497,0.216373915409499,0.0016071720043177,0.0001167456212271,0.998956030814134,0.809272863435481,0.0220260601719743
0,0.0296704222451724,0.062369622396227,0.0485256713459045,0.0001906908837719,0.999455657018858,0.80974261546682,0.0221150630381922
0,0.0105522291662117,0.185960032651087,0.0029885343932264,0.0001906908837719,0.999004329554554,0.809331973031442,0.022151947393617
0,0.0136904409034605,0.0935090848625933,0.0122103855163316,0.0001906908837719,0.999199488819073,0.809539767998742,0.0221210840062371
0,0.0080736097547277,0.157722889016537,0.0061367182213758,0.0001379547275384,0.999002134157262,0.809340435859058,0.0220767248007198
0,0.0092761021026455,0.149681047253378,0.0161645440671028,0.0003009400219848,0.999005947215716,0.809531565565822,0.0220736273998358
0,0.0139793635589281,0.166943797805121,0.0126517873941116,0.0001538137890144,0.99893788989967,0.809257630345773,0.0220276088724163
0,0.0260379842808603,0.0646975239592466,0.0357632108647874,0.0001201849357641,0.999164362462404,0.809526878461297,0.0221140674450509
0,0.0115550341496594,0.177192611179974,0.0018921812668335,0.0001906908837719,0.998890977725961,0.80920997811643,0.022003445984908
0,0.0065016957825404,0.147776400519999,0.0116812361508384,0.0001906908837719,0.998598874338925,0.808583728872876,0.0220172262582286
0,0.0126483224701327,0.118843909665326,0.0078846033068883,0.0001906908837719,0.998986997470671,0.809394207363754,0.0220422109051552
0,0.017316014614619,0.0441394322338785,0.013705880836044,0.0001906908837719,0.999057481278461,0.809502010767841,0.0219945804650308
0,0.0177004127912237,0.0650905463010551,0.0059219324786165,0.0001545780811338,0.999269048249055,0.809607080027623,0.0221120130465054
0,0.0078508335387409,0.1382531668531,0.0016849825991193,0.0002827880841508,0.999004676196232,0.809365043157817,0.0223430696706124
0,0.0134826412398089,0.1208392538622,0.0113795465159785,0.0001650870977745,0.998966430064464,0.80938561433879,0.0220681121298944
0,0.0236635767127092,0.0608277655168244,0.0154187827326218,0.0001906908837719,0.999173375146023,0.809515290897331,0.0221329679116696
0,0.0268386058077822,0.0945067569610303,0.0286700160758003,0.0001047080203477,0.999194404741134,0.809542632340396,0.0221400476851187
0,0.017676075893679,0.0778486561659159,0.0258543926861446,0.0001303118063451,0.999294815280427,0.809637155614995,0.022163499434669
0,0.0126152492503924,0.0872811923693201,0.0231069599515504,0.0001087205539742,0.999028825566441,0.809384963352051,0.0221630727518942
0,0.0112673595402198,0.0888835142243855,0.0089522411677145,0.0002686486799433,0.999055054786717,0.809385744536138,0.0221015356139233
0,0.0097285187877728,0.133899688605375,0.0033287435252132,0.0001906908837719,0.999064760753691,0.809397462297452,0.0221296808739968
0,0.0105023073250941,0.136832239925023,0.0054962073172852,0.0001906908837719,0.999025359149665,0.809350200660153,0.0220844999090613
0,0.0080948265372026,0.155908939746652,0.0037801321969375,0.0001368082893594,0.998973131803565,0.809328848295092,0.0220745597807141
0,0.014938486931398,0.111618345073616,0.0134123908658148,0.0002342555345736,0.999072155776148,0.80942844926626,0.0222100868724549
0,0.0066932708478288,0.212534389454908,0.001829197419216,0.0001566798844619,0.998942049599802,0.809284060407403,0.0221451678784168
1,0.0082495842446669,0.190343743386643,0.0019465843909217,0.0001018419249002,0.998786060844858,0.808996194071125,0.0220201182192581
0,0.0156611055815739,0.0991323275992381,0.0129172768028173,0.0011756723525542,0.998996241248742,0.809624005682854,0.0220433961350853
0,0.0091812506045223,0.117876470054721,0.0103271913905114,0.0006085676000138,0.998988730679059,0.809383010391832,0.0220746704021743
0,0.0018003063952998,0.106781147020588,0.0006899387708537,0.0001906908837719,0.998797731114673,0.809324030993218,0.0220857167451228
0,0.0090395973803513,0.152915923451341,0.0067405512834698,0.0001763604065346,0.999029634397022,0.809391343022099,0.0221308977100583
0,0.0077859351452881,0.158599631163648,0.0078550344577298,0.0005393991632147,0.998995779059838,0.809344341779496,0.0221045698025443
0,0.0111413068913982,0.108262538924328,0.0057795451478196,0.0003448868188461,0.998948751338903,0.809276899553267,0.0221707372387755
0,0.0106920103213407,0.0960788463282643,0.0060581683217882,0.0004912487596971,0.999016693107723,0.809369990657038,0.0221194404874007
0,0.0050271294005322,0.224445989660489,0.0015211401755137,0.0005588886122576,0.998920673363013,0.809030696368327,0.0220265500670121
0,0.0080517689492388,0.13145085709103,0.0011153493497011,0.0006301588523848,0.998993237020869,0.809362569408206,0.0221131192611068
0,0.0086970087456825,0.163104271850531,0.0006249964437255,0.0032125108505596,0.998984917620605,0.809337831912099,0.02218083539778
0,0.0075250935254492,0.164041478973305,0.0013703960928787,0.0001150259639586,0.998988615131833,0.809371553025214,0.0221189505923629
0,0.0161490915784974,0.0620370650300813,0.0191378584316027,0.0136280927797132,0.998838865927087,0.808973930324629,0.0220268345221953
0,0.0112717277013176,0.113885781660973,0.0003708824301312,0.0014907517787466,0.998913162793331,0.809339264082926,0.0220589463517682
0,0.0075469343309381,0.137104332315506,0.0068682572174427,0.0002153393046202,0.998869023753043,0.809124438458838,0.0219979307149666
0,0.0108030864178271,0.117302052785924,0.0123220751036962,0.0007155684967195,0.999029403302571,0.809409831045506,0.0221019939028296
0,0.0122807729149051,0.0906672310064395,0.0114798849592007,0.0001906908837719,0.99898168229828,0.8093125736266,0.0220727582312204
0,0.0088130770262807,0.145025244127339,0.0049665802582223,0.00011349737972,0.998971976331306,0.809328457703048,0.0220993231847204
0,0.0199356632272598,0.0441091997460471,0.0131151417233187,0.0001324136096733,0.999035296211091,0.809409180058766,0.0220529569898548
0,0.0085447471302741,0.171387973516341,0.0028994926071932,0.0010316032880611,0.998981913392732,0.809343170003364,0.0220741647040708
0,0.0074059051297811,0.105511382531669,0.0014061470348518,0.0003401099931003,0.999049392972649,0.809418293873121,0.0221433347227915
0,0.01386017516326,0.0377603773014481,0.0092950787899628,0.0001555334462829,0.999138595431032,0.809816437363098,0.0220483899038575
0,0.0287743251971133,0.0312301599298606,0.0190898103633712,0.0001182742054657,0.999177534846155,0.809663976268669,0.022126567670047
0,0.037088183812219,0.0414487408168818,0.0255133352171699,0.0001906908837719,0.999210581352758,0.809560599574411,0.0221488974019302
0,0.0121459839438879,0.130241557577773,0.0055014307972705,0.0002367394839614,0.999018772957789,0.809349810068109,0.0221652693780313
0,0.0160111824924103,0.04395803730689,0.0100372681004814,0.0001045169473179,0.998975673842535,0.809315437968255,0.0220260443689086
0,0.016276392273347,0.0754905221150648,0.0220115103292139,0.0001121598685111,0.999171410843183,0.809542632340396,0.0221144941278257
0,0.0064655024477302,0.124164827523657,0.0048495417581753,0.0018071687161478,0.998905536676423,0.809093191095335,0.0228990531292907
0,0.0065772025672306,0.231097136983402,0.0005036031458452,0.0256591971760935,0.998969549839563,0.809316870139082,0.0221410274751943
0,0.0133328757164564,0.0628835746893612,0.0090638238409506,0.0001906908837719,0.999147723661876,0.809462040182026,0.0221558033416562
0,0.008407462067201,0.151857786377241,0.0020422937555175,0.0001201849357641,0.998890515537058,0.809151910099252,0.022001834072203
0,0.0248492204392498,0.0099162560087069,0.0602678618219465,0.0002329180233647,0.999264195265568,0.815826997930383,0.0221466217604644
0,0.0104954430719405,0.105843939897814,0.0105775567250465,0.0043188236932849,0.999128773916831,0.809595101871613,0.0221198513671098
0,0.0137247621692288,0.127550866160776,0.0206276750215656,0.0001973784398161,0.998966892253367,0.809325072572002,0.0220374225762376
0,0.0144673495558516,0.144753151736856,0.0120173777851354,0.0099663692360193,0.999022586016244,0.809350721449544,0.022102626025459
0,0.0083444357427901,0.193850711975088,0.0056485067459323,0.0001626031483867,0.9989679321784,0.809272733238133,0.0221217951441951
0,0.0259169238161503,0.0389999093025365,0.0239664705346347,0.0001637495865657,0.999146683736843,0.80959718502918,0.0220799170199982
0,0.005051466298077,0.206487891888624,0.0079582632939078,0.0006022621900293,0.998855851369292,0.809092540108595,0.022182621144208
0,0.0187624999609986,0.0618556701030928,0.0120596186401174,0.0001906908837719,0.999220865055861,0.809319734480737,0.0220809284162052
0,0.0102633065107441,0.146929890860719,0.0132940397820617,0.0004117623792872,0.999025936885794,0.809447718473754,0.0220658522914943
0,0.0073853123703202,0.182180971672159,0.0013588253492151,0.0001228599581817,0.998983299959443,0.809335488359836,0.0220882926448376
0,0.0102770350170514,0.200108836956193,0.0022708179832196,0.0002701772641819,0.998983531053895,0.809324681979958,0.0221004610054533
0,0.0167793548226059,0.0645161290322581,0.0059812245825431,0.0001906908837719,0.99915800736498,0.809553829312319,0.0221283692195408
0,0.0110196224036742,0.125192732109925,0.0066779763989109,0.0001906908837719,0.999053206031103,0.809349028884021,0.0221267415037701
0,0.030737501599059,0.0312906249055235,0.0472602089634271,0.0001906908837719,0.999034256286058,0.809350721449544,0.0220461142623917
0,0.0394513589661187,0.0382743295945823,0.0640168659762039,0.0001906908837719,0.999098269449198,0.809452405578279,0.022065931306823
0,0.0170458126495705,0.11382531668531,0.0128731925244051,0.0001736853841169,0.999023741488502,0.809390431640664,0.0220795535494863
0,0.0238844808596541,0.0681742600598603,0.0116190175301166,0.0001906908837719,0.99920237749972,0.809525576487817,0.0221196933364524
0,0.0151943363671252,0.057230099464885,0.0056238044911023,0.0002078874564568,0.999008489254686,0.809350330857501,0.0220775781662695
0,0.009346616703224,0.149832209692536,0.0050307754495225,0.0008814198866134,0.998997512268227,0.809338482898839,0.0221753833401015
0,0.0116561258779224,0.126643891525834,0.0060845070312403,0.0002789666235542,0.999161473781757,0.809510213200761,0.022538237532436
0,0.0141104083918615,0.0950207092541645,0.0108476708402088,0.0001906908837719,0.999035296211091,0.80936673572334,0.0220551378129262
0,0.0081547327465436,0.212927411796717,0.0022926587791428,0.0001916462489211,0.999037607155609,0.809360616447987,0.02218750429152
0,0.007687963532095,0.136227590168395,0.0072492923313611,0.0001906908837719,0.999022817110695,0.809400196441759,0.0220752867217379
0,0.0101634628285091,0.121111346252683,0.0053834676707285,0.0001906908837719,0.998900221504032,0.809205681603948,0.0220253016248191
0,0.0190857438822344,0.0698068144027572,0.0049486918456129,0.0001125420145708,0.999030096585926,0.809415429531467,0.0220927017001776
0,0.0137859164245977,0.0747649424071107,0.0246763627619636,0.0001442601375229,0.999159740573368,0.809499016228839,0.0221623616139361
0,0.013002767542067,0.104785802823714,0.0011668850298678,0.0001906908837719,0.999033331908251,0.809353455593851,0.0221000975349414
0,0.0117341287546685,0.121292741179672,0.00729712797043,0.0001624120753569,0.999006178310168,0.809357882303681,0.0221189347892972
0,0.011583115185288,0.120688091423043,0.0005009009116511,0.0002554646408849,0.999049392972649,0.809457743669545,0.022126567670047
0,0.0096711086704877,0.145418266469148,0.0068955218164612,0.0008026977983227,0.999000054307196,0.809381968813048,0.0220905840893691
0,0.0208230239531234,0.0740695951869879,0.0192849263549036,0.0001106312842725,0.999123112102763,0.809626088840421,0.0221345008090458
0,0.0073959207615576,0.22807388820026,0.0006998621391864,0.0005071078211732,0.998964234667172,0.809314005797428,0.0220443759251608
0,0.0270120842056655,0.0603138132236902,0.0321293824524397,0.0001616477832375,0.999171064201505,0.809487168270177,0.0221180656206818
0,0.0164043169912106,0.125736916890891,0.0094758942881148,0.0001169366942569,0.999118836855405,0.809472195575165,0.0221924822572265
0,0.0112548790799405,0.145176406566496,0.0148653293878307,0.0007509170072384,0.999036336136124,0.809403581572805,0.0223178953868971
0,0.0100180654662544,0.0819602745109895,0.0210507076646359,0.0001906908837719,0.998998667740486,0.809923199188402,0.0221604336399165
0,0.0191799713573437,0.0889439792000484,0.0129002336180971,0.0001906908837719,0.999056787995105,0.80940579492772,0.0221454049244028
0,0.0166408217135048,0.089488163981014,0.0071543138964169,0.0001906908837719,0.999162744801241,0.809519327015117,0.0221323041829087
0,0.0158807616824909,0.127943888502585,0.0100745742913072,0.0001906908837719,0.999085674801577,0.809402539994021,0.0221369186781033
0,0.0118058914012749,0.123771805181848,0.0023819168612799,0.0002250840291416,0.999069498189953,0.809347987305238,0.0260610569460155
0,0.0061659714010252,0.135895032802249,0.0018897546542313,0.0004522698616115,0.99897243852021,0.80932455178261,0.0220868545658557
0,0.0100823398366932,0.116395078150981,0.0054239038494216,0.0002310072930664,0.999023510394051,0.809398113284192,0.0221114757422704
0,0.0121734409565025,0.132750854067781,0.0035529624674772,0.0002346376806332,0.99895360432239,0.809315437968255,0.0220454031244336
0,0.011623676681196,0.292710947183844,0.0009582534563311,0.0001906908837719,0.998892826481575,0.80923198146823,0.0220527199438688
0,0.0191107048027931,0.0611300903951386,0.0189744323745967,0.0003397278470406,0.999095842957454,0.809480267810737,0.0221124713354117
0,0.0119244557739289,0.118632282250506,0.0035198459619167,0.0001064276776162,0.999152576645364,0.80949771425536,0.0221169594060803
0,0.0726418950330888,0.0200139069444025,0.154508344884992,0.000187251569235,0.998879191908921,0.809212321668693,0.0219374839885313
0,0.0177584469315228,0.121746228497143,0.0148589036777081,0.0114936159634638,0.998958226211426,0.809312443429252,0.0220261707934345
0,0.0155269406335706,0.111860204976267,0.0311248999254512,0.0002461020624231,0.99913836433658,0.809466076299812,0.0224270155557952
0,0.0170845020764366,0.088490491882577,0.0079745116569999,0.0001150259639586,0.999128658369606,0.80948638708609,0.0221115547575991
0,0.0205234929064184,0.0503068597514889,0.0285473481446488,0.0001906908837719,0.999232535325675,0.809615152263195,0.0221590429701318
0,0.0080667455015741,0.0994951174532152,0.0061806396801801,0.0001606924180884,0.998991503812481,0.809348117502586,0.0220936340810559
0,0.0141746827623003,0.112495087220727,0.004150883189925,0.0001423494072245,0.999074466720666,0.809417642886382,0.0221603862307193
0,0.0075669030673851,0.147988027934819,0.0034449497389939,0.0001524762778056,0.999013804427076,0.809399415257671,0.0221091684946731
0,0.0199493917335671,0.0447743144783384,0.0242757370622417,0.0001347064860313,0.999247672012267,0.809559167403584,0.0221291593728275
0,0.0094071469355789,0.195694893732805,0.0032007077547414,0.0001175099133464,0.998915127096171,0.809227294363705,0.0219744789654163
0,0.0290077098043376,0.0630952021041811,0.0267136059616742,0.0001906908837719,0.999395919103076,0.809697436987088,0.0220978376965413
0,0.0100473945479109,0.185990265138918,0.0052220941628981,0.0001906908837719,0.99899462358758,0.80933275421553,0.0220783683195562
0,0.0193809067678416,0.063941711763461,0.0183954040315637,0.0001906908837719,0.999171410843183,0.809496802873924,0.02212663088231
0,0.0090477096795329,0.145781056323125,0.0079201101068929,0.0001906908837719,0.998946440394386,0.809200343512683,0.0220046786240353
0,0.0196848059756444,0.127339238745956,0.0243438634561213,0.0002808773538525,0.999029056660893,0.809449541236625,0.0221169436030146
0,0.0111375627533143,0.116516008102307,0.0164065856839726,0.0001198027897044,0.998925526346501,0.809306844943291,0.0220644932278411
0,0.0224186507998415,0.056020799951628,0.0356799297332521,0.0001467440869107,0.999210927994435,0.809575702466771,0.0221546023086604
0,0.0077029400844303,0.192278622607854,0.0015802963729674,0.0001906908837719,0.998843372268897,0.809181464897233,0.0222436841902069
0,0.0180517377480881,0.050095232336669,0.0226648165926154,0.0001906908837719,0.999097229524165,0.809449671433973,0.0221701209192119
0,0.0119338161191385,0.113553224294827,0.009003206619764,0.0001906908837719,0.99895025345284,0.809366475328644,0.0220082975260885
0,0.037328432672597,0.0227952958248934,0.0385146763917582,0.0001071919697355,0.998960652703169,0.809398634073583,0.0220186801402762
0,0.023266698075825,0.055234755268011,0.0251828109273566,0.0001368082893594,0.999286842521841,0.809686109817818,0.022123533481426
0,0.0099331983363546,0.123409015327871,0.0034255883909174,0.0002252751021715,0.999037260513931,0.809379104471394,0.0221026734346562
0,0.0132642331849199,0.093055597545122,0.015533419259673,0.0002233643718732,0.998967354442271,0.809329759676527,0.0220959413286532
0,0.0271549854758643,0.0434743175015872,0.0158064973368369,0.0001906908837719,0.99922202052812,0.80956567727098,0.0221257775167603
0,0.0226957170180436,0.0985579103304411,0.0083486001701871,0.0001266814187783,0.999219478489151,0.809670616333414,0.0222305518425814
0,0.0167069681529855,0.0770928439701303,0.0272251993549269,0.000125917126659,0.999288922371907,0.809617626012805,0.0221133088978956
0,0.0116686063382018,0.0875835172476343,0.0188796595287982,0.0001387190196577,0.999165286840211,0.809500057807622,0.0222794149218331
0,0.0107188433109413,0.0963207062309157,0.0085774648636189,0.0003091561622676,0.999057134636783,0.809400977625846,0.0221076039911654
0,0.0111132258557696,0.100099767209844,0.004645804430513,0.0001029883630792,0.999111441832949,0.809432485384046,0.0221611289748088
0,0.0108736010184056,0.128790398161865,0.0049409046806403,0.0001906908837719,0.998992659284739,0.809319604283389,0.0220804227181017
0,0.0094670531449199,0.147504308129516,0.005911639438459,0.0001148348909288,0.998994970229257,0.809351242238936,0.0221169277999489
0,0.0113347540257285,0.149227559935907,0.0084947777253733,0.0001924105410404,0.999067533887113,0.809418684465165,0.0222059938784296
0,0.0070165147690646,0.185143755479638,0.0020934885230215,0.0001110134303321,0.99897243852021,0.809307626127379,0.022157541678887
1,0.0047238542157434,0.13441364089851,0.0006715625989678,0.0002697951181223,0.998965505686657,0.809325723558741,0.0220323972013339
1,0.008028680097722,0.201348368957282,0.0053066658229713,0.0002243197370223,0.998838634832635,0.809165190228741,0.0219536347217122
0,0.0059862527730022,0.109411373461922,0.0048967476493206,0.0014769945205987,0.998960190514266,0.809496542479228,0.0220453083060392
0,0.0065010717595264,0.142304320222511,0.0007245675614106,0.0006580555147402,0.998977869239826,0.809373245590737,0.0220848475765074
0,0.0073260301839931,0.0501254648245004,0.0039068436662877,0.0001906908837719,0.998855504727615,0.809311271653121,0.0220766457853911
0,0.0082408479224713,0.133053178946095,0.0073907483122371,0.0001559155923426,0.999024896960761,0.809396290521321,0.0221098954356969
0,0.009605586254021,0.147897330471324,0.0088312169392711,0.0006708574077389,0.998999361023841,0.809348377897282,0.0221594222437095
0,0.0120704771591976,0.113220666928682,0.0136174411269569,0.0004883826642497,0.998966083422786,0.809319994875432,0.0221949633385468
0,0.0069160470638157,0.20406929286211,0.0008629837377108,0.0006731502840969,0.998914780454493,0.809357491711637,0.022018632731079
0,0.0074951404207787,0.155001965111709,0.0004004769293532,0.0006078033078945,0.998993468115321,0.809359574869204,0.0221349116887549
0,0.0081865579202561,0.169332164343804,0.0009075352553487,0.0044151245003201,0.998981335656603,0.809337441320055,0.0220873444608935
0,0.009106367842846,0.137588052120809,0.0014610828641233,0.0001662335359535,0.998991966001384,0.809366996118036,0.0221723333484147
0,0.008826181509574,0.0967439610605557,0.0072786839036031,0.0264234892954201,0.998811943423456,0.808924064740371,0.0220654888209824
0,0.0130389608768771,0.102729993651178,0.0025702167953591,0.0033688085889619,0.998958688400329,0.809426366108693,0.0222224290667937
0,0.0078052798587211,0.129455512894156,0.0103906490841891,0.0002577575172429,0.99891824687127,0.809313745402732,0.0222971775677189
0,0.0117615857672831,0.100674184478641,0.0080973936884546,0.0004778736476089,0.999044424441936,0.809456832288109,0.0221100376632885
0,0.0102508260504647,0.0790579556791728,0.0061370172583666,0.0001375725814787,0.9989875752068,0.809372985196041,0.0220218249503574
0,0.0085260264398551,0.152976388427004,0.0036603007353125,0.0001154081100183,0.998986650828993,0.809348638291977,0.022142054674467
0,0.0228766836920946,0.0400278138888049,0.0018837655392811,0.0001071919697355,0.999038647080641,0.809417252294338,0.0221135459438816
0,0.0084923291971007,0.187532122018321,0.0039398874772363,0.0011622972404659,0.998980180184344,0.809339524477622,0.0221335210189703
0,0.0075344538706587,0.0955951265229616,0.0005653179954327,0.0004858987148619,0.999074813362343,0.809518676028377,0.0221274368386624
0,0.010246457889367,0.0430208301841159,0.0055949021549586,0.0001513298396266,0.999122418819408,0.809904841362343,0.0220860960187005
0,0.0166682787261194,0.0460138464794268,0.0104594362781147,0.0001339421939119,0.999157776270528,0.809646660021394,0.0221002239594673
0,0.0312186233428289,0.0482510505789521,0.0306871237035847,0.0001906908837719,0.999252409448528,0.809606819632927,0.0221048384546618
0,0.0120280435942478,0.131843879432839,0.0077534010166405,0.0002268036864101,0.999038762627867,0.809367256512732,0.0221470484432392
0,0.0161035378984777,0.0463464038455724,0.0175692541931677,0.0001379547275384,0.998981220109377,0.809345253160931,0.0220956884796014
0,0.0236379917691364,0.0630347371285183,0.0265053724110554,0.0001075741157952,0.999216820902955,0.809606559238231,0.0221492766755078
0,0.0103631501929791,0.0344952686156544,0.0007421051705374,0.0015629773840229,0.99871245726197,0.807480306349152,0.022001359980231
0,0.0067681536095051,0.216041358043353,0.0019721281427226,0.0051060445761914,0.9989679321784,0.80931387560008,0.0221156793577558
0,0.0194913588413141,0.0543277806330683,0.0209472618716705,0.0001906908837719,0.999200297649654,0.809535080894216,0.0221581896045822
0,0.013561892162583,0.0915742056413822,0.0070228228874993,0.0001496101823581,0.998956839644715,0.809328197308352,0.0222921205866838
0,0.0078183843420145,0.0155394987453518,0.0121038388055708,0.0003599815882028,0.999172104126538,0.813057700339867,0.022143429541186
0,0.0120149391109544,0.0931462950086163,0.0030443856382883,0.005870336695518,0.999076777665183,0.809591846937915,0.0221084415536493
0,0.0126052648821689,0.0766393566526589,0.0213444179533654,0.0001012687058107,0.999045233272517,0.809456832288109,0.0220847685611787
0,0.0158008867367028,0.121564833570154,0.0201445849505137,0.018600959454112,0.999027207905279,0.809354236777939,0.0220724737760371
0,0.0116186844970843,0.161985669800768,0.0051718350397575,0.0003383903358318,0.999000169854422,0.809347466515846,0.0221090420701472
0,0.0173222548447587,0.0539045258034284,0.0094664137720156,0.0001394833117771,0.999110517455142,0.809590935556479,0.0221108910288382
0,0.0099119815538797,0.15757172657738,0.0211049306553233,0.001553805878591,0.998858624502713,0.809396681113364,0.0221695678119112
0,0.0268117728181815,0.0441091997460471,0.0213477593210746,0.0001906908837719,0.999080475176412,0.809374026774824,0.0220678908869741
0,0.0069672169509611,0.123862502645343,0.0038273931191281,0.0004738611139825,0.999032176435992,0.809439255646138,0.0220903154372516
0,0.005750372073722,0.197448378027028,0.0013824582490097,0.0001450244296422,0.99894771141387,0.809053350706867,0.0220598787326466
0,0.008328211144427,0.201650693835596,0.0019743105939246,0.0002824059380911,0.998984108790024,0.809323510203827,0.0221038586645863
0,0.0164841919369986,0.057592889318862,0.0065068142438771,0.0001906908837719,0.999150958984201,0.809527789842732,0.0220915954855761
0,0.018195263041301,0.0935695498382562,0.0041567073283301,0.0001264903457485,0.999057596825687,0.80926348922643,0.022139020485846
0,0.0185515801822771,0.050669649605466,0.0160482001202536,0.0001906908837719,0.998917091399011,0.809192922263851,0.0220559121631472
0,0.052746793301737,0.0581975390754905,0.0818787333154969,0.0001906908837719,0.99907180913447,0.809390301443316,0.0220627864967418
0,0.0111007453954902,0.126190404208362,0.0053935247691651,0.0002678843878239,0.999047890858712,0.809401238020542,0.0222393225440641
0,0.021330978686494,0.0771230764579617,0.0221183032028572,0.0001906908837719,0.999224215925412,0.809527008658644,0.022130502633415
0,0.0083750128704746,0.0794812105088128,0.0022108042380734,0.0002778201853752,0.999027785641408,0.809380276247525,0.0221949317324153
0,0.00810855504351,0.176346101520694,0.0008987210190818,0.0011116628875605,0.998986073092864,0.809337831912099,0.0220981379547903
0,0.0227537511583427,0.0554161501949995,0.0273800485553449,0.0001725389459379,0.998966661158916,0.809424282951126,0.0219852092470501
0,0.0148405153182049,0.0995253499410466,0.0117517464072144,0.0001906908837719,0.999034371833284,0.809377021313827,0.0221120130465054
0,0.0091706422132848,0.170269371466578,0.0033156375280873,0.0002738076517487,0.999046388744776,0.809378193089958,0.0221787968023002
0,0.0072143300644927,0.1393113039272,0.0050507471330882,0.0001906908837719,0.999018888505015,0.809405404335676,0.022113703974539
0,0.0131356844440423,0.118753212201832,0.0084366539818409,0.0001906908837719,0.999025821338568,0.809367256512732,0.0222071475022283
0,0.0189247459446304,0.0721044834779454,0.0123578774235238,0.0001060455315565,0.999055748070072,0.809471284193729,0.0221148892044691
0,0.029618628335013,0.0442905946730356,0.0650756328791455,0.0001213313739431,0.999182272282416,0.809524274514338,0.0221549973853038
0,0.0172779492107669,0.0680230976207032,0.0074438927371845,0.0001906908837719,0.999117219194243,0.80945175459154,0.0221861136217354
0,0.0323031753411066,0.0632161320555068,0.0432994940815279,0.0002592861014815,0.99910381571604,0.809530654184387,0.0221578735432675
0,0.0117054236960259,0.125767149378722,0.0119506991818878,0.0007339115075834,0.999025936885794,0.809397071705408,0.0221706424203811
0,0.020571542678494,0.0589533512712761,0.0340139391018624,0.0001047080203477,0.999076777665183,0.809453447157063,0.0221086785996353
0,0.0075357019166866,0.224929709465792,0.0003084274984831,0.0006806021322603,0.998963656931043,0.809311662245165,0.0221205941111993
0,0.03419209300439,0.0416603682317018,0.0827358067344756,0.0001811372322804,0.999215549883471,0.809546277866138,0.0220719206687364
0,0.0210994661483116,0.0542068506817426,0.0275422503853408,0.0001906908837719,0.999082555026478,0.80942844926626,0.0220549007669402
0,0.0159206991553849,0.106841611996251,0.0274697393074174,0.0008871520775083,0.999062911998077,0.80944355215862,0.0222159656129082
0,0.0312523205855832,0.0497626749705233,0.0232669294487436,0.0001906908837719,0.998998090004356,0.80968467764699,0.0220869177781187
0,0.0257340850730575,0.0516068567282402,0.0100882897494883,0.0001906908837719,0.999079550798605,0.809411784005725,0.0221507147544897
0,0.0198957257543658,0.056020799951628,0.009805404409393,0.0001906908837719,0.99920237749972,0.809555521877842,0.0221443619220643
0,0.0123094779735477,0.127157843818968,0.0040974401943516,0.0001906908837719,0.999098153901972,0.809387046509617,0.0221455787581259
0,0.0159519003060833,0.0958672189134444,0.0259720796275707,0.0003970497559901,0.999047775311486,0.809405013743632,0.0221045065902814
0,0.0079113637710958,0.122834598059074,0.0010520421169644,0.0001906908837719,0.999041304666837,0.80940957065081,0.0220952617968266
0,0.0057584843729036,0.210357650331046,0.001342654616429,0.0003261616619226,0.999136515580966,0.809493808334922,0.0224087314087401
0,0.0076498981282429,0.200441394322339,0.0031084430576562,0.0001906908837719,0.994708630337849,0.80777507314487,0.0220915954855761
0,0.0057553642578338,0.245336638752003,0.0011311495750922,0.0002034927767707,0.998971745236854,0.809319994875432,0.0221297914954569
0,0.0069435040764303,0.243311062067298,0.0043986542731472,0.0004331625586283,0.998999592118293,0.80934850809463,0.0223013495770728
0,0.0064605102636185,0.127490401185114,0.0015807398081568,0.0007688778720425,0.998962732553235,0.809321817638304,0.0221042221350982
0,0.0088355418547836,0.134806663240318,0.0011612552489896,0.0002778201853752,0.998999476571067,0.809407878085287,0.0220575398789179
0,0.0151531508482033,0.10702300692324,0.0050066838410916,0.0002254661752013,0.998956261908586,0.809341998227233,0.0220843418784039
0,0.0133260114633028,0.250838951537322,0.0026934353284429,0.0001906908837719,0.998921482193595,0.8092590625166,0.0221111596809557
0,0.0174570438157759,0.0644556640565952,0.0243602102610482,0.0004121445253468,0.999103237979911,0.80946998222025,0.0221212262338287
0,0.0167749866615081,0.0924509477884935,0.0149091099850361,0.0001075741157952,0.999109477530109,0.809501620175798,0.022104885863859
0,0.116626157172677,0.0121836925960637,0.220233056663885,0.0012647123844557,0.998946093752708,0.809358663487768,0.0230156165421498
0,0.0057622285109874,0.0987997702330925,0.0041643907854321,0.0264013248239596,0.998981220109377,0.809268566922999,0.0221173544827237
0,0.0268573264982013,0.0653928711793693,0.0587296572421145,0.0001813283053102,0.999172566315442,0.809508130043194,0.0220499544073652
0,0.0411405892649321,0.0879765395894428,0.0837762678671828,0.0001010776327809,0.999155003137107,0.809499667215579,0.0220991177448659
0,0.0171656250682525,0.0630649696163497,0.018276896190945,0.0001906908837719,0.999180076885124,0.80953924720935,0.0220818291909521
0,0.0083375714896365,0.0985579103304411,0.0077395736503412,0.0001855319119665,0.998982375581636,0.80932142704626,0.0220895568900964
0,0.0151887201599995,0.109985790730719,0.0095237610181698,0.0001629852944464,0.999089025671127,0.809423501767038,0.0221534012756646
0,0.0083294591904549,0.120688091423043,0.003579286253256,0.0001469351599405,0.999012764502043,0.80941712209699,0.022120135822293
0,0.0115394335743102,0.0584696314659733,0.0048345437190897,0.0001562977384022,0.99920376406643,0.809461258997939,0.0220758240259729
0,0.0125160295911713,0.14674849593373,0.0078196312295727,0.000257566444213,0.998986766376219,0.80936296000025,0.0226345888242205
0,0.0373546416391837,0.0529370861928228,0.0290956440583681,0.0001906908837719,0.999398114500368,0.809671397517501,0.022112929624318
0,0.0108361596375674,0.151706623938084,0.0030721623252798,0.0001243885424204,0.998976598220342,0.809322078032999,0.0220968104972686
0,0.0224473558584841,0.0582277715633219,0.0214284535659743,0.0001906908837719,0.999176379373896,0.80954992339188,0.0221038428615205
0,0.0115475458734918,0.116304380687487,0.0047220145002133,0.0001906908837719,0.998954297605746,0.809186282199106,0.0220708460602665
0,0.0124966848777383,0.112948574538199,0.015056503955622,0.0003139329880134,0.999026399074698,0.809427537884824,0.0221321935614486
0,0.0184423761548326,0.0712579738186655,0.033286639614366,0.0001530494968951,0.999010569104752,0.809311141455773,0.0221809460192401
0,0.0232716902599368,0.0574719593675363,0.0392013905026919,0.0001608834911182,0.999244783331619,0.809607080027623,0.0221537963523079
0,0.0104636178982281,0.142969434954802,0.0002418117767549,0.0001906908837719,0.998919864532432,0.809257760543121,0.0219920993837105
0,0.0346276610681402,0.0234301780693533,0.0521127950149394,0.0001906908837719,0.999088910123901,0.809425454727257,0.0220716520166189
0,0.0142239805804038,0.102336971309369,0.012737219400066,0.0001392922387472,0.999058405656268,0.80939446775845,0.0223331611483968
0,0.0312467043784575,0.0174743779665629,0.0259795099457502,0.0001173188403166,0.998902994637453,0.809319083493997,0.0220531150205121
0,0.0191643707819944,0.0607370680533301,0.0109692848063631,0.0001438779914632,0.999204688444237,0.809588722201564,0.0220962415869021
0,0.0077821910072043,0.144299664419385,0.0018237841093286,0.0001064276776162,0.998990348340222,0.809376760919131,0.0220606056736704
0,0.0146270994474276,0.0687486773286574,0.0111623432352985,0.0002885202750458,0.998982837770539,0.809373375788085,0.022073137504798
0,0.0227549992043707,0.0458626840402697,0.0099642490152768,0.0001906908837719,0.999274016779768,0.809610725553365,0.0221523898794575
0,0.0120648609520719,0.073646340357348,0.0086686535016749,0.0001198027897044,0.999165286840211,0.810005483912295,0.0221401583065789
0,0.0172798212798088,0.0752486622124135,0.0282839828332504,0.000104325874288,0.999312609553213,0.809616584434022,0.022105960472329
0,0.0162645358360816,0.0777277262145902,0.0320130364652446,0.0001484637441791,0.999191516060487,0.809553699114971,0.0221562300244311
0,0.0140673508038976,0.0626114822988784,0.0218256084428935,0.0002969274883583,0.99906649396208,0.809440818014313,0.0220844999090613
0,0.0160735847938072,0.0673579828884119,0.0056990287044968,0.0001784622098627,0.999129120558509,0.809474148535384,0.022147301292291
0,0.0098801563801673,0.126946216404148,0.0038548318276688,0.0001906908837719,0.998958341758652,0.809307105337987,0.022066168352809
0,0.0092442769289331,0.138585724219246,0.0035735740035371,0.0001385279466279,0.998991619359707,0.809349679870761,0.0220968579064658
0,0.0150863803857086,0.103546270822626,0.0193116257392264,0.0002092249676656,0.999050895086585,0.809396290521321,0.0221468272003189
0,0.0065185444039176,0.187864679384467,0.0020816897269747,0.0002222179336942,0.999035065116639,0.809360095658595,0.0221024679948016
0,0.0064187007216826,0.183239108746259,0.0010121178707894,0.0001005044136914,0.998967354442271,0.809338222504143,0.0220739434611505
1,0.0084024698830892,0.0659068234725036,0.0003561306316556,0.0002453377703038,0.999190360588228,0.809361267434727,0.0221232964354399
1,0.0020324429564962,0.153520573207969,0.0012718009018158,0.0003687709475751,0.998601878566798,0.808424757911051,0.0221944892465748
0,0.0128885713305107,0.104423012969737,0.0148083434772307,0.0002646361463168,0.999246054351104,0.80962673982716,0.022279778392345
0,0.0086626874799142,0.14015781358648,0.0098815162315772,0.0001906908837719,0.998893750859382,0.809084598070371,0.0220572396206689
0,0.0099088614388098,0.106267194727454,0.0109767343815221,0.0001566798844619,0.999167944426406,0.809374807958912,0.0225960609499593
0,0.0097041818902281,0.110590440487348,0.0077257288536578,0.0007298989739569,0.998989423962415,0.809382880194484,0.022243557765681
0,0.0079263403234311,0.139190373975874,0.0011850847215438,0.0001906908837719,0.999008720349137,0.809392254403535,0.0221515049077764
0,0.0096761008545995,0.0845300359766605,0.0034941542947494,0.0001014597788406,0.999183543301901,0.809553308522927,0.0221544126718716
0,0.0157104033996774,0.0858904979290746,0.0158763612310434,0.0001446422835825,0.99907966634583,0.809413867163292,0.0231770764647613
0,0.0075937360569857,0.115850893370015,0.0081528768939684,0.0001742586032064,0.999144834981229,0.809515551292026,0.0222104187368354
0,0.0145540887547933,0.132781086555613,0.0077239786254585,0.0001906908837719,0.999046735386454,0.809410482032245,0.0221249715604078
0,0.0057216670150795,0.120083441666415,0.0012262760225622,0.0001499923284178,0.998999707665518,0.80936673572334,0.0228031127172153
0,0.0171899619657973,0.130543882456087,0.0098933182727456,0.0001906908837719,0.999258648998726,0.809648743178961,0.0221760628719281
0,0.0106321041119997,0.0907881609577652,0.0010532230886399,0.0001906908837719,0.998913856076686,0.809256718964337,0.0220355420114152
0,0.0076199450235724,0.122653203132086,0.0031959605692315,0.0001906908837719,0.999040726930707,0.809352804607111,0.0221158373884132
0,0.0242645108751611,0.131329927139704,0.0087503913932508,0.0002594771745113,0.998993005926417,0.809362829802902,0.0220852584562165
0,0.0130664178894918,0.105904404873477,0.0051118368012406,0.0001906908837719,0.999104277904944,0.809444854132099,0.0221223482514959
0,0.0134320953756775,0.0685975148895002,0.0108168027181727,0.0004056480423326,0.999112366210756,0.810020977396699,0.0220748600389631
0,0.0113728194295806,0.123560177767028,0.0140939469627208,0.0001352797051208,0.999104046810492,0.809456832288109,0.0221595012590381
0,0.0133141550260374,0.140883393294434,0.0244812232967366,0.0008049906746807,0.999046157650324,0.809796256774168,0.0221887211275816
0,0.0141228888521409,0.0939021072044018,0.0204790920150796,0.0001517119856863,0.999008258160234,0.809437953672659,0.0220898571483453
0,0.0160361434129691,0.0765788916769961,0.0034663431550588,0.0001368082893594,0.999202955235849,0.809550964970664,0.0221791128636149
0,0.0156498731673224,0.0924509477884935,0.0054764788235265,0.0001517119856863,0.999103353527137,0.809448890249885,0.0224490134232979
0,0.0067463128040162,0.136802007437192,0.0005268144712999,0.0001790354289522,0.999144141697874,0.809452405578279,0.0221679875053377
0,0.0114595586285222,0.086132357831726,0.0007281898361793,0.0003234866395049,0.999183081112997,0.809517634449593,0.0221038586645863
0,0.0190002527293207,0.16839495722103,0.008784409615136,0.0003183276676995,0.999047197575357,0.809389650456576,0.0221171806490006
0,0.0144748378320192,0.0761556368473562,0.0039042560218093,0.0001906908837719,0.999239930348132,0.809628562590032,0.0221032897542198
0,0.0066957669398847,0.117543912688575,0.0023993660165512,0.0002631075620781,0.999169099898665,0.809452796170323,0.022191676300874
0,0.0262457839445119,0.0396650240348278,0.010875561261914,0.0001906908837719,0.999149456870265,0.809438083870007,0.0221063081397751
0,0.006349434167132,0.190736765728452,0.000445238369443,0.0001906908837719,0.99900444510178,0.809331061650007,0.0220932548074783
0,0.0067063753311222,0.139250838951537,0.0010538487753035,0.0001371904354191,0.99893592559683,0.809311532047817,0.0224884262692402
0,0.0435917516638014,0.0282673761223811,0.0482884663399935,0.0001906908837719,0.998984802073379,0.809403841967501,0.0222716240104258
0,0.0115200888608772,0.115336941076881,0.0032183077790229,0.0001906908837719,0.998952911039035,0.809286273762318,0.0220626284660844
0,0.0069410079843744,0.0789370257278471,0.0088027590876376,0.0001906908837719,0.99741197323464,0.807900453190929,0.0220915954855761
0,0.004892964452529,0.0982253529642954,0.0018015444354854,0.0002134285743219,0.998903456826357,0.809177558976795,0.0220287466931492
0,0.0151899682060274,0.100523022039484,0.0096800939193088,0.0001906908837719,0.999143795056196,0.809446025908231,0.0220891144042558
0,0.0363861579215041,0.046316171357741,0.020519516670676,0.0001906908837719,0.999159856120594,0.809494198926966,0.0221722701361518
0,0.0140973039085681,0.116999727907609,0.0038865416409946,0.0001906908837719,0.999240970273165,0.809606559238231,0.0309767585734516
0,0.02428635168065,0.0646370589835838,0.0044155607741197,0.0001614567102077,0.999119761233212,0.809382619799788,0.02232903654824
0,0.0335568375761698,0.0539347582912598,0.0746922200004504,0.0001906908837719,0.999441098068397,0.809736105599423,0.0222287977022848
0,0.022549071609761,0.0644858965444266,0.0229886857791241,0.0003716370430225,0.999073195701181,0.809506567675019,0.0237678108649901
0,0.005950059438192,0.133053178946095,0.0123020157435496,0.0001337511208821,0.997025814405735,0.807994716070832,0.0136118758521902
0,0.0099787520163743,0.121806693472806,0.0097383817455204,0.0018503512208897,0.999180539074027,0.809537815038523,0.0230326522470118
0,0.0332479461842553,0.0599510233697131,0.0027196011331484,0.0001906908837719,0.9990625653564,0.809418814662513,0.0231780088456396
0,0.0073753280020967,0.175499591861414,0.0026810115647116,0.0001906908837719,0.999009875821396,0.809346815529106,0.0221189031831657
0,0.0064723667008839,0.20047162681017,0.0083845954678791,0.0001906908837719,0.99906060105356,0.809432615581394,0.0221565144796143
0,0.0085129219565617,0.105360220092511,0.0033167313478424,0.0001706282156396,0.999064414112014,0.809545366484703,0.0223742333162413
0,0.0088979441561804,0.0448045469661698,0.0030070593937765,0.0001906908837719,0.996289894124077,0.807749033675284,0.0220915954855761
0,0.0154333371814753,0.101278834235269,0.0077058691948015,0.0001110134303321,0.999038878175093,0.809598617200007,0.0225285502531406
0,0.013841454472841,0.153611270671464,0.0034706441071906,0.0001906908837719,0.999053899314458,0.809406315717111,0.0221748460358665
0,0.0014533495995332,0.205036732472715,0.000466871477579,0.0001906908837719,0.999025012507987,0.80939824348154,0.0221171016336719
0,0.0107980942337153,0.136348520119721,0.0064226800339786,0.0001906908837719,0.998862206466716,0.809200083117987,0.0220103361215683
0,0.0088530144991747,0.132448529189467,0.001885019866252,0.0001906908837719,0.999019350693919,0.809292523235019,0.022213895411297
0,0.0100012168448772,0.143181062369622,0.0083348462369107,0.0001517119856863,0.999006756046297,0.809352153620372,0.0225727672310663
0,0.0144267880599437,0.103546270822626,0.0088989661994892,0.0001906908837719,0.998886818025829,0.809170007530615,0.0223178005685026
0,0.008786868059694,0.108383468875654,0.0015818736769884,0.0001906908837719,0.998947480319419,0.809066110046965,0.0223741859070441
0,0.0319218972795717,0.0511231369229374,0.0193522122622693,0.0001906908837719,0.999187703002032,0.809548621418401,0.0221091368885417
0,0.0113796836827342,0.143604317199262,0.0206221609768832,0.0001922194680106,0.99899404585145,0.809340435859058,0.0221333787913787
0,0.006110433352782,0.162832179460048,0.0020106164711359,0.0001184652784956,0.998957301833619,0.809358793685116,0.0220419896622349
0,0.0085110498875198,0.161441485019802,0.0006556619108278,0.0001169366942569,0.999073888984536,0.809421028017428,0.0222303147965953
0,0.0187444032935935,0.120990416301357,0.0250871626759804,0.0001906908837719,0.999236117289678,0.809573749506552,0.0221825895380765
0,0.0062820396816234,0.226562263808689,0.0003394739856202,0.0001713925077589,0.999039340363997,0.809349549673413,0.0224084311504912
0,0.0089952917463596,0.0936904797895819,0.0018053092818574,0.0001306939524048,0.999001440873907,0.809354497172634,0.0221091526916074
0,0.0229896318576229,0.0766091241648275,0.0068862972374732,0.0001906908837719,0.999289846749714,0.809559037206236,0.0222265378638847
0,0.0131437967432239,0.129727605284639,0.0031892509789738,0.0001511387665968,0.999094918579647,0.809439385843486,0.02208791337126
0,0.0194551655065039,0.091846298031865,0.0257545824787764,0.0004962166584728,0.999195791307844,0.809677646990202,0.0221363023585396
0,0.0166745189562591,0.103909060676603,0.0078668736720585,0.0001627942214165,0.99905863675072,0.809460087221807,0.0221889423705019
0,0.0131238280067769,0.165281010974393,0.0077216069078786,0.0001906908837719,0.998993583662547,0.809337441320055,0.0220876447191425
0,0.0160342713439272,0.100674184478641,0.0108066850700406,0.0001906908837719,0.999278638668803,0.809610465158669,0.0222548885638128
0,0.043519989017195,0.170964718686701,0.0178056666704109,0.0001906908837719,0.999167597784729,0.809558646614192,0.02222729641104
0,0.0069441280994443,0.0932067599842791,0.0027217646188488,0.000339345700981,0.998988037395704,0.809515030502635,0.0220831724515395
0,0.0087394423106324,0.153278713305318,0.0034465983579643,0.0002367394839614,0.998963656931043,0.809246954163243,0.0236454003178091
0,0.0067138636072898,0.181636786891193,0.0024192972429713,0.0001755961144152,0.999016115371594,0.809361137237379,0.022095893919456
0,0.0082614406819323,0.100220697161169,0.0029209797625813,0.0001906908837719,0.99878825624215,0.808976013482196,0.0220047102301668
0,0.0134395836518451,0.0827160867067751,0.0108034632277411,0.0001071919697355,0.999180885715705,0.809553959509666,0.0222540668043946
0,0.0040368048773638,0.144632221785531,0.0037311076774234,0.0001906908837719,0.998970358670144,0.809313615205384,0.0220564494673822
0,0.0123157182036874,0.118360189860024,0.0046671452445158,0.0001906908837719,0.999018079674434,0.80937428716952,0.0220740066734134
0,0.0243587383502704,0.0662091483508178,0.006466486494998,0.0001906908837719,0.99921358558063,0.809563073324022,0.0224156847576634
0,0.0095506722287918,0.180125162499622,0.0083136678538784,0.0001906908837719,0.9990625653564,0.809399024665627,0.0224956956794782
0,0.0052636341228264,0.157027541796414,0.0042492922625723,0.0005886960049113,0.999140906375549,0.809487298467525,0.0222296510678345
0,0.0383356058171425,0.0410557184750733,0.0122417825932008,0.0001551513002233,0.999310991892051,0.809630645747598,0.0221895586900655
0,0.0023594310158158,0.179550745230825,0.0001742275708093,0.0001906908837719,0.998532088042364,0.808563418086599,0.0217938499240686
0,0.0095038705027441,0.139281071439369,0.0085192505870214,0.0006666538010826,0.999224215925412,0.80952349333025,0.0220975374382924
0,0.0067444407349743,0.171992623272969,0.0012423679785623,0.0001906908837719,0.998983531053895,0.8093283275057,0.0221193456690063
0,0.0083737648244467,0.160171720530882,0.0057826604063323,0.0001492280362985,0.998909927471006,0.809274425803656,0.0219981519578869
0,0.012823048914044,0.0933579224234362,0.0077241710397987,0.0001104402112426,0.999154425400978,0.809499537018231,0.0221510940280673
0,0.0167344251656001,0.0682649575233546,0.0028408428430396,0.0001906908837719,0.999220518414184,0.809605908251491,0.0230889743732903
0,0.031876343599552,0.0276022613900898,0.0152327332807084,0.0001906908837719,0.999011031293655,0.809372464406649,0.0219999851135121
0,0.0096218108523842,0.112162529854582,0.0028106871515183,0.0002182054000677,0.999149919059168,0.809556823851321,0.0222418352315159
0,0.0072336747779258,0.184992593040481,0.0034384077680151,0.000161074564148,0.999170833107053,0.809381317826309,0.0221445199527216
1,0.0041965547689398,0.178008888351422,0.0021593324498832,0.0001906908837719,0.998791260470023,0.809071317940882,0.0220072703268158
0,0.0077403814652684,0.120385766544729,0.00855628599479,0.0002373127030509,0.999130391577994,0.809270129291174,0.0220551694190576
0,0.0055388282719866,0.151767088913747,0.0032159478760177,0.0001906908837719,0.998870872508657,0.809024186500931,0.0220363005585704
0,0.0086233740300342,0.101520694137921,0.0099596153507299,0.0001366172163296,0.99897636712589,0.808870814025067,0.0220013915863625
0,0.0081578528616135,0.171932158297306,0.0021942303134929,0.0014622818973016,0.998971629689629,0.809314396389471,0.0220902680280544
0,0.0093647133706291,0.128820630649696,0.0057469875804619,0.0001906908837719,0.999026861263601,0.809508520635238,0.0222746265929154
0,0.0157753017931301,0.093841642228739,0.0072470373215703,0.0001276367839275,0.999189089568743,0.809557865430104,0.0221211314154343
0,0.0094714213060177,0.110016023218551,0.0141357322570288,0.0001906908837719,0.998910274112684,0.809228986929228,0.0220116003668271
0,0.0069790733882265,0.119660186836775,0.0066643310314716,0.0002157214506799,0.999161358234531,0.80952792004008,0.0222082221106982
0,0.0126121291353225,0.116213683223992,0.0054472674429808,0.0001906908837719,0.999012648954817,0.809460477813851,0.0221102589062088
0,0.0045666004162233,0.103999758140097,0.0033380532546393,0.0001255349805994,0.998917438040689,0.809198911341856,0.0219929211431287
0,0.0075369499627146,0.121806693472806,0.0066270295237256,0.0001906908837719,0.999216358714052,0.809574660887988,0.0221221428116413
0,0.0176380104898269,0.0682347250355232,0.0065194279541017,0.0001906908837719,0.999047775311486,0.809369990657038,0.0223063117397135
0,0.0089878034701919,0.142455482661668,0.0023505156065594,0.0001906908837719,0.999084750423769,0.809400847428498,0.0221549499761066
0,0.0186383193812188,0.138736886658403,0.0064583573486101,0.000203110630711,0.99897578938976,0.809319213691345,0.0220547269332171
0,0.0174676522070134,0.114913686247241,0.0090765131799989,0.0001906908837719,0.999166904501373,0.80958455588643,0.0221793025004037
0,0.0201621835813305,0.0305348127097379,0.0183126647770527,0.0002617700508693,0.999135244561481,0.809956008920081,0.0221154265087041
0,0.0066676859042561,0.148501980227953,0.0047962478633123,0.0001360439972401,0.999141368564453,0.809525055698425,0.0222228399465028
0,0.0064211968137384,0.100825346917798,0.0157131194852895,0.0008116782307248,0.999030789869281,0.809797298352952,0.0221088840394899
0,0.0251506235549967,0.104725337848052,0.0472955159649822,0.0002443824051546,0.99898029573157,0.809417903281077,0.0220286518747548
0,0.020751261306517,0.0545998730235511,0.0049249059393029,0.0001240063963607,0.999188511832614,0.809509171621978,0.0221137197776047
0,0.0083787570085584,0.0978927955981498,0.0040325010346176,0.0001207581548536,0.999078510873572,0.809432094792002,0.0220606846889991
0,0.0174314588722032,0.138495026755752,0.024996201002123,0.0002195429112765,0.999233113061805,0.809511124582197,0.0221588217272116
0,0.0094782855591714,0.0869486350031744,0.0045358358652527,0.0002963542692689,0.999117796930372,0.809450322420712,0.0221000975349414
0,0.0178395699233388,0.110046255706382,0.0120949628925602,0.0002841255953596,0.999014035521528,0.809376370327087,0.0220138285990957
0,0.0164823198679567,0.128095050941742,0.0111483571495151,0.0001906908837719,0.999193711457778,0.809594320687525,0.0221570833899807
0,0.0088374139238255,0.0927835051546392,0.0044116027361328,0.0004671735579384,0.9991737217877,0.809464383734289,0.0221181446360104
0,0.0102333534060736,0.118329957372192,0.0058717258798105,0.0001192295706149,0.99925206280685,0.809476492087647,0.0223391821164417
0,0.0075974801950695,0.185294917918796,0.0005425638434968,0.0001906908837719,0.999033100813799,0.809357361514289,0.0221554240680786
0,0.0070564522419586,0.135955497777912,0.002507947340875,0.0001648960247447,0.998752898791029,0.80881769350711,0.0217676642441462
0,0.0081934221734097,0.164313571363788,0.0007937007202842,0.0001175099133464,0.998986535281768,0.809332233426138,0.0221927035001468
0,0.0068043469443153,0.13740665719382,0.0045868844468263,0.0001207581548536,0.998724705267913,0.809027571631977,0.0220849740010333
0,0.006270807267372,0.125918311817879,0.0041080391698125,0.0002774380393155,0.999031136510959,0.809516462673462,0.0221996252429386
0,0.0161016658294358,0.0895788614445083,0.008676862415874,0.0001003133406616,0.999161358234531,0.809489251427744,0.0221579683616619
0,0.0347474734868222,0.0452882667714726,0.0229433635353724,0.0001906908837719,0.999120801158245,0.809394858350493,0.0221268837313617
0,0.0157316201821523,0.0848625933428062,0.0033791300048057,0.0001906908837719,0.999267892776796,0.80968155291064,0.0221980449363651
0,0.0112505109188427,0.130846207334402,0.0040228390637507,0.0001906908837719,0.999097345071391,0.809372985196041,0.0220919115468908
0,0.0790325147191428,0.0258790095836986,0.197742242271293,0.0001906908837719,0.999498640586887,0.80980810473283,0.0221416121886265
0,0.0180105522291662,0.0622486924449013,0.0290127904473237,0.000903393285044,0.999011262388107,0.809560859969107,0.0220830460270137
0,0.0044942137466029,0.155636847356169,0.0018218447507744,0.0001906908837719,0.99864393775702,0.809050095773169,0.0230650011225708
0,0.0128979316757202,0.0859811953925688,0.0189191758612354,0.0041566026909579,0.999146914831295,0.80990314879682,0.022257496069659
0,0.0194046196423724,0.0757928469933791,0.0212318570994107,0.0001906908837719,0.998466341670836,0.807911129373459,0.021965439611816
0,0.0096704846474738,0.148048492910482,0.0037219848242557,0.0001906908837719,0.99905863675072,0.809376500524435,0.0221428606308195
0,0.0071712724765289,0.176648426399008,0.0079045883984418,0.0001906908837719,0.999148879134135,0.809485866296698,0.022345297902881
0,0.0224673245949311,0.0473743084318408,0.02376855841413,0.0001744496762363,0.999038531533416,0.809548491221053,0.022112629366069
0,0.0165422260772977,0.0532091785833056,0.0064284925909913,0.0002694129720626,0.999188396285388,0.809589893977696,0.0237832504602129
0,0.0263755807314174,0.0726789007467424,0.0439996500888286,0.0001406297499561,0.99918019243235,0.809560208982367,0.0223073073328548
0,0.0145359920873882,0.151948483840735,0.0034544305465711,0.0001906908837719,0.999171179748731,0.809531956157866,0.0223651623565095
0,0.0052380491792537,0.0897602563714968,0.0030892339582523,0.0001906908837719,0.998875956586596,0.809065198665529,0.0219762014995813
0,0.0083176027531895,0.163648456631496,0.0137343977022555,0.0001167456212271,0.999205150633141,0.809490553401224,0.0233519531901815
0,0.0098414669533012,0.136832239925023,0.0016190882854282,0.0001906908837719,0.999166904501373,0.80944290117188,0.0222726828158301
0,0.0071307109806209,0.201287903981619,0.0056087304928512,0.0003569244197255,0.999006640499072,0.809375979735043,0.0224724651728482
0,0.0096442756808871,0.137557819632978,0.0025948330447488,0.0001551513002233,0.999183658849126,0.809501099386406,0.0221789706360233
0,0.0066321165924599,0.173746107567192,0.0037000421664892,0.0001906908837719,0.999049277425423,0.80942337156969,0.0224741877070132
0,0.0052648821688543,0.240983160504278,0.000539839767885,0.0001830479625787,0.998821996032108,0.809095013858206,0.0225895658899423
0,0.0090695504850218,0.123771805181848,0.0033353374958663,0.0001906908837719,0.999554218802538,0.809939734251589,0.0241933400160284
0,0.0145054149597037,0.0538440608277655,0.0292049375217287,0.0002627254160185,0.998975904936986,0.809643925877088,0.0221380248927047
0,0.0127662628197728,0.103304410919975,0.0114342982671803,0.0001906908837719,0.998939045371929,0.809339394280274,0.0234010691184849
0,0.0326651086892085,0.0230069232397134,0.0520005907357316,0.0001906908837719,0.997891263127609,0.807264959935672,0.0221649217105851
0,0.0075438142158682,0.206246031985972,0.0048881486404051,0.0003622744645608,0.999032985266573,0.809359314474508,0.0225980837423733
0,0.0078158882499586,0.176618193911177,0.0058758962303687,0.0001906908837719,0.998664851804905,0.808897764876089,0.0226738278364397
0,0.0151138373983233,0.103032318529492,0.0101698302133024,0.0001184652784956,0.999245014426071,0.809589633583,0.0226892200224653
0,0.0135132183674934,0.135532242948272,0.0112284815160712,0.0001906908837719,0.999051472822715,0.809360876842683,0.0232275988659151
0,0.0111001213724762,0.109925325755056,0.0027304569784501,0.0001906908837719,0.999116063721984,0.809434959133656,0.0222653343902634
0,0.0181565736144349,0.0766393566526589,0.0082165288480137,0.0001906908837719,0.999190476135454,0.809574400493292,0.0221603862307193
0,0.0059762684047787,0.144057804516734,0.0073644346893245,0.0002118999900833,0.999038878175093,0.80939069203536,0.0221419914622041
0,0.0079188520472635,0.139281071439369,0.0037879814661548,0.0001715835807888,0.999023510394051,0.809460738208547,0.0224027894560239
0,0.0070333633904418,0.178462375668894,0.0023560420876362,0.0001906908837719,0.99907180913447,0.809406576111807,0.0221212262338287
0,0.012282644983947,0.0948090818393445,0.0157226979768587,0.0001906908837719,0.999235192911871,0.809592497924654,0.0221200726100301
0,0.0115413056433521,0.190887928167609,0.0036541082464495,0.0001922194680106,0.99906002331743,0.809373245590737,0.0221725387882693
0,0.0155968312111351,0.0839858511956949,0.0064771242953278,0.0001637495865657,0.999085559254351,0.80937363618278,0.022154744536252
0,0.0193503296401571,0.0687184448408259,0.0142290436710252,0.0001906908837719,0.999103353527137,0.809481699981564,0.0220198653702063
0,0.0170876221915064,0.113341596880007,0.0112726142964218,0.0001559155923426,0.999118721308179,0.80954367391918,0.0221841066323871
0,0.0065734584291468,0.0947788493515131,0.0070310546147095,0.0006421964532642,0.999158238459432,0.809733371455117,0.0221052967435681
0,0.008227119416164,0.170390301417904,0.0024803358247471,0.0001129241606305,0.998936387785734,0.809288617314581,0.0220124695354425
0,0.0135943413593093,0.150497324424827,0.0074050611448527,0.0001906908837719,0.999013688879851,0.809314396389471,0.0220968421034001
0,0.0109235228595231,0.133718293678387,0.0037947807733393,0.0001906908837719,0.999318386914508,0.809626870024508,0.0222492626724112
0,0.0111194660859092,0.104604407896726,0.0117254381669287,0.0001503744744775,0.999203186330301,0.80960408548862,0.0222770286589071
0,0.0069403839613605,0.105299755116849,0.0025457973324797,0.0008210408091866,0.998945284922127,0.809351372436284,0.0220819714185437
0,0.0157116514457053,0.0816579496326753,0.0043854126027306,0.000335906386444,0.999072271323374,0.809432745778742,0.0223781682796092
0,0.0058071581679932,0.204220455301267,0.0010761836458598,0.0002766737471962,0.999006524951846,0.80934343039806,0.0221172122551321
0,0.0094995023416463,0.110862532877831,0.0033718923341489,0.0001906908837719,0.998986073092864,0.809254115017379,0.022337317354685
0,0.0159519003060833,0.134867128215981,0.0090359745370746,0.0001906908837719,0.999157082987173,0.809518676028377,0.0221424971603076
0,0.0044293153531502,0.141729902953714,0.0008679002525039,0.0001570620305216,0.999002711893391,0.80934785710789,0.0221405849893537
0,0.0122913813061426,0.17794842337576,0.00189109506437,0.0001906908837719,0.999039455911223,0.809351242238936,0.0221664230018299
0,0.0149497193456495,0.126613659038002,0.0017570427411528,0.0001906908837719,0.999269625985184,0.80955122536536,0.022283112839215
0,0.0119375602572223,0.144299664419385,0.009725957709743,0.0001906908837719,0.999140213092194,0.809502922149277,0.0222671675458887
0,0.0079849984867441,0.14632524110409,0.0072956832500329,0.0003355242403843,0.999094109749066,0.809474539127428,0.0220784947440821
0,0.0666387936387094,0.0228557608005563,0.0795263641032093,0.0001436869184334,0.999295508563783,0.809623224498766,0.0221205941111993
0,0.0040973351097188,0.140671765879614,0.0007626605485036,0.0001906908837719,0.999129351652961,0.809379885655481,0.0237952923963028
0,0.0134264791685517,0.161018230190162,0.0207884228427323,0.0002801130617332,0.999187356360355,0.809533778920737,0.0220910897874726
0,0.0063063765791682,0.167367052634761,0.0009612782012106,0.0001184652784956,0.999014728804883,0.809383661378571,0.0222307572824359
0,0.0089229050767392,0.170541463857061,0.003139418948823,0.0002690308260029,0.999038531533416,0.809366475328644,0.0228585656748784
0,0.0196217796512335,0.124799709768117,0.0187804151190816,0.0001131152336603,0.999143795056196,0.809468289654727,0.0221121710771627
0,0.0117709461124926,0.0820207394866523,0.0002408244824909,0.0001906908837719,0.999190476135454,0.80947440893008,0.0221177653624328
0,0.0332248573327384,0.0287208634398525,0.0232147778755739,0.0001906908837719,0.999338492131812,0.809618016604849,0.0226167787691374
0,0.0061428825495084,0.14015781358648,0.0011559624361053,0.0001650870977745,0.99902408813018,0.809395899929277,0.022050144044154
0,0.0075537985840917,0.156664751942437,0.0007448285271702,0.0001834301086383,0.999132355880834,0.80952792004008,0.0221183974850622
1,0.0171313038024842,0.0654533361550322,0.0361627782467739,0.0002176321809782,0.998690503289052,0.80855326269346,0.0222686214279363
1,0.0074651873161082,0.178885630498534,0.0083782756031323,0.000110058065183,0.99886463295846,0.809045799260687,0.0220433961350853
0,0.0062371100246177,0.118209027420866,0.0045589126250332,0.0001782711368329,0.999020737260629,0.809289138103973,0.0220244324562037
0,0.009326023943763,0.134111316020195,0.0071356909592605,0.0001906908837719,0.998925872988178,0.808996584663169,0.022177737996896
0,0.006928527524095,0.104362547994074,0.0091320848393682,0.0001150259639586,0.998943898355416,0.809173132266965,0.0220079814647738
0,0.0081640930917532,0.172174018199958,0.0098147281297629,0.0021501448046956,0.998986881923445,0.809354106580591,0.0221614608391892
0,0.0101609667364532,0.109623000876742,0.0075018477538216,0.0001232421042414,0.9990398025529,0.809448239263146,0.0222154915209362
0,0.0147500319811795,0.0708951839646884,0.0122323876550409,0.0001694817774606,0.999210696899983,0.809590935556479,0.022128116370489
0,0.0110895129812387,0.103546270822626,0.0143333551536351,0.0001906908837719,0.998558663904318,0.808832926596818,0.0218267203007968
0,0.0065216645189874,0.150315929497838,0.0057265952164222,0.000239414506379,0.999045579914195,0.809400326639107,0.0220457665949455
0,0.0134788971017251,0.0911207183239109,0.0065236783056536,0.0001906908837719,0.999019928430048,0.809400847428498,0.0221031791327597
0,0.0044286913301362,0.107990446533845,0.0033421358508893,0.0001167456212271,0.998757405132839,0.809117277604702,0.0217839888110502
0,0.013999956318389,0.092843970130302,0.0122834438539061,0.0001906908837719,0.999148301398006,0.80955565207519,0.022071114712384
0,0.0186976015675458,0.0578952141971763,0.0095412842477156,0.0001906908837719,0.999065107395369,0.809369600064995,0.0221172122551321
0,0.0083537960879997,0.129636907821145,0.0041565032354381,0.0001503744744775,0.999065222942595,0.809491074190615,0.0221452784998769
0,0.0126271056876578,0.158750793602806,0.0104303729878223,0.0001580173956707,0.99897243852021,0.809277550540007,0.0221359704941592
0,0.0129085400669577,0.123318317864377,0.0046391990533544,0.0001906908837719,0.999063605281432,0.809430141831783,0.0220857167451228
0,0.0093129194604697,0.0524835988753514,0.0037415704160695,0.0002692218990328,0.999207230483207,0.809964211353,0.0222083485352241
0,0.0075375739857285,0.138978746561054,0.006499604244198,0.0001660424629237,0.999038184891738,0.809375198550956,0.0220735957937043
0,0.0094782855591714,0.0644254315687638,0.0237509546589303,0.0011057396236358,0.999041651308515,0.809810969074484,0.0221319249093311
0,0.0119019909454261,0.0730416906007195,0.0150206558931811,0.0006716216998582,0.998989192867963,0.809421028017428,0.0221921187867146
0,0.0188598475511777,0.0616742751761042,0.0050414470418677,0.000145215502672,0.999120338969342,0.809482611363,0.0220680173115
0,0.010624615835832,0.15714847174774,0.0044293740134521,0.0001171277672868,0.999049855161552,0.809424543345822,0.0221083783413864
0,0.0063082486482101,0.177041448740817,0.0117789347555894,0.0001906908837719,0.998867290544655,0.809095274252902,0.0219457015827134
0,0.0116492616247687,0.0894579314931826,0.0228008679302164,0.0002097981867551,0.99870402231448,0.808940339408862,0.0219528287653597
0,0.0116973113968443,0.136862472412855,0.012895937659955,0.0003127865498344,0.999009991368622,0.809421679004167,0.0222573222359359
0,0.0163818521627078,0.154548477794238,0.0173933590767502,0.0001906908837719,0.998857700124907,0.809122615695967,0.0219915462764097
0,0.0100099531670728,0.0761254043595247,0.0031616460308168,0.0004956434393833,0.999187356360355,0.809502010767841,0.0221089314486871
0,0.0192117965310561,0.0614928802491157,0.0276421743274226,0.0001412029690455,0.999219478489151,0.809632728905165,0.0221505093146351
0,0.0094377240632634,0.151978716328567,0.0009985969061582,0.0001906908837719,0.999050086256004,0.809385484141442,0.0221116021667963
0,0.0071556719011797,0.123439247815703,0.0055818295806428,0.0001746407492661,0.998952679944584,0.808981221376113,0.0224828319839701
0,0.0123444232623299,0.137436889681652,0.0089465782749361,0.0001906908837719,0.998987921848478,0.809333535399617,0.0220706090142805
0,0.0103687664001048,0.144148501980228,0.0127262184570185,0.000128210003017,0.998770346422138,0.809065979849617,0.0220713201522385
0,0.0073803201862084,0.108202073948665,0.0058959974467553,0.0003544404703377,0.999043268969677,0.809638197193779,0.0221679400961405
0,0.0206938511892319,0.0701998367445657,0.0205932827556856,0.0001906908837719,0.999135013467029,0.809511905766284,0.0220926542909804
0,0.0164105572213503,0.101369531698763,0.009402487712064,0.0001108223573023,0.999081168459767,0.809357621908985,0.0221262041995351
0,0.0178489302685483,0.0884300269069142,0.0122677628818786,0.0001906908837719,0.999136515580966,0.809448499657841,0.0220647776830244
0,0.0102589383496463,0.134474105874172,0.0035011660505283,0.0001906908837719,0.998975211653631,0.809281326263097,0.0220224728760526
0,0.0567268120848297,0.0316231822716691,0.140213207898532,0.0001906908837719,0.99951007976225,0.809860053474655,0.02212555627384
0,0.015458298102034,0.0741602926504822,0.0336463645389028,0.0026708188109869,0.999035758399994,0.809483522744435,0.022112629366069
0,0.006709495446192,0.141518275538894,0.0035234722785136,0.0001906908837719,0.99902408813018,0.809322859217087,0.0223700613068873
0,0.0769220688859005,0.0298092330017837,0.188214565032513,0.0028225307966732,0.999361948218666,0.809927235306188,0.0222433839319579
0,0.0089746989868986,0.113009039513862,0.0029121779432771,0.0001906908837719,0.997731230219759,0.807148954098665,0.0223256546921728
0,0.0084449034480391,0.168576352148018,0.0021914860870357,0.0001906908837719,0.999027554546957,0.809363220394946,0.0220948351140517
0,0.0063344576147968,0.180367022402273,0.0058691756805384,0.0001127330876006,0.999027207905279,0.809347987305238,0.0220697872548623
0,0.0225727844842918,0.0302929528070865,0.010034051329899,0.0001240063963607,0.999051588369941,0.809511124582197,0.0221027840561163
0,0.0268660628203968,0.0417812981830275,0.0457257704347427,0.0001094848460935,0.999235886195226,0.809615022065847,0.0224833692882051
0,0.0215637392707043,0.0717719261117997,0.031281715883355,0.0001131152336603,0.999249520767881,0.809587941017477,0.0222235668875266
0,0.0099575352338994,0.182513529038305,0.0034194050544634,0.0001906908837719,0.99914171520613,0.809484173731175,0.0221337580649563
0,0.0127874796022477,0.0919672279831907,0.0255724500830439,0.0001203760087939,0.999237966045292,0.809598747397355,0.0221100534663543
0,0.0104835866346751,0.132690389092118,0.0014377632837412,0.0001906908837719,0.999133049164189,0.809427537884824,0.0220495909368533
0,0.0074726755922758,0.15947637331076,0.0022038025480012,0.0002277590515593,0.998976251578664,0.809370641643778,0.022102863071445
0,0.0110477034393028,0.115850893370015,0.0012710954084773,0.0001501834014476,0.999162167065112,0.80970733198553,0.0221867141382333
0,0.0067962346451337,0.143785712126251,0.0029809511656908,0.0001906908837719,0.99905413040891,0.809466727286552,0.0221589323486717
0,0.0126289777566997,0.109955558242888,0.0168066562541374,0.0001448333566123,0.9991442572451,0.809567239639156,0.0225963454051425
0,0.0137746840103463,0.104120688091423,0.0068259102839025,0.0001180831324359,0.999592118292628,0.809950019842076,0.0224366080166961
0,0.0119275758889988,0.0513649968255888,0.020290735009609,0.0003666691442469,0.9989875752068,0.809988688454412,0.0222872848485689
0,0.0093890502681738,0.17286936542008,0.0015416865953896,0.0001906908837719,0.998325027413579,0.808670961095991,0.0220113001085781
0,0.0421309137881005,0.0191371647972912,0.0815187413388213,0.0001906908837719,0.998544451595534,0.808810923245018,0.0230331579451153
0,0.0072904608721969,0.193548387096774,0.003492786660566,0.0004190231544208,0.999050663992133,0.809459175840372,0.0225015586168657
0,0.0114152529945304,0.134292710947184,0.0137600499227342,0.0001155991830481,0.999075968834602,0.809430272029131,0.023513586946516
0,0.012502925107878,0.116999727907609,0.0081763567483839,0.000125917126659,0.999177997035058,0.80954810062901,0.0221472538830938
0,0.0030483524232373,0.146808960909393,0.0025031871943102,0.0001566798844619,0.99894043193864,0.809414908742075,0.0221938097147482
0,0.0101647108745371,0.172687970493092,0.0026008939410131,0.0001906908837719,0.999064183017562,0.809386786114922,0.0222518859813232
0,0.0078433452625732,0.137043867339843,0.0011631799170529,0.0001906908837719,0.9989157048323,0.809334446781053,0.0225386800182766
0,0.0069160470638157,0.186111195090244,0.0041664040239421,0.0001234331772712,0.99897186078408,0.809307886522075,0.023055219024881
0,0.0215069531764331,0.046739426187381,0.0238128721828835,0.0001496101823581,0.99887780534221,0.809176257003315,0.0222765071577379
0,0.0160274070907735,0.102276506333706,0.0126067391591068,0.0001906908837719,0.999063027545303,0.809422460188255,0.0221001765502701
0,0.0075600388142314,0.213169271699368,0.003271989922575,0.0001280189299872,0.999054592597813,0.809402149401978,0.0265842490432942
0,0.0098439630453571,0.105723009946488,0.0026690352779979,0.0001906908837719,0.999038069344512,0.809518936423073,0.0220915954855761
0,0.0360061279059972,0.0234301780693533,0.0843571701222443,0.0001060455315565,0.998549651220699,0.80883032264986,0.0220915954855761
0,0.0117378728927523,0.132902016506938,0.004273178787086,0.0001906908837719,0.999049508519875,0.809383270786527,0.0221822260675646
0,0.0094121391196907,0.130664812407413,0.0053268129762898,0.0001906908837719,0.998975327200857,0.809271431264654,0.0220300583476052
0,0.0105715738796447,0.109925325755056,0.004046615040377,0.0001167456212271,0.999078164231894,0.80946998222025,0.0221276264754513
0,0.0218595261793255,0.0666626356682891,0.0169876819662193,0.0001906908837719,0.999175917184992,0.809529222013559,0.0220961625715735
0,0.0045266629433293,0.143664782174925,0.0044767989600264,0.0002654004384361,0.998828351129532,0.80910542964604,0.021826767709994
0,0.0101902958181098,0.125918311817879,0.008636611111957,0.000245146697274,0.999009644726945,0.809440297224922,0.022149023826456
0,0.0147475358891236,0.102971853553829,0.0183207581688065,0.0001255349805994,0.999158354006658,0.809488209848961,0.0222557577324282
0,0.0113328819566866,0.0935393173504248,0.0152176354589892,0.0001012687058107,0.999205497274819,0.809579087597817,0.0221120762587683
0,0.0081934221734097,0.202497203494876,0.000879432831982,0.0001601191989989,0.998997743362678,0.809310620666381,0.0220489904203554
0,0.0124636116579979,0.0781207485563987,0.0071636238590254,0.0001540048620443,0.999092838729581,0.809399936047063,0.0220979009088043
0,0.0132692253690316,0.0892160715905312,0.0089485940978843,0.0001906908837719,0.999123689838892,0.809398113284192,0.0221454365305343
0,0.0168816945968967,0.0710463464038456,0.0132400950168362,0.0002617700508693,0.999041304666837,0.809502010767841,0.02206360825616
0,0.0230738749645087,0.110197418145539,0.0569208595904791,0.0006993272891838,0.999171641937635,0.809717357181321,0.0221225852974819
0,0.0076118327243908,0.174592617226472,0.0014455076597442,0.0001027972900494,0.998720892209459,0.808842170608522,0.0219399966759831
0,0.0094121391196907,0.135229918069958,0.0047358528066533,0.0001906908837719,0.998990001698544,0.809349419476065,0.0220660893374803
0,0.0132642331849199,0.163074039362699,0.0036136827747147,0.0001906908837719,0.999303481322369,0.809603955291272,0.0221339477017451
0,0.0193584419393387,0.063730084348641,0.0073745848664008,0.0001906908837719,0.999283491652291,0.809657466401272,0.0222658400883669
0,0.0068648771766702,0.145146174078665,0.0012838575587286,0.0008036531634719,0.998919864532432,0.809004396504045,0.0220231524078791
0,0.0161347390491761,0.0804486501194183,0.003813372405759,0.0004385126034636,0.999048699689293,0.809482481165652,0.0221206415203965
0,0.0073023173094623,0.169422861807298,0.0019816745134168,0.0002109446249341,0.999030674322056,0.809435219528352,0.0221444093312615
0,0.0081004427443284,0.0966532635970614,0.0038295140101776,0.0001906908837719,0.99890981192378,0.809156336809082,0.02204812125174
0,0.0199225587439665,0.128609003234876,0.0174791442957387,0.0001906908837719,0.999014382163206,0.809397462297452,0.0220271979927072
0,0.0047712799648051,0.142818272515645,0.0015436753303162,0.0001532405699249,0.998966083422786,0.809350721449544,0.0220639717266719
0,0.0171119590890512,0.156453124527617,0.0056589742453856,0.0001906908837719,0.998980642373248,0.809292393037671,0.0220223464515267
0,0.0183493967257512,0.111164857756145,0.0008833674351381,0.0001906908837719,0.99920769267211,0.80952792004008,0.0221275158539911
0,0.0046683161675002,0.116485775614475,0.0009698289413701,0.0001068098236758,0.998941471863673,0.80928549257823,0.0219669092969293
0,0.0043432001772225,0.155999637210146,0.005838170233503,0.0003011310950146,0.998807321534421,0.809084467873023,0.021957158805371
0,0.0358033204264573,0.046739426187381,0.0690760942833703,0.0001245796154502,0.999302094755658,0.809654862454314,0.0221338686864165
0,0.0027463252844764,0.211476252380808,0.0006038180412614,0.0001906908837719,0.998065739438695,0.80723358237482,0.0216975460414814
0,0.0115182167918353,0.164827523656922,0.0187078400325906,0.0002755273090172,0.998896177351126,0.809196697986941,0.0219601455847949
0,0.0086776640322495,0.141397345587568,0.0020705320076298,0.0001507566205371,0.99902408813018,0.809422199793559,0.022117575725644
0,0.0088748553046636,0.18538561538229,0.0007834236531208,0.0002504967421093,0.999004791743457,0.809345122963583,0.0220994338061805
0,0.0188367586996608,0.0672370529370862,0.0212592848289468,0.0001094848460935,0.999158816195561,0.809500578597014,0.0221165959355684
0,0.0142464454089067,0.0737370378208423,0.0023963818454087,0.0001906908837719,0.999085905896028,0.809444984329447,0.0220352891623634
0,0.0183425324725976,0.0432022251111044,0.0096267234823243,0.0001906908837719,0.998995316870935,0.809380536642221,0.0219946594803595
0,0.0050009204339456,0.207062309157421,0.0017823366380166,0.0001144527448691,0.998770230874912,0.80891091480823,0.0218756781984429
0,0.0072642519056102,0.162832179460048,0.0021577643565668,0.0001952766364879,0.999142755131163,0.809583253912951,0.0221860662125382
1,0.007409025244851,0.191250718021586,0.003636744435935,0.0001906908837719,0.998944013902642,0.809159201150736,0.0220072071145528
1,0.0020243306573146,0.157511261601717,0.0007873666119794,0.0002141928664412,0.99869223649744,0.808738663716916,0.0221256985014316
0,0.0075425661698403,0.0970765184267013,0.0081038249949547,0.0001627942214165,0.998985957545638,0.809198520749812,0.0220703877713602
0,0.00778780721433,0.108443933851317,0.0039816335969018,0.0001906908837719,0.999142755131163,0.809483913336479,0.0220725211852344
0,0.0066851585486472,0.0899114188106539,0.0074067036816489,0.0001906908837719,0.999007333782427,0.809308537508814,0.0223386606152724
0,0.0148380192261491,0.0688393747921516,0.0009559244694253,0.006499158036694,0.999042113497418,0.80938626532553,0.0222055197864576
0,0.0080630013634902,0.131692716993681,0.0065729964989633,0.0001906908837719,0.99897578938976,0.809331712636746,0.0220324920197284
0,0.0176779479627209,0.115488103516038,0.0247975244514293,0.0001893533725631,0.999202493046946,0.809598747397355,0.0221195669119266
0,0.0067369524588066,0.14844151525229,0.0055904877595912,0.0002426627478862,0.99820035195685,0.808343775160637,0.0229852114436763
0,0.0074576990399405,0.146295008616259,0.0096148352025332,0.0002193518382467,0.99910774432172,0.809459826827111,0.0224025524100378
0,0.017574984165416,0.069504489524443,0.0105368784835946,0.0001906908837719,0.999146337095166,0.809499667215579,0.0221376614221928
0,0.0059812605888905,0.0937207122774133,0.0041572370215741,0.0001331779017926,0.998946902583289,0.809322729019739,0.0221439668454209
0,0.0220910387175079,0.057804516733682,0.0186080131138173,0.0001906908837719,0.999185969793644,0.809573749506552,0.0221920239683202
0,0.0081765735520326,0.108383468875654,0.0049686685231682,0.0001906908837719,0.999062796450851,0.809472065377817,0.022103100117431
0,0.011004021828325,0.0887323517852284,0.0036875875838179,0.0002522163993777,0.999121725536052,0.809561250561151,0.0221200726100301
0,0.0127294454619486,0.185567010309278,0.0036269097546403,0.0003985783402288,0.998998783287711,0.809342258621929,0.0222863840738221
0,0.0083032502238682,0.114853221271578,0.0007046896754636,0.0001906908837719,0.999033216361025,0.809341737832537,0.0221345798243745
0,0.0154501858028524,0.0302324878314236,0.0212889370796755,0.0002665468766151,0.999193480363327,0.810111073961468,0.0220331557484892
0,0.0051943675682759,0.157511261601717,0.0032997623151241,0.0001855319119665,0.999099771563134,0.809463732747549,0.0223175635225166
0,0.0072392909850515,0.0517580191673973,0.0183785395034225,0.0008858145662995,0.998981913392732,0.809849377292124,0.0221104959521948
0,0.0088929519720687,0.0694742570366115,0.0123234050011952,0.0012459872275322,0.998958226211426,0.809344732371539,0.0220177477593979
0,0.0180916752209822,0.0594370710765789,0.0044126695650256,0.0001517119856863,0.999101735865974,0.809510343398109,0.0221327782748808
0,0.0064548940564928,0.137285727242495,0.0023514523779709,0.0001906908837719,0.998971629689629,0.809308667706162,0.0220261707934345
0,0.0055219796506095,0.161743809898116,0.004518780108115,0.0002055945800988,0.998983877695572,0.808979659007938,0.0223735221782832
0,0.0100224336273522,0.0646672914714152,0.0186404641751157,0.0002959721232092,0.999087523557191,0.809403451375457,0.0222279759428666
0,0.0097784406288903,0.138404329292257,0.0097502558206172,0.0004444358673884,0.999000169854422,0.809428839858304,0.0220428904369818
0,0.0265484351062867,0.0826253892432808,0.0168599484584281,0.000107765188825,0.999042922327999,0.809428579463608,0.0229378496556694
0,0.0078308648022939,0.0514859267769145,0.0033245779937578,0.0005445581350202,0.999054592597813,0.809183808449495,0.0220305166365115
0,0.0137459789517037,0.0905463010551138,0.0053157079755982,0.0002682665338836,0.999176957110025,0.809461519392635,0.0220810864468626
0,0.0191450260685614,0.0691416996704659,0.0070553725655192,0.0001906908837719,0.999076893212409,0.809416340912902,0.0220928439277692
0,0.0192972876839698,0.0682044925476917,0.0399740725893168,0.0003353331673545,0.999127849539024,0.809500318202318,0.0221477437781315
0,0.0117129119721935,0.120174139129909,0.0057325651715522,0.0001906908837719,0.999077355401313,0.809393946969058,0.0221299969353115
0,0.0050676908964402,0.147020588324213,0.0040934189445036,0.0002558467869445,0.998828928865661,0.809103086093778,0.0218540121953206
0,0.0045971775439078,0.136499682558878,0.0023338105168813,0.0003183276676995,0.998959728325362,0.809466597089204,0.0220303428027884
0,0.017375296800946,0.0659975209359978,0.0135022932697753,0.0001906908837719,0.999137324411547,0.809479096034605,0.0221193456690063
0,0.0111369387303004,0.130785742358739,0.0033028302764742,0.0001906908837719,0.999066956150983,0.809401628612586,0.0220838203772347
0,0.0103843669754541,0.136560147534541,0.0078875015114542,0.0001906908837719,0.998936849974637,0.80921687857587,0.0220512976679526
0,0.0753875962945514,0.0357348006167428,0.179132266869319,0.0001148348909288,0.999520594559805,0.809923589780446,0.0221268205190988
0,0.0119044870374819,0.0763672642621761,0.0285057089974074,0.001972637959982,0.998394009107432,0.808708327734847,0.021992541869551
0,0.0148280348579256,0.126734588989328,0.0130537363067704,0.0001906908837719,0.999347504815431,0.809685458831078,0.0221949791416125
0,0.0551056002945389,0.0075883544456873,0.0850056395803684,0.0021986773542729,0.998941702958124,0.80847019678548,0.0219808001917101
0,0.0118246120916939,0.109683465852405,0.0071225754405201,0.0005575511010487,0.998831817546308,0.809111939513437,0.0222132632886676
0,0.0119119753136496,0.123015992986063,0.0030517779866009,0.0001562977384022,0.999057365731235,0.809383400983875,0.0221147311738117
0,0.0073328944371468,0.160564742872691,0.0033773731503399,0.0001906908837719,0.998989423962415,0.8091835480548,0.0222371733271242
0,0.0052985794116087,0.082353296852798,0.0006012445043179,0.0003475618412637,0.999015306541013,0.809365563947209,0.0221649217105851
0,0.0053397649305306,0.212443691991414,0.0048572938486292,0.0001173188403166,0.999078164231894,0.80947375794334,0.0220859695941746
0,0.0346794549782996,0.0372464250083139,0.0488565127054805,0.0001906908837719,0.999174646165507,0.809510213200761,0.0221130244427124
0,0.0217166249091266,0.0877649121746228,0.0024612167920437,0.0001906908837719,0.999091914351774,0.809421679004167,0.0220726476097602
0,0.0135681323927226,0.0937509447652447,0.0209930749837973,0.0001906908837719,0.998790913828345,0.809162976873826,0.0219902030158223
0,0.0137965248158352,0.102971853553829,0.0031849319552063,0.0001906908837719,0.999243512312135,0.809569843586114,0.0221155055240327
0,0.0139781155129001,0.0885811893460713,0.0194034056501107,0.0003569244197255,0.999018426316112,0.809376500524435,0.0221705792081182
0,0.0116467655327128,0.128185748405236,0.0009278669919654,0.0001303118063451,0.999063605281432,0.809399545455019,0.0232365434011209
0,0.0126863878739848,0.059376606100916,0.0050823175033413,0.0001371904354191,0.999025243602439,0.809606949830275,0.022032808081043
0,0.0156629776506158,0.0454091967227983,0.0100143355834446,0.0001906908837719,0.998907038790359,0.809371032235822,0.0220047892454954
0,0.0089584743885354,0.161774042385948,0.0060113500769442,0.000826199780992,0.999014728804883,0.809400326639107,0.022182921402457
0,0.0376597888930144,0.0596184660035674,0.0220238691710799,0.0001906908837719,0.99937026761893,0.80961293890828,0.0221256194861029
0,0.0086158857538666,0.0759137769447048,0.0075105969322,0.0019481806121635,0.99906984483163,0.80957830641373,0.0221628831151054
0,0.0129753105294523,0.12570668440306,0.0036125157356873,0.0001906908837719,0.999192324891068,0.809506046885627,0.0221066400041556
0,0.0226071057500601,0.11319043444085,0.0187698176010107,0.0001306939524048,0.999196715685651,0.809613850289715,0.0239010307091337
0,0.0095044945257581,0.140732230855277,0.0084230919382444,0.0003794710372456,0.999003520723973,0.809383791575919,0.022050981606638
0,0.0104536335300046,0.14227408773468,0.007020479423853,0.0001906908837719,0.99890195471242,0.809081082741977,0.0220438386209259
0,0.0096561321181525,0.136953169876349,0.0034198953787462,0.0001906908837719,0.999038184891738,0.809359314474508,0.0221770584650694
0,0.0236579605055834,0.0510324394594431,0.041300658470826,0.0001906908837719,0.999498178397984,0.809754463425482,0.0228586920994042
0,0.0062021647358354,0.161925204825105,0.005190906969617,0.0001906908837719,0.999115717080306,0.809435740317744,0.0229589625514909
0,0.0117310086395986,0.135864800314418,0.0014835407383933,0.0001906908837719,0.999012648954817,0.809339524477622,0.0232745813803444
0,0.0067587932642955,0.116092753272667,0.0052789418934968,0.0002168678888589,0.999021083902307,0.809485866296698,0.0221432241013314
0,0.0435917516638014,0.0137860144511292,0.0742005951039374,0.0001906908837719,0.998204165015304,0.808457437445382,0.0220915954855761
0,0.0147537761192633,0.106932309459745,0.0021314699129062,0.0001906908837719,0.999074004531762,0.809371422827866,0.0220886719184152
0,0.024245790184742,0.0401487438401306,0.0371869724395248,0.0001906908837719,0.999046619839227,0.809466597089204,0.0221574468604926
0,0.0077410054882824,0.0502463947758261,0.0065953962136575,0.0007321918503149,0.998888435686992,0.809211540484605,0.0219639383205712
0,0.0093079272763579,0.103153248480817,0.0079639469010557,0.0002044481419198,0.999119530138761,0.809501620175798,0.0250042901372703
0,0.0095806253334623,0.155999637210146,0.0087085042565314,0.0001845765468173,0.999158816195561,0.809514119121199,0.0224606444796786
0,0.0144879423153126,0.0892160715905312,0.016642859009621,0.0002382680682,0.999191862702164,0.809553568917623,0.0222636750683613
0,0.0145166473739552,0.0935695498382562,0.0114140544208949,0.0001906908837719,0.99917429952383,0.809484954915262,0.0221771532834638
0,0.0170938624216461,0.0805998125585754,0.013927358136289,0.0001943212713387,0.99903194534154,0.809469070838815,0.0220447551987385
0,0.010924770905551,0.0678719351815461,0.0023992467437558,0.000316608010431,0.999023048205147,0.809590544964435,0.0223381865233004
0,0.035050124648597,0.0327720168092632,0.0804785637947711,0.0001295475142258,0.999153038834267,0.809515551292026,0.0222460388470014
0,0.0180236567124596,0.0898207213471597,0.0063597276076889,0.0001906908837719,0.999064991848143,0.809399936047063,0.022139494577818
0,0.0043550566144879,0.163255434289688,0.0022080085366023,0.0001339421939119,0.999165055745759,0.809534169512781,0.0225223870575041
0,0.0094982542956184,0.167034495268616,0.0028173669527249,0.0001906908837719,0.998366624414898,0.808699213920492,0.0219724561730022
0,0.0079712699804368,0.134050851044532,0.0004344817432507,0.0001906908837719,0.999043500064129,0.809471284193729,0.0222320689368919
0,0.0082258713701361,0.159083350968951,0.0036481914763376,0.0001906908837719,0.999154425400978,0.809511124582197,0.0221852128469885
0,0.0119487926714737,0.111860204976267,0.0138272561400161,0.0002678843878239,0.999160549403949,0.809517634449593,0.0223474313167552
0,0.0111700119500407,0.101883483991898,0.0176114262982067,0.0001918373219509,0.99919197824939,0.809669184162586,0.0224461530683999
0,0.0264841607358479,0.0275115639265955,0.043080309527758,0.0001906908837719,0.998984802073379,0.809367126315384,0.0221917237100712
0,0.0080542650412947,0.184569338210841,0.0012310690672766,0.0002231732988433,0.999030443227604,0.809360356053291,0.0222179251930593
0,0.0176423786509246,0.0747044774314478,0.0331376145329212,0.0001050901664074,0.999080128534734,0.809377542103218,0.0222366360228892
0,0.0131743738709084,0.153218248329655,0.0033673415853756,0.0001906908837719,0.998919517890755,0.809068453599228,0.0220344832060109
0,0.0073048134015182,0.237052937086193,0.0010632865412969,0.0002011999004127,0.999035065116639,0.809377151511175,0.0223539105737064
0,0.0099225899451171,0.0735556428938537,0.0091172500668233,0.0001906908837719,0.998423704744485,0.808873287774677,0.0311737121817031
0,0.0200542275999139,0.0743719200653022,0.0468387176365614,0.0001906908837719,0.999570857603065,0.809905622546431,0.0239487559676524
0,0.0298407805279859,0.0437161774042386,0.0379118264655087,0.0001906908837719,0.998385574159943,0.808693875829227,0.0220029402868045
0,0.0114994961014162,0.0647579889349094,0.0053595090151269,0.0001906908837719,0.999061640978593,0.809614110684411,0.0221262832148638
0,0.0146969900249921,0.0477068657979865,0.0088163779500113,0.0001276367839275,0.998721701040041,0.808983564928376,0.022005705823308
0,0.0190127331896,0.142213622759017,0.0195856275878832,0.0001906908837719,0.998475354354455,0.808636198404093,0.0223916324916152
0,0.0064917114143169,0.173050760347069,0.0004731577834926,0.0001906908837719,0.998233629557905,0.808557168613898,0.0
0,0.0133902858337415,0.0939323396922333,0.0127066077980971,0.0001906908837719,0.99899797445713,0.809308667706162,0.0222200586069335
0,0.009885148564279,0.115367173564713,0.0035280632706821,0.0001906908837719,0.998813907726296,0.809163237268522,0.0219935374626923
0,0.0193259927426123,0.0696254194757686,0.0245957305047175,0.0001906908837719,0.999134320183674,0.809496021689837,0.0221675924286943
0,0.0099675196021229,0.097409075792847,0.0064876704355441,0.0002577575172429,0.999119067949857,0.809547059050226,0.0248068782401124
0,0.006529152795155,0.125404359524745,0.0038612908634422,0.0002585218093622,0.998960652703169,0.809285883170274,0.0220274034325618
0,0.012862986386938,0.139583396317683,0.0081321288684795,0.0001906908837719,0.999110864096819,0.809495631097793,0.0221024679948016
0,0.0163880923928474,0.0768207515796475,0.0236389881869025,0.0001906908837719,0.999138826525483,0.809475841100907,0.0220844683029298
0,0.0048492828415512,0.197236750612208,0.0015219083366212,0.0002075053103971,0.998892017650994,0.809185501015019,0.0219336438435578
0,0.0119263278429709,0.0709858814281827,0.0111780332820075,0.0002122821361429,0.999121147799923,0.809532216552562,0.0221250663788022
0,0.0161515876705533,0.0899114188106539,0.0070562485346211,0.0001906908837719,0.999080359629186,0.809431834397306,0.0221306132548751
0,0.0139787395359141,0.0624905523475527,0.008165107718699,0.0003181365946697,0.999005369479587,0.809516853265506,0.0220784473348849
0,0.0039575539545898,0.0754905221150648,0.0023249080793732,0.000618503397565,0.999062680903625,0.809470372812294,0.0220306746671689
0,0.0082327356232897,0.12528342957342,0.0041812889307021,0.0002298608548874,0.998978909164859,0.809360486250639,0.0222296352647687
0,0.0145759295602822,0.0616440426882728,0.0082914900899613,0.0001050901664074,0.998960999344847,0.809432485384046,0.0220665634294524
0,0.0204180330170577,0.0620068325422499,0.0197629957369272,0.0001906908837719,0.999077008759635,0.809395899929277,0.0220018498752688
0,0.0332716590587861,0.0671463554735919,0.0528642120524083,0.0001146438178989,0.999140906375549,0.809510864187501,0.0221241023917924
0,0.006889838097229,0.172083320736463,0.0026446723424176,0.0067882515308293,0.998939507560833,0.809215576602391,0.0220205607050987
0,0.0322981831569948,0.0328627142727575,0.0174116884761339,0.0003964765369006,0.998887049120281,0.809510733990153,0.0220489114050267
0,0.0069928018945338,0.112011367415425,0.0013449234617085,0.0002136196473517,0.999001094232229,0.809539767998742,0.0220937763086475
0,0.0172380117378729,0.126764821477159,0.0161156547739464,0.0001906908837719,0.998964350214398,0.809324812177306,0.0220246853052554
0,0.0085747002349446,0.128518305771382,0.0056130459217234,0.0002141928664412,0.998980411278796,0.809327416124265,0.022067242961279
0,0.0170901182835623,0.124315989962814,0.0076528466659515,0.0001906908837719,0.999014844352109,0.809292653432367,0.0220780048490443
0,0.0161615720387768,0.104664872872389,0.0009601014851137,0.0001906908837719,0.999086830273835,0.809433787357525,0.0220323023829395
0,0.0087956043818896,0.109441605949754,0.0036199684782405,0.000165660316864,0.999099424921457,0.809455139722586,0.0223397352237424
0,0.0045210467362036,0.193820479487257,0.0033809741083513,0.0006055104315365,0.998615744233905,0.808575656637305,0.0218978024904715
0,0.0466026627062006,0.034041781298183,0.100533935919964,0.0001906908837719,0.999347504815431,0.809679339555725,0.0221293016004191
0,0.0050683149194542,0.13804153943828,0.004733490591256,0.0001876337152946,0.998866250619622,0.809154383848863,0.0223677382562243
0,0.0129784306445222,0.122018320887626,0.0157205085496168,0.0003716370430225,0.998907616526489,0.809169096149179,0.0220413259334741
0,0.0061597311708855,0.141155485684917,0.0105680638697122,0.0003391546279511,0.998976598220342,0.809402149401978,0.0220713675614357
0,0.0108798412485452,0.140732230855277,0.004681856119481,0.0003317027797877,0.998978678070408,0.809344732371539,0.0221347378550319
0,0.0134239830764959,0.134141548508027,0.019089411232837,0.0003886425426775,0.99897382508692,0.809400456836454,0.0220268029160639
0,0.0142695342604235,0.0897602563714968,0.0038199138520774,0.0001906908837719,0.99919197824939,0.809549662997185,0.0222275018508946
0,0.0084174464354245,0.184660035674336,0.0017267630743244,0.0001056633854969,0.999042691233548,0.809375328748304,0.0222529605897932
0,0.0082321116002758,0.148290352813133,0.0008980868795564,0.0001862962040858,0.999022817110695,0.809366345131296,0.0220357158451382
1,0.0031157469087459,0.151041509205793,0.0028881694838022,0.0002743808708382,0.998805472778807,0.809127042405797,0.021915106847451
1,0.0060361746141197,0.243704084409106,0.0005947432819628,0.0001006954867212,0.998721007756685,0.808742439440006,0.0219483723008225
0,0.0081834378051862,0.238171539135955,0.0048495417581753,0.0001048990933775,0.998877112058855,0.809204640025165,0.0220347992673256
0,0.0060648796727623,0.0976811681833298,0.0051572558156866,0.0001182742054657,0.998766764458135,0.80887250659059,0.0218820310308683
0,0.0109721966546126,0.117574145176407,0.008695653730152,0.0001906908837719,0.999070653662211,0.809376500524435,0.0220506971514547
0,0.0068673732687261,0.0920276929588536,0.0053102999317466,0.0001906908837719,0.998689116722341,0.808693094645139,0.0218493660939946
0,0.010505427440164,0.0848323608549747,0.0038514675692211,0.187319209087586,0.999020968355081,0.809359444671856,0.0220805965518248
0,0.0071793847757105,0.143362457296611,0.0040960758052899,0.0001906908837719,0.998899528220677,0.809206853380079,0.0219483881038883
0,0.0084979454042265,0.116757868004958,0.0063804379936527,0.0002260393942908,0.999101158129845,0.8094668574839,0.0220828563902248
0,0.0065765785442167,0.142334552710343,0.0032710303187206,0.0002686486799433,0.99896458130885,0.809194745026722,0.0224521740364448
0,0.0051862552690943,0.132478761677298,0.0093460341568736,0.000275718382047,0.999040958025159,0.809372334209301,0.02202822519198
0,0.0107806215893242,0.0755509870907277,0.0054601056689889,0.0001906908837719,0.999056903542331,0.809299293497111,0.0220344832060109
0,0.0086776640322495,0.0765788916769961,0.0086548025839536,0.0001906908837719,0.998883698250731,0.80903746663042,0.0220015654200855
0,0.0337365562041928,0.042174320524836,0.0373759056581273,0.0001906908837719,0.998956724097489,0.809312052837209,0.0219995268246058
0,0.0115462978274639,0.124376454938477,0.003912216285847,0.0001906908837719,0.9989875752068,0.809271821856698,0.0220392083226656
0,0.0186851211072664,0.102336971309369,0.0209499799234038,0.0002732344326592,0.99906591622595,0.809459696629764,0.0220845789243899
0,0.0112742237933735,0.186262357529401,0.0058265135038309,0.000223555444903,0.998978678070408,0.809327155729569,0.0220721735177882
0,0.0106077672144549,0.142304320222511,0.0042784759721403,0.0001906908837719,0.998984455431702,0.809244220018936,0.0220585512751249
0,0.0101753192657745,0.0356138706654171,0.0113462514315665,0.0002990292916865,0.999120338969342,0.810071493967697,0.0221557717355248
0,0.0052542737776169,0.183571666112404,0.0109500987531527,0.0002329180233647,0.998936272238508,0.809281326263097,0.0219731989170918
0,0.0061977965747376,0.0391208392538622,0.0123003358587063,0.0016481959553278,0.99894771141387,0.809502791951929,0.0220940923699622
0,0.006808715105413,0.0462254738942467,0.0121237885505595,0.0028685793968627,0.9989581106642,0.809262187252951,0.0220617909036005
0,0.0110664241297219,0.094416059497536,0.0042357887283252,0.0001194206436447,0.999024781413535,0.809407747887939,0.0220474101137819
0,0.0118583093344483,0.144511291834205,0.0030242073162561,0.0001906908837719,0.99891628256843,0.809225211206138,0.022006006081557
0,0.0124168099319503,0.100885811893461,0.0202616389377581,0.000225848321261,0.999111441832949,0.809393295982318,0.0221599595479445
0,0.013700425271684,0.0737068053330108,0.0247950462666538,0.0003821460596633,0.998951062283421,0.808706374774628,0.0220325236258598
0,0.007369711794971,0.138827584121897,0.0028618798203807,0.0002764826741664,0.99898422433725,0.809410872624289,0.0221462898960839
0,0.0214470469670921,0.103364875895637,0.0314584661184819,0.0001050901664074,0.998989423962415,0.809334707175749,0.0220570973930773
0,0.0097634640765551,0.046739426187381,0.0055349370089101,0.0006840414467973,0.999048006405938,0.80881834449385,0.0220522616549625
0,0.0152636029216758,0.0854067781237718,0.0235643005650646,0.000332467071907,0.999066725056531,0.809346945726454,0.022028699283952
0,0.0224030502244923,0.0570487045378964,0.0070344444066296,0.0001906908837719,0.999013573332625,0.809360486250639,0.0220421160867608
0,0.0148723404919173,0.090062581249811,0.0189172767655081,0.0002504967421093,0.998803277381515,0.809021842948668,0.0219907403200573
0,0.010665801354754,0.121715996009312,0.0064029040098748,0.0001906908837719,0.999001787515584,0.809286403959666,0.022038765836825
0,0.0053803264264386,0.14949965232639,0.0050396873697813,0.0002118999900833,0.998911891773846,0.809192661869155,0.0224034531847847
0,0.0057229150611074,0.107385796777217,0.004749295480295,0.0003706816778734,0.999085212612673,0.809393556377014,0.0221837905710724
0,0.0164330220498532,0.05245336638752,0.0145922593554595,0.0001906908837719,0.99906649396208,0.809397332100104,0.0220491958602099
0,0.0140149328707243,0.0974695407685098,0.0101272609792115,0.0001058544585267,0.99904627319755,0.809367516907428,0.0220791742759087
0,0.0093041831382741,0.156967076820752,0.0030942424829324,0.0001906908837719,0.998993814756998,0.809316870139082,0.0221388150459914
0,0.0511224613963763,0.0864649151978716,0.122121306825298,0.0001198027897044,0.99949632964237,0.809857579725044,0.0220994970184435
0,0.013580612853002,0.0763067992865133,0.008524471113363,0.000312022257715,0.998585470860723,0.808739314703655,0.0222226345066483
0,0.0177378541720619,0.136922937388518,0.01507931914305,0.0001906908837719,0.999244321142716,0.809603825093924,0.0221138145959991
0,0.0135113462984515,0.0349487559331257,0.0046734528283231,0.0006146819369684,0.998623139256361,0.808012292712802,0.021972709022054
0,0.0079587895201575,0.177222843667805,0.0036622260057637,0.0004622056591627,0.998728287231916,0.808869902643631,0.0220150454351572
0,0.0167674983853405,0.0950207092541645,0.0056155471526923,0.0001906908837719,0.998995201323709,0.809329629479179,0.0220272770080359
0,0.0034308785308002,0.225927381564229,0.0014012247487944,0.0001906908837719,0.998812058970682,0.808755719569495,0.0219749530573883
0,0.0057940536846998,0.0848625933428062,0.000593433399286,0.0008174104216198,0.999014613257658,0.809384442562659,0.0221131824733697
0,0.0110115101044927,0.193306527194123,0.002608645739989,0.0001788443559224,0.999057596825687,0.809422980977647,0.0222634064162438
0,0.0281652787354798,0.0384557245215709,0.0412174320594263,0.0001906908837719,0.999119067949857,0.80941712209699,0.0220753815401323
0,0.0113272657495608,0.154639175257732,0.0125093092193397,0.0001906908837719,0.999042575686322,0.809375068353608,0.022067954099237
0,0.0111313225231747,0.0726789007467424,0.0011799467029066,0.0001906908837719,0.998954528700198,0.808964686312926,0.0221509518004757
0,0.016257047559914,0.0765788916769961,0.0241585770158709,0.0001738764571468,0.999273901232542,0.809593148911394,0.0229811974649797
0,0.0217397137606435,0.0569580070744021,0.0140833232893579,0.0001906908837719,0.999192787079971,0.809564896086893,0.0220937447025161
0,0.0119600250857252,0.0901835112011367,0.0133438015077201,0.00149820362691,0.999080937365315,0.809439646238182,0.0221371083148921
0,0.012242707511053,0.184055385917707,0.0029151519321216,0.0001448333566123,0.999116063721984,0.809463732747549,0.0224269207374008
0,0.0113927881660276,0.0474650058953351,0.0054460578870299,0.000183812254698,0.998860588805554,0.80914383786368,0.0220017076476772
0,0.0088935759950827,0.0924811802763249,0.0025334208853429,0.0001906908837719,0.998606847097511,0.808634245443874,0.0214935758720436
0,0.0101285175397269,0.102911388578166,0.0141274063824263,0.0006914932949607,0.998968394367304,0.809345513555627,0.0220177477593979
0,0.0085360108080786,0.117060192883272,0.0043213040775543,0.0001906908837719,0.999063027545303,0.809375849537695,0.0219963029991959
0,0.0145877859975476,0.0469510536022009,0.0164646186612573,0.0029499765075709,0.999068227170468,0.809396160323973,0.0220902680280544
0,0.0127150929326274,0.137739214559966,0.0085600792699823,0.0001906908837719,0.999207577124885,0.809606038448839,0.0221786387716429
0,0.0117528494450875,0.109199746047102,0.0223342833252799,0.0001180831324359,0.998965390139431,0.80946555551042,0.0219782242919954
0,0.0068012268292454,0.126643891525834,0.0071000678983997,0.0006727681380372,0.998982606676088,0.809374807958912,0.022067954099237
0,0.0069378878693046,0.145176406566496,0.0078096288124079,0.0001104402112426,0.998847531969029,0.809145660626551,0.0220709724847924
0,0.0092199400313883,0.154608942769901,0.0063361253519475,0.0001906908837719,0.999031367605411,0.809318823099301,0.0221752727186414
0,0.0177827838290676,0.040965021011579,0.0311986997830445,0.0001274457108977,0.999011377935333,0.809375979735043,0.0219809108131703
0,0.005750372073722,0.199927442029205,0.0013451980339796,0.0001251528345397,0.999066262867628,0.80940826867733,0.022134848476492
0,0.0063850034789283,0.181546089427699,0.0018343791595525,0.0001906908837719,0.998958572853104,0.809268957515043,0.0220690919199699
0,0.0028998349459128,0.0986788402817668,0.0036835752337647,0.0003475618412637,0.998982953317765,0.809345773950323,0.0220807545824821
0,0.0093410004960983,0.0521812739970372,0.0034763053093967,0.0002525985454374,0.998779705747435,0.809090587148376,0.0219113773239376
0,0.0152486263693405,0.0993137225262267,0.0027234598160028,0.0001906908837719,0.999036798325027,0.809352934804459,0.0220792374881716
0,0.0305758796384411,0.0288115609033467,0.0401792092056729,0.0001906908837719,0.9990201595245,0.809388218285749,0.0221592168038549
0,0.0153328694762263,0.0901230462254739,0.0331481065359579,0.0009232648801465,0.998887973498088,0.809215316207695,0.0221226327066791
0,0.0212848009834603,0.146053148713608,0.0130814929012122,0.0001629852944464,0.999020043977274,0.809413085979204,0.0221595170621039
0,0.0062957681879307,0.227983190736766,0.0029796632215912,0.0001360439972401,0.998777972539046,0.80913316168115,0.021920764344984
0,0.0117316326626126,0.0901532787133053,0.0094682995569144,0.0001809461592505,0.998902994637453,0.809226903771661,0.0219642227757544
0,0.0205815270467175,0.0546301055113825,0.035568897253879,0.0001906908837719,0.99911756583592,0.809489381625092,0.022098216970119
0,0.0135200826206471,0.101520694137921,0.0162045234803462,0.0006383749926675,0.999014844352109,0.809379104471394,0.0221510150127386
0,0.0069809454572684,0.0881579345164313,0.0047129016544567,0.0002715147753907,0.998890746631509,0.808965337299665,0.0220016286323485
0,0.0592129197724812,0.0139976418659491,0.10132030711516,0.0002069320913076,0.999065338489821,0.809444593737403,0.0221081096892689
0,0.144978018789333,0.0041116183450736,0.21904689493115,0.0001238153233309,0.998955337530779,0.809311401850469,0.0221361127217508
0,0.0209621810852384,0.0940230371557275,0.0065513105750146,0.0001906908837719,0.999043615611355,0.809393686574362,0.0221050913037136
0,0.0056243194249003,0.168425189708861,0.0096556869899832,0.0001326046827031,0.999045926555872,0.809380276247525,0.0220739592642162
0,0.0111955968936134,0.0770626114822989,0.0094872928265791,0.0001144527448691,0.998969434292337,0.809339264082926,0.0221676398378915
0,0.0078995073338304,0.177494936058288,0.000508324467541,0.0001906908837719,0.999059214486849,0.809408529072026,0.0237948183043307
0,0.0156829463870628,0.086706775100523,0.0240373585659237,0.0001240063963607,0.999168175520858,0.809527399250688,0.0240838563766184
0,0.0105285162916808,0.100069534722012,0.0161925638661739,0.0003158437183117,0.999120454516568,0.809482350968304,0.0220954830397469
0,0.0080324242358058,0.124195060011488,0.0135542815375404,0.0001543870081039,0.999075968834602,0.809339133885578,0.0220537155370101
0,0.0173253749598285,0.044532454575687,0.0247987609788106,0.0001906908837719,0.999051126181037,0.809377802497914,0.022185007407134
0,0.0097229025806471,0.140278743537806,0.0060731693533813,0.0003055257747008,0.999042229044644,0.809377542103218,0.0221412961273118
0,0.0157266279980406,0.082141669437978,0.0275031251969408,0.0001159813291078,0.998947133677741,0.809311532047817,0.0220373435609089
0,0.0241684113310099,0.10384859570094,0.0054109143463343,0.0001906908837719,0.999059676675752,0.809306975140639,0.0221084415536493
0,0.0081659651607951,0.20769719140188,0.0014408177593761,0.0001515209126565,0.99903841598619,0.809377542103218,0.022246418120579
0,0.0191013444575836,0.0567766121474136,0.0149705563639585,0.0001906908837719,0.998723780890106,0.809074833269276,0.0222934638472712
0,0.039563683108633,0.0354022432505971,0.0924071118343987,0.0001906908837719,0.999349700212722,0.8097281635612,0.0220574450605234
0,0.0332098807804032,0.0201046044078967,0.0108626905069617,0.0001209492278834,0.998647750815474,0.809792090459034,0.0222521230273092
0,0.0247843220457971,0.0549021979018653,0.000505615976286,0.0001906908837719,0.999220633961409,0.809566458455068,0.0238521360237505
0,0.0086090215007129,0.0918765305196965,0.0050948397672029,0.0001906908837719,0.99909399420184,0.809424152753778,0.0221804877303338
0,0.0134632965263759,0.056806844635245,0.0054912141437795,0.0001106312842725,0.998940663033091,0.809311922639861,0.0233322783733418
0,0.0149522154377053,0.0464068688212353,0.0163217742735328,0.0001906908837719,0.0,0.0842855967361087,0.0220915954855761
0,0.0151157094673652,0.0891556066148683,0.0041517922126314,0.0001906908837719,0.99917037091815,0.809547189247574,0.0261150718246967
0,0.0049229175571995,0.209269280769115,0.0014391222513123,0.0001906908837719,0.9982983360044,0.808616148012511,0.0220124695354425
0,0.0058059101219653,0.162681017020891,0.0036243338275772,0.0001906908837719,0.999105086735525,0.809660981729667,0.0220915954855761
0,0.0103013719145962,0.0717416936239683,0.0084704994544346,0.0068171035583339,0.999026167980246,0.810321603073074,0.0225397704298123
0,0.0213534435149968,0.0397859539861535,0.0346349886226287,0.0008107228655757,0.998968856556207,0.81004232976176,0.0220260127627771
0,0.0234726256704347,0.053239411071137,0.0153233204053425,0.0001906908837719,0.998994854682031,0.809343039806016,0.022013212279532
0,0.0100798437446373,0.110016023218551,0.0047431527953053,0.0001906908837719,0.998768959855427,0.809170788714702,0.0221075407789024
0,0.0050364897457418,0.127399703721619,0.0028525417009979,0.0001127330876006,0.999034949569413,0.809385484141442,0.0221742139132372
0,0.0033815807126966,0.234059920790882,0.0026112596174869,0.0001906908837719,0.999065685131499,0.809329238887136,0.0225828021778078
0,0.0035407065812587,0.219729721558787,0.0017968896873636,0.0001906908837719,0.962961452289973,0.636190592252112,0.0220915954855761
0,0.013240520310389,0.119509024397618,0.00802055948664,0.0001906908837719,0.998973131803565,0.80933965467497,0.0221020571150925
0,0.0098926368404466,0.0603138132236902,0.0109627203138513,0.0027854626288859,0.998962732553235,0.809362178816162,0.0222394805747215
0,0.0075931120339718,0.114127641563624,0.0142508645687173,0.00040851413778,0.998435837203202,0.808784753578084,0.0216654974241714
0,0.0128692266170776,0.0964416361822414,0.0069044118758704,0.0001115866494216,0.999084634876544,0.809458394656284,0.0252744593490708
0,0.0353683763857211,0.0345255011034858,0.0597148031577922,0.0001906908837719,0.999023279299599,0.809397852889496,0.0220803120966416
0,0.0817725997734797,0.0124255524987151,0.126084091123233,0.0001906908837719,0.998256392361404,0.808610679723898,0.0220188223678678
0,0.0187156982349509,0.077788191190253,0.0315843733417489,0.0001906908837719,0.998909696376555,0.809134724049325,0.0222702965529041
0,0.0024580266520229,0.241920367627052,0.000794808530983,0.0001906908837719,0.995945447843715,0.80627663186752,0.0187095971907585
0,0.0152080648734325,0.104574175408894,0.0178199767048377,0.0001906908837719,0.999107513227269,0.809472846561905,0.0220910265752097
0,0.0180392572878088,0.0608882304924872,0.0280472072327213,0.0001906908837719,0.998733486857081,0.80900153216239,0.0218239547642932
0,0.0095775052183924,0.145327569005653,0.003834516238933,0.0001906908837719,0.998993468115321,0.809355929343462,0.0222297300831632
0,0.0193160083743888,0.0690207697191402,0.0187190556006016,0.0001906908837719,0.99904569546142,0.809425454727257,0.0220449448355273
0,0.0082133909098567,0.0905765335429452,0.0050222263999353,0.0002917685165529,0.998908078715392,0.809161674900347,0.0219454961428588
0,0.0060580154196086,0.153429875744475,0.0037685547298481,0.0001906908837719,0.99910578001888,0.809487819256917,0.0221128348059236
0,0.0203244295649624,0.059376606100916,0.0237239674886673,0.0001906908837719,0.999088216840546,0.809426756700737,0.0220489904203554
0,0.0037840755567065,0.197176285636545,0.000506732045528,0.0003311295606982,0.998909118640425,0.808946068092172,0.0602716442699561
0,0.0182476809744743,0.0405115336941077,0.0152207819445111,0.0002476306466618,0.999098269449198,0.809443942750664,0.0220791584728429
0,0.0169621935656987,0.0681137950841975,0.0080798567400112,0.0001906908837719,0.999063027545303,0.80942467354317,0.0220771988926918
0,0.0191063366416953,0.0295976055869637,0.0120247533248838,0.0004446269404182,0.998967585536723,0.809477273271734,0.0220346886458655
0,0.002675186660884,0.0798137678749584,0.002308228153962,0.0005076810402627,0.999049970708778,0.809309969679642,0.0220638769082775
0,0.0069809454572684,0.126613659038002,0.0031144362144345,0.0002166768158291,0.998920788910239,0.809254505609423,0.0220521826396338
0,0.0099188458070333,0.0742509901139765,0.0062538465549408,0.0001010776327809,0.998954990889101,0.80937806289261,0.0220897307238194
0,0.023507570959217,0.0398766514496478,0.0069845383993637,0.0001906908837719,0.999045117725291,0.809315047376211,0.0220394769747831
0,0.0336186158545527,0.095625359010793,0.0389667454314179,0.0001245796154502,0.999093300918485,0.809437823475311,0.0221111122717585
0,0.0078127681348888,0.14333222480878,0.0018979628883151,0.0031656979582509,0.99892217547695,0.809122745893315,0.0220543318565737
0,0.0344610469234105,0.0422650179883303,0.0386758840874732,0.0004152016938241,0.99876664891091,0.809128865168668,0.0219512168526548
0,0.0074339861654097,0.084923058318469,0.0116644407418457,0.000276864820226,0.998968625461755,0.809532216552562,0.0220498437859051
0,0.018673264670001,0.0624905523475527,0.0053165312260467,0.0001026062170196,0.999074582267891,0.809410482032245,0.0222236775089868
0,0.0039294729189612,0.138011306950449,0.0032187552754723,0.0001906908837719,0.998202431806916,0.808172695845455,0.0215949051295345
0,0.0062046608278913,0.138827584121897,0.0018259033681013,0.0004446269404182,0.998974980559179,0.809300204878547,0.0220876447191425
0,0.0161802927291959,0.126432264111014,0.0074483457048065,0.0001906908837719,0.998922406571402,0.809139671548546,0.0219892864380097
0,0.0121522241740275,0.134171780995858,0.004978257255331,0.0001906908837719,0.999060485506334,0.80943912544879,0.022092496260323
0,0.0026102882674313,0.186080962602413,0.0012103322345427,0.0001121598685111,0.999044771083613,0.809175215424532,0.0220431906952307
0,0.0052617620537845,0.176829821325997,0.0024667943206333,0.0008351802133941,0.998924370874242,0.809256849161685,0.0226756609920649
0,0.0557483439989267,0.0214348338724794,0.12223918686118,0.0001906908837719,0.999344616134784,0.809633249694557,0.0220920537744824
0,0.0048368023812718,0.128578770747045,0.0048518372251118,0.0001788443559224,0.998569178701873,0.808821599427548,0.0215985714407849
0,0.0149066617576856,0.111799740000605,0.0195658494457061,0.0004345000698371,0.998872143528142,0.80905256952278,0.0220427324063244
0,0.0062208854262545,0.104574175408894,0.0061221566414395,0.0003683888015154,0.998990694981899,0.809341998227233,0.0221678452777461
0,0.0071806328217384,0.146476403543248,0.0053592295848893,0.0006259552457285,0.998997858909904,0.809379495063437,0.0221640051327725
0,0.0074445945566472,0.139250838951537,0.00604728929427,0.0004858987148619,0.998986650828993,0.809037076038376,0.0220879291743257
0,0.0096923254529627,0.150890346766635,0.0032767550436976,0.0001906908837719,0.999084634876544,0.809496672676576,0.0220912162119985
0,0.0045953054748659,0.231520391813042,0.0033967591574548,0.0001104402112426,0.998950022358388,0.80921440482626,0.0219799784322919
0,0.0067962346451337,0.148985700033256,0.0027786410891777,0.0001817104513699,0.998992890379191,0.80931634934969,0.0220727582312204
1,0.0155007316669839,0.185264685430964,0.0122186875868979,0.0001906908837719,0.997517121210195,0.807361826762534,0.0221735185783448
1,0.0061272819741592,0.249538954560571,0.0008851558275229,0.000104325874288,0.998827773393402,0.809091368332464,0.0219685054065685
0,0.0100330420185896,0.117604377664238,0.0087185418259424,0.0001906908837719,0.999017848579982,0.809408138479983,0.0220981221517246
0,0.0108723529723776,0.147292680714696,0.0006409415531119,0.0001906908837719,0.999000054307196,0.809353976383243,0.0221405533832222
0,0.0088717351895937,0.0992834900383952,0.0059510043966575,0.0003720191890822,0.999055863617298,0.809483652941783,0.0221516629384337
0,0.0122483237181787,0.131118299724884,0.0059804733271594,0.0001396743848069,0.998986304187316,0.809262968437038,0.0220936182779902
0,0.0226539074761077,0.0491882577017263,0.0109318918716861,0.0001442601375229,0.999182734471319,0.809540809577525,0.0221534644879275
0,0.013180614101048,0.145267104029991,0.0114797100141083,0.0001029883630792,0.999106242207784,0.809560859969107,0.0221572888298353
0,0.0039082561364863,0.0654835686428636,0.0056600274914038,0.0013365558436724,0.999338145490134,0.809662283703146,0.0220936972933189
0,0.0070714287942939,0.1783716782054,0.001801657742698,0.0001175099133464,0.998977175956471,0.809221175088352,0.0221054073650283
0,0.0091631539371172,0.0526347613145086,0.0067351975905483,0.0001906908837719,0.999235886195226,0.809498886031491,0.0221328888963409
0,0.0165147690646831,0.0963811712065786,0.0149756630195635,0.0008798913023747,0.999089256765579,0.809717747773365,0.0221391943195691
0,0.0073653436338732,0.193548387096774,0.0054878356417738,0.0001906908837719,0.998901030334613,0.809216618181174,0.022179523743324
0,0.0115113525386816,0.147292680714696,0.0021829461121301,0.0001908819568018,0.998970358670144,0.809312834021296,0.0220813392959143
0,0.0047662877806933,0.133325271336578,0.0046177319516523,0.0001906908837719,0.998580848971687,0.808586202622487,0.0221613186115976
0,0.0162302145703134,0.0675393778154004,0.0195544634407956,0.0001230510312115,0.999099656015908,0.809384051970615,0.0220722999423141
0,0.0125403664887161,0.145418266469148,0.0126808071570234,0.0001713925077589,0.999097345071391,0.809444593737403,0.0222558841569541
0,0.011603083921735,0.120113674154246,0.006893732743961,0.0001906908837719,0.998978100334278,0.809261796660907,0.0221274684447939
0,0.0159993260551449,0.0546301055113825,0.0062404406463901,0.0001841944007577,0.999076084381828,0.809443942750664,0.0221390046827802
0,0.0103094842137778,0.0960183813526015,0.0047717209033484,0.0001906908837719,0.999381013510937,0.809791048880251,0.0220879449773914
0,0.0075750153665667,0.15609033467364,0.0010689795340362,0.0001906908837719,0.998955106436327,0.80928991928806,0.0221098480264997
0,0.0070558282189447,0.192157692656529,0.005208862461029,0.0001241974693905,0.99905667244788,0.809341086845797,0.0221073353390479
0,0.0056935859794509,0.139160141488043,0.0017671105076841,0.0001906908837719,0.998776239330658,0.808886828298862,0.0220106679859487
0,0.0062889039347771,0.131057834749222,0.0063357036027209,0.0002094160406954,0.999074120078988,0.809599788976138,0.0221662807742383
0,0.0131275721448607,0.088702119297397,0.0081052945687089,0.0001398654578367,0.998991619359707,0.809317781520518,0.0221237389212805
0,0.0081054349284401,0.0691114671826344,0.0053906887077077,0.0137603153163567,0.998850189555224,0.809881796431759,0.0220906631046978
0,0.0585352307793111,0.0205278592375367,0.0431796549637476,0.0001906908837719,0.999354091007306,0.809736105599423,0.0222137215775739
0,0.0154102483299584,0.0891858391026998,0.0141056241152844,0.0001906908837719,0.998625796842556,0.807178769291341,0.022208712005736
0,0.0147169587614391,0.0763067992865133,0.0065198434656992,0.0001906908837719,0.998941702958124,0.809277680737354,0.0221083151291234
0,0.0148523717554703,0.0706230915742056,0.0188693529834936,0.0001161724021376,0.999153385475945,0.809484303928523,0.0222872058332403
0,0.0115263290910169,0.104634640384557,0.0105193516202899,0.0001906908837719,0.998837479360377,0.809280024289617,0.0220590095640312
0,0.0144061953004827,0.110227650633371,0.0074248731567728,0.0001906908837719,0.998891093273187,0.809213623642172,0.0220471730677959
0,0.0113678272454688,0.076004474408199,0.018541088367119,0.0016407441071644,0.999001440873907,0.809525576487817,0.0220956410704042
0,0.0180798187837167,0.0789672582156786,0.0020498478158217,0.000128210003017,0.999089834501708,0.809352674409763,0.0220776729846639
0,0.0127849835101919,0.092269552861505,0.0243248916586689,0.000582199521897,0.999127156255669,0.809692489487866,0.0223163308833893
0,0.0137341225144383,0.125585754451734,0.0038334510617488,0.0001375725814787,0.999045926555872,0.80939004104862,0.0221412961273118
0,0.0125391184426882,0.138525259243583,0.0078610778653145,0.0001385279466279,0.998948520244452,0.809331061650007,0.0220587567149794
0,0.0109915413680457,0.128034585966079,0.0052456170977612,0.0003009400219848,0.999042922327999,0.809372334209301,0.022619007001406
0,0.0192486138888802,0.0746137799679536,0.0147516639877306,0.0001243885424204,0.999074582267891,0.809419856241296,0.0220890195858614
0,0.0069921778715199,0.158146143846177,0.0027090376985711,0.0003085829431781,0.999023510394051,0.809394988547841,0.0221055653956856
0,0.0151749916536922,0.0995253499410466,0.0050539369128082,0.0001906908837719,0.999165171292985,0.809521149777988,0.0222556787170995
0,0.0133472282457777,0.131722949481513,0.0152386873794355,0.000255273567855,0.999083017215381,0.809405404335676,0.0224430556675159
0,0.0421527545935894,0.0315022523203434,0.0213784475428924,0.0001454065757018,0.999239814800906,0.809697436987088,0.0221839011925325
0,0.0065952992346357,0.127067146355474,0.00448706697194,0.0001257260536292,0.999043500064129,0.80937871387935,0.0221230751925197
0,0.0074976365128345,0.213925083895154,0.0008089496830596,0.0001906908837719,0.999142061847808,0.809462951563462,0.0222726986188958
0,0.0066127718790269,0.241980832602715,0.0008588027579217,0.000636655335399,0.998945053827675,0.809268436725651,0.0222580017677625
0,0.0125553430410514,0.0768812165553103,0.0100152152057373,0.0001906908837719,0.997530409141172,0.80753772337959,0.0219318897032612
0,0.0063388257758946,0.0607673005411615,0.0062370375825053,0.0005508635450046,0.999277829838222,0.809761233687574,0.0221093897375934
0,0.0083787570085584,0.0785742358738701,0.0079602818373173,0.0001906908837719,0.998957764022522,0.809197739565724,0.0220549007669402
0,0.0093410004960983,0.150497324424827,0.0030997349193794,0.0001326046827031,0.99906198762027,0.809410612229593,0.0221681771421265
0,0.0112698556322757,0.118329957372192,0.0104120149458676,0.0001906908837719,0.999061409884141,0.80921310285278,0.0227350963222932
0,0.018253921204614,0.12041599903256,0.0050015944021201,0.0001658513898938,0.999242125745424,0.809538466025263,0.022152895577561
0,0.0098726681039996,0.105843939897814,0.0069584373999323,0.0001906908837719,0.998826040185014,0.809007391043048,0.0220558173447528
0,0.0128604902948821,0.0797533028992956,0.0153871842444581,0.0001906908837719,0.998915935926752,0.809203077656989,0.0244795335364838
0,0.0113004327599602,0.133234573873084,0.0085321799873462,0.0001471262329703,0.999056210258976,0.80939824348154,0.0221306922702038
0,0.0159444120299157,0.0614626477612843,0.0109098506360618,0.0001199938627342,0.998947249224967,0.809216357786478,0.0222462126807244
0,0.0120193072720522,0.168092632342715,0.0105671645240752,0.0002483949387811,0.999015190993787,0.809354497172634,0.0220844050906668
0,0.010464865944256,0.139825256220334,0.0107858107762843,0.0002262304673206,0.999041651308515,0.809374156972172,0.0221394155624893
0,0.0085647158667211,0.150225232034344,0.0054390148848099,0.0001249617615099,0.99898618864009,0.809362178816162,0.0221525795162463
0,0.0131743738709084,0.131541554554524,0.0047262331389593,0.0034096982173459,0.999057365731235,0.809372334209301,0.0221582370137794
0,0.0088629988673982,0.201136741542462,0.002168990223467,0.0001906908837719,0.998898141653966,0.809204119235773,0.0221273736263995
0,0.0095644007350991,0.189255373824712,0.0057654373213937,0.0002558467869445,0.999014728804883,0.809346945726454,0.0221084415536493
0,0.0052648821688543,0.151253136620612,0.0025960542598195,0.000163367440506,0.998924255327016,0.809220393904264,0.0222222236269392
0,0.0327512238651362,0.0431115276476101,0.0164743028427475,0.0001906908837719,0.999305561172435,0.809697567184436,0.0220812760836514
0,0.0144661015098237,0.0804486501194183,0.0084994920321655,0.0001906908837719,0.999134204636448,0.809484694520566,0.0221516313323023
0,0.0157946465065632,0.148078725398313,0.0243792813359056,0.0001906908837719,0.999102082507652,0.809433917554873,0.0221660121221208
0,0.0259737099104215,0.0649091513740666,0.0108907783952924,0.0002378859221404,0.999193595910552,0.809520498791248,0.0221173544827237
0,0.0086820321933472,0.151283369108444,0.0092080229600994,0.0056100952288873,0.999082786120929,0.809595492463657,0.0221759838565994
0,0.0084854649439471,0.143453154760105,0.0022149979845987,0.0001754050413854,0.999022932657921,0.809360616447987,0.0220753657370666
0,0.0058814169066555,0.19451582670738,0.0006872825318872,0.0001906908837719,0.998954297605746,0.809151259112512,0.0220354471930207
0,0.0249677848119039,0.0620068325422499,0.0142518898522799,0.0001906908837719,0.999162860348467,0.809467378273292,0.0220947719017888
0,0.0126183693654622,0.128336910844393,0.0051691993014099,0.0001906908837719,0.999020506166178,0.80932390079587,0.0220484215099889
0,0.0305758796384411,0.0486743054085921,0.0426741578716197,0.0001906908837719,0.998947595866645,0.809310490469033,0.0220892408287817
0,0.0118445808281409,0.11551833600387,0.0038795271647544,0.0001906908837719,0.998911314037717,0.809165841215481,0.0220616802821403
0,0.0115119765616956,0.140732230855277,0.0153188604422486,0.0001824747434892,0.999083363857059,0.809452014986236,0.0220765035577995
0,0.0141235128751548,0.162197297215588,0.0097454573155483,0.000132795755733,0.998976136031438,0.809324291387914,0.02205586475395
0,0.0100991884580703,0.0992532575505638,0.0104786303178222,0.0002724701405399,0.999005947215716,0.809362178816162,0.0220751128880148
0,0.0092112037091927,0.192006530217372,0.0059062237967476,0.0001906908837719,0.998933268010635,0.809225601798182,0.0220430958768363
0,0.0101690790356348,0.18602049762675,0.0085937556076115,0.000472141456714,0.998985610903961,0.80937806289261,0.0222804421211058
1,0.0065054399206242,0.1904949058258,0.0003079504461649,0.0003078186510588,0.998985957545638,0.809307365732683,0.0221322409706458
0,0.0147537761192633,0.097983493061644,0.0197637411627511,0.0001906908837719,0.999063143092529,0.809404102362197,0.022170468586658
0,0.0105422447979882,0.0990416301357439,0.0042339085592358,0.0001029883630792,0.999008027065782,0.809348638291977,0.0221024363886701
0,0.0108879535477268,0.0355231732019228,0.0019803042170677,0.000561754707705,0.999256338054208,0.809967075694655,0.022065093744339
0,0.0102714188099257,0.115064848686398,0.0055068160281111,0.0001715835807888,0.998956608550264,0.809308667706162,0.0220767248007198
0,0.0187986932958088,0.064939383861898,0.0081370487838492,0.0001828568895488,0.999112597305208,0.80944732788171,0.0220737222182302
0,0.0113016808059881,0.0843788735375034,0.0024098859431799,0.0001375725814787,0.999139404261613,0.809507218661759,0.0222586338903919
0,0.0117453611689199,0.0355836381775856,0.026650745622999,0.0008378552358118,0.999319080197863,0.809623745288158,0.022092796518572
0,0.0104411530697252,0.165371708437887,0.0011097168483617,0.0001906908837719,0.999019350693919,0.809309058298206,0.022125319227854
0,0.0109010580310202,0.0604649756628473,0.0051164684643053,0.0001906908837719,0.999144488339552,0.809526097277209,0.0221227907373364
0,0.0105871744549939,0.0968648910118814,0.0077772775531749,0.0004702307264157,0.998971514142403,0.80949263655879,0.0220870125965131
0,0.0071594160392635,0.158327538773166,0.0047365493030378,0.0001906908837719,0.998939969749736,0.809233023047014,0.0220368220597397
0,0.0123506634924696,0.132357831725973,0.0042802708353366,0.0001748318222959,0.998982722223313,0.809327936913656,0.0221174651041838
0,0.010025553742422,0.139220606463706,0.005415602847608,0.0001906908837719,0.999200759838557,0.809557344640713,0.0225153862993836
0,0.0154919953447883,0.0856184055385918,0.0186373141918579,0.0001618388562674,0.999144603886777,0.809476231692951,0.0221958325071622
0,0.0161646921538466,0.102881156090335,0.0285383349066389,0.0002755273090172,0.999253218279109,0.809620360157112,0.0222310575406849
0,0.0262289353231347,0.0593161411252532,0.0197942804004498,0.0001906908837719,0.9991442572451,0.809491464782659,0.0221783069072624
0,0.0159431639838877,0.0623393899083955,0.0077495495235766,0.000314315134073,0.999048353047616,0.809419075057209,0.0221322725767773
0,0.0095338236074146,0.0656347310820207,0.0096226002540418,0.0249938808862196,0.99932196887851,0.80974639118991,0.0220882610387061
0,0.0101135409873916,0.134776430752487,0.0047184515509324,0.0001087205539742,0.9990398025529,0.809358663487768,0.0221571307991779
0,0.0123394310782182,0.0983765154034525,0.0174715662759433,0.0003678155824259,0.999047544217035,0.809350461054849,0.0220673377796734
0,0.0129559658160193,0.103455573359132,0.0094141170816683,0.0001906908837719,0.999007449329653,0.809395899929277,0.0223089666547569
0,0.0133491003148196,0.130574114943919,0.0144623164444678,0.0002571842981534,0.998891439914865,0.809646399626698,0.0220883400540348
0,0.0057341474753588,0.123771805181848,0.0047563596049537,0.0001146438178989,0.998819916182042,0.809077827808279,0.0220543634627052
0,0.0024449221687295,0.058016144148502,0.0036268087477991,0.0059274675314377,0.998724011984558,0.809237970546235,0.021899556630768
0,0.0737183347321849,0.0082232366901472,0.135233399028108,0.0001906908837719,0.999476339972292,0.809864480184484,0.0221693623720566
0,0.0088848396728871,0.0717719261117997,0.0113795340601522,0.0001736853841169,0.998702982389447,0.809312703823948,0.022154207232017
0,0.0114595586285222,0.108897421168788,0.0053786203916751,0.0001906908837719,0.998950600094518,0.809311141455773,0.0220776255754667
0,0.0164005728531268,0.0654835686428636,0.0251603518677427,0.0001406297499561,0.999227335700511,0.809568281217939,0.0221937148963538
0,0.0083856212617121,0.107325331801554,0.0049304885784734,0.0001906908837719,0.999020275071726,0.809325983953437,0.0223739330579923
0,0.0105534772122396,0.159718233213411,0.0067052520157975,0.0001356618511804,0.998971514142403,0.80932012507278,0.0221487709774043
0,0.0056598887366966,0.0956555914986244,0.0018325811095301,0.0011292416063051,0.999011840124236,0.808947760657695,0.0221238337396749
0,0.0139381780400061,0.0529975511684856,0.0101732524370074,0.0001906908837719,0.998931765896698,0.809307886522075,0.0220035091971709
0,0.0151930883210973,0.103123015992986,0.0192539872871235,0.00026100575875,0.999090181143386,0.809649784757744,0.0221662491681069
0,0.0157328682281803,0.123106690449557,0.0070300054493832,0.0001906908837719,0.999037607155609,0.809382229207744,0.0220652991841936
0,0.0117522254220736,0.104513710433232,0.0097894713477638,0.0002676933147941,0.998951871114002,0.809316479547038,0.0220424321480755
0,0.0123369349861623,0.141699670465883,0.0112883160411143,0.0001750228953258,0.999047544217035,0.809372464406649,0.0220980747425274
0,0.0175450310607455,0.0787253983130272,0.0212006151082665,0.000105472312467,0.998951524472325,0.809328457703048,0.0220856377297942
0,0.0067113675152339,0.123983432596668,0.0037921384864528,0.0003741209924103,0.998990926076351,0.809416731504946,0.0220832988760654
0,0.0152398900471449,0.106569519605768,0.0063221525964245,0.00011349737972,0.999058521203494,0.809423241372343,0.0221407114138796
0,0.0219662341147142,0.0798742328506213,0.0211128810091092,0.0001553423732531,0.999058174561816,0.809404623151588,0.0220301689690654
0,0.0175050935878515,0.0459533815037639,0.0067713130160379,0.0001557245193128,0.999342651831943,0.809667361399715,0.0222003205778309
0,0.0086732958711517,0.116667170541464,0.0063944114098593,0.0001713925077589,0.999098847185327,0.809449541236625,0.0221776905876988
0,0.0172436279449986,0.0775463312876016,0.0093134036811535,0.0001906908837719,0.999101389224297,0.809467768865335,0.0220378966682096
0,0.0103943513436776,0.159355443359434,0.0040161526362777,0.0002034927767707,0.999017733032756,0.809361658026771,0.0221694887965825
0,0.0295237768368897,0.0423254829639931,0.0392055154409786,0.0001159813291078,0.999178343676736,0.809504484517452,0.0222641807664648
0,0.0158738974293372,0.109774163315899,0.0043968829225091,0.0001906908837719,0.9993598683686,0.809675303437939,0.0222431626890377
0,0.011882646231993,0.0932672249599419,0.0066018447562231,0.0001906908837719,0.998932690274505,0.809336660135968,0.0221519948028142
0,0.0042795498297977,0.0489766302869063,0.0047188921102056,0.000793335219861,0.999211967919468,0.809703165670397,0.0220803753089045
0,0.0086782880552634,0.080357952655924,0.0040037374808632,0.0001906908837719,0.999085790348802,0.809475450508863,0.0220970791493861
0,0.0177765435989279,0.101248601747438,0.0124419204008099,0.0002010088273829,0.999029865491474,0.809396811310712,0.0221382145294935
0,0.0352966137391147,0.0425975753544759,0.0457306896117015,0.0001906908837719,0.999239005970325,0.809628171997988,0.0221924822572265
0,0.0121085425630497,0.0762765667986819,0.0075902061794119,0.0002099892597849,0.999085097065447,0.80965382087553,0.0220640981511978
0,0.019972480585084,0.0633068295190011,0.0123728278934007,0.0001906908837719,0.998755325282773,0.808857533895578,0.0220277352969422
0,0.0164698394076774,0.0707742540133628,0.0168021373541929,0.0001121598685111,0.998986650828993,0.809348377897282,0.0220860960187005
0,0.0075250935254492,0.179913535084802,0.0058253396247866,0.0001866783501455,0.999008027065782,0.809357361514289,0.022103337163417
0,0.0132061990446208,0.092269552861505,0.0059014429552452,0.0004809308160862,0.999028132283086,0.809344732371539,0.0221350381132808
0,0.0488815947532145,0.0215859963116365,0.0477013827110965,0.0001272546378678,0.999076662117958,0.809410872624289,0.0221190928199545
0,0.008168461252851,0.146627565982405,0.0039413189451006,0.0001545780811338,0.998992543737514,0.809347596713194,0.022031259380601
0,0.0070321153444139,0.161985669800768,0.001982031923734,0.0001125420145708,0.999049624067101,0.809411133018985,0.0221337738680221
0,0.0117341287546685,0.12210901835112,0.0070920408276056,0.002432359669757,0.998967354442271,0.809309058298206,0.0220521510335023
0,0.0071656562694032,0.22000181394927,0.0047415791250433,0.000103179436109,0.999035758399994,0.809315437968255,0.022326239405605
0,0.0076960758312766,0.19557396378148,0.0036684391895644,0.000128210003017,0.999007564876879,0.809350200660153,0.0220887351306782
0,0.0206570338314077,0.154881035160383,0.0129804649182136,0.0002959721232092,0.998991503812481,0.809416210715554,0.0224535805092952
0,0.0486893956649121,0.0285092360250325,0.0260814142864879,0.0001906908837719,0.999144141697874,0.809496802873924,0.0220875024915508
0,0.0141316251743364,0.0876439822232971,0.0052689333747259,0.0001906908837719,0.999196600138425,0.809745349611127,0.0221287642961842
0,0.0077372613501986,0.1393113039272,0.0027810794969228,0.0001906908837719,0.998971745236854,0.809344992766235,0.0221285904624611
0,0.032514095119828,0.0510626719472745,0.0604638459904023,0.0001347064860313,0.999176610468347,0.809537294249131,0.0220792848973688
0,0.0115350654132124,0.0708951839646884,0.0028881514898939,0.0011238915614698,0.999042691233548,0.809528701224168,0.0221215580982091
0,0.0096430276348591,0.152946155939172,0.0027317836891231,0.0002673111687344,0.999043037875225,0.809389259864532,0.0221759364474022
0,0.0054602013722266,0.182453064062642,0.0005615798484451,0.0001906908837719,0.9990398025529,0.809325983953437,0.0221581263923192
0,0.0617720381527671,0.0495812800435348,0.0669266861539812,0.0001906908837719,0.999053783767232,0.809457353077501,0.0220785895624765
0,0.0074951404207787,0.164132176436799,0.0024077577651806,0.0001906908837719,0.999038762627867,0.809321036454216,0.0225627322843248
0,0.0191475221606173,0.0733137829912023,0.0310165635398024,0.0001906908837719,0.999062449809174,0.809392124206187,0.0220916745009048
0,0.0177802877370117,0.0693230945974544,0.009037755001258,0.0001906908837719,0.998980757920473,0.809170398122658,0.0220433171197566
0,0.0100018408678912,0.15140429905977,0.017191622318021,0.0006249998805793,0.999029172208119,0.80940201920463,0.0222185889218202
0,0.0109834290688641,0.122774133083411,0.0028863308017473,0.0001301207333153,0.998980064637118,0.809257760543121,0.0220527199438688
0,0.012662674999454,0.11255555219639,0.0136439109043473,0.0008260087079622,0.998976251578664,0.809325983953437,0.0220904892709747
0,0.0110115101044927,0.126250869184025,0.0127359323109685,0.0001058544585267,0.999033100813799,0.809353585791199,0.0221098638295654
0,0.0133703170972945,0.134443873386341,0.0179249867047462,0.0001906908837719,0.999048468594842,0.809554089707014,0.0221010931280827
1,0.0062115250810449,0.173746107567192,0.0029225117320582,0.0001184652784956,0.998646941984893,0.808288311090418,0.0224768584251224
0,0.010545364913058,0.0972881458415213,0.013098816390604,0.0001178920594061,0.998916513662882,0.80929369501115,0.0220394927778488
0,0.0078165122729726,0.179701907669982,0.0028050320509183,0.0001843854737875,0.998907500979263,0.809212972655432,0.0220554696773066
0,0.0064118364685289,0.0416906007195332,0.0081220130663747,0.0001480815981195,0.999045002178065,0.809593539503438,0.0220439018331888
0,0.0092792222177153,0.109320675998428,0.0050749780485687,0.0002896667132247,0.99897243852021,0.809365954539253,0.0220884506754949
0,0.0146451961148327,0.0894579314931826,0.0168100237965705,0.0001326046827031,0.998912469509976,0.809290830669496,0.022029236588187
0,0.0129166523661393,0.0349185234452943,0.0045561929993187,0.0004612502940136,0.998959612778137,0.809413606768596,0.0220334402036724
0,0.0112430226426751,0.0419324606221846,0.0235179363069134,0.0005281258544547,0.999306716644693,0.809616324039326,0.0220843734845354
0,0.0090152604828066,0.136741542461529,0.0049140811072598,0.000320047324968,0.999011840124236,0.809358272895724,0.0221101482847487
0,0.0163288102065204,0.0668742630831091,0.0185093110863534,0.0005285080005143,0.999030327680378,0.809437042291223,0.0220995444276407
0,0.008566587935763,0.145478731444811,0.0025747282334669,0.0001906908837719,0.998846607591222,0.809178600555578,0.0219898869545076
0,0.013400270201965,0.10469510536022,0.0189959862201501,0.0002023463385917,0.999036220588898,0.809377542103218,0.0220915480763789
0,0.0347487215328501,0.0652114762523808,0.0774224020179922,0.0001198027897044,0.999237850498066,0.809589763780348,0.0223898625482529
0,0.0220236442319993,0.0628231097136983,0.0159766974590329,0.0003015132410743,0.999122534366634,0.809468419852075,0.0220696450272706
0,0.0114302295468657,0.132025274359827,0.0222023442563887,0.000299602510776,0.999153385475945,0.809509952806065,0.0220766457853911
0,0.0322307886714862,0.0485836079450978,0.0488893574952543,0.0001906908837719,0.999069729284404,0.809413867163292,0.0220960677531791
0,0.0131737498478944,0.0733440154790338,0.014603789408795,0.0003995337053779,0.99898618864009,0.809391082627403,0.0220711621215812
0,0.0041790821245487,0.102971853553829,0.0010906122535349,0.0014049599883521,0.999297588413849,0.809623875485506,0.0220897307238194
0,0.0117678259974228,0.0934486198869305,0.0130240081163081,0.0001249617615099,0.998988846226285,0.809322468625043,0.0220732481262581
0,0.01521867326467,0.103485805846963,0.0317237540964614,0.0010100120356901,0.99901426661598,0.809378844076698,0.0221018832813694
0,0.0094732933750596,0.115336941076881,0.0019189877790353,0.0001906908837719,0.999173028504345,0.809631426931686,0.0221469694279105
0,0.0042034190220935,0.0819300420231581,0.0039912696067953,0.0002879470559563,0.998269449197929,0.80723358237482,0.0223089982608884
0,0.0052985794116087,0.117392750249418,0.0030174934704197,0.0002302430009471,0.998814947651329,0.809169747135919,0.022105122909845
0,0.0461065644100954,0.0222208785560964,0.115903440041988,0.000122477812122,0.999376738263579,0.809779331118937,0.0221239127550036
0,0.0070202589071485,0.105450917556006,0.004586510616582,0.0002317715851858,0.998832741924115,0.809317130533778,0.021903965686108
0,0.0114520703523546,0.111618345073616,0.0053958677275828,0.0001906908837719,0.998915127096171,0.809231200284143,0.022076708997654
0,0.0100530107550366,0.0949300117906702,0.0098161905137265,0.0001906908837719,0.999007911518556,0.80935098184424,0.0220333611883438
0,0.0153153968318352,0.106720682044925,0.0150370370925114,0.0001906908837719,0.999017617485531,0.809371422827866,0.022080643961022
0,0.0136704721670135,0.117785772591227,0.0212155662388269,0.0001536227159846,0.998892248745446,0.809248256136722,0.022068191145223
0,0.0128579942028262,0.0059860325906218,0.0301793430368226,0.0001906908837719,0.998680219585948,0.809965252931784,0.0220347044489312
0,0.028780565427253,0.0312906249055235,0.0192187180999803,0.0001392922387472,0.99880061979532,0.809468159457379,0.0220025768162926
0,0.0136923129725024,0.111104392780482,0.0285488381607263,0.0006553804923225,0.999027207905279,0.809706941393487,0.0220797273832094
0,0.0182264641919994,0.102850923602503,0.003520623158842,0.0001906908837719,0.998963541383817,0.809288877709277,0.022060447643013
0,0.0130452011070168,0.0801160927532727,0.0129452307084297,0.0007969656074278,0.999001325326681,0.809412304795116,0.0220743227347281
0,0.0136230464179519,0.110922997853493,0.0164084156022557,0.0001241974693905,0.999037722702834,0.809373896577476,0.0220494961184589
0,0.0098239943089101,0.101429996674426,0.0079624551944058,0.0006022621900293,0.998958572853104,0.809312964218644,0.0220352575562319
0,0.0091325768094327,0.14865314266711,0.009774276949669,0.0001906908837719,0.998793109225637,0.809156206611734,0.0220278933275996
0,0.0209609330392105,0.0677812377180518,0.0277898627879426,0.003889673668283,0.999021892732888,0.809390431640664,0.0221991037417693
0,0.0190645270997594,0.0369441001299997,0.031958200360311,0.0001255349805994,0.999301632566755,0.809610204763973,0.0220517717599247
0,0.0082358557383596,0.093055597545122,0.0043273540725416,0.0001299296602855,0.99893788989967,0.809361007040031,0.0220269925528527
0,0.0179188208461128,0.0680230976207032,0.0159316163064467,0.0001906908837719,0.998990232792996,0.809324812177306,0.0221171964520664
0,0.0100948202969726,0.162771714484385,0.0158278673569348,0.0002422806018265,0.999018772957789,0.809364912960469,0.0221372189363522
0,0.0139363059709642,0.108171841460834,0.0015504188291806,0.0001262992727187,0.999026861263601,0.809376370327087,0.0220802804905101
0,0.0330501308888272,0.0429301327206216,0.0241843024167582,0.0001394833117771,0.998971629689629,0.810125265472393,0.0220709882878581
0,0.013380925488532,0.155153127550866,0.0171710212168733,0.0002795398426437,0.999072155776148,0.809496542479228,0.0221504619054379
0,0.0063375777298666,0.18432747830819,0.0038224295986504,0.0005814352297777,0.998837826002054,0.809051527943996,0.0219997322644603
0,0.0250482837807058,0.0673277504005804,0.0401584413596803,0.0001906908837719,0.999066378414854,0.809369990657038,0.0220665476263866
0,0.0131444207662379,0.114218339027119,0.0118008185348009,0.0006257641726986,0.999044771083613,0.80937936486609,0.0220800592475898
0,0.0115269531140308,0.127550866160776,0.0153347206343791,0.0001524762778056,0.999044886630839,0.809385223746746,0.0221493714939022
0,0.0156236642007357,0.073857967772168,0.0148306428263353,0.0001906908837719,0.998967238895045,0.809323640401175,0.0220719996840651
0,0.0056355518391518,0.0400278138888049,0.0044724406450252,0.0013751525956984,0.999258648998726,0.809530393789691,0.0220973636045693
0,0.0171032227668556,0.0610696254194758,0.0070707060374813,0.0001906908837719,0.998872836811497,0.8092528130439,0.022027687887745
0,0.0080942025141887,0.106902076971914,0.0035827894495479,0.0009032022120142,0.998981797845506,0.809361397632075,0.022074923251226
0,0.0157334922511942,0.0597091634670617,0.0219501218572531,0.0001127330876006,0.999117334741469,0.809468289654727,0.022083741361906
0,0.0081353880331106,0.0733440154790338,0.0018057772594939,0.0002182054000677,0.999078395326346,0.809688192975384,0.0221013301740687
0,0.0169815382791317,0.0802370227045983,0.0172328474499185,0.000105472312467,0.999051819464392,0.809385484141442,0.0221049174699905
0,0.0680415973741112,0.0208301841158509,0.158072231228735,0.0001906908837719,0.998590208296984,0.808875891721636,0.0231903036307812
0,0.0212766886842787,0.0599207908818817,0.0284971507565474,0.0001180831324359,0.998943436166513,0.809337180925359,0.02206027380929
0,0.0087787557605124,0.13867642168274,0.0111743257402094,0.0002287144167084,0.998993352568095,0.809346034345019,0.0220552326313206
0,0.0383399739782403,0.0370045651056625,0.0922359700050971,0.0002673111687344,0.998809632478939,0.809437823475311,0.0220381021080642
0,0.152793283016278,0.0020860416603682,0.126562533363907,0.0001494191093283,0.999013457785399,0.80955565207519,0.0220689180862468
0,0.0074651873161082,0.16011125555522,0.0065960135640505,0.000314315134073,0.998984108790024,0.809334186386357,0.0220809916284682
0,0.0097416232710662,0.152220576231218,0.0095717548131987,0.0001906908837719,0.999068573812146,0.809429360647695,0.0221562300244311
0,0.0278875884942637,0.055446382682831,0.0366367964150116,0.0075185326508459,0.999008027065782,0.809374807958912,0.0221280531582261
0,0.0099375664974524,0.165522870877044,0.0110993001787843,0.0001129241606305,0.998999707665518,0.809343170003364,0.0220352575562319
0,0.0130327206467375,0.12062762644738,0.003102903693252,0.0001906908837719,0.999050086256004,0.809286534157014,0.0220552168282549
0,0.0060168299006867,0.162953109411373,0.0010020818753595,0.0002117089170534,0.998957648475297,0.809412174597768,0.0222487253681763
0,0.0385359172046265,0.0364906128125283,0.0365178637743632,0.0001906908837719,0.999149572417491,0.809519457212464,0.0220879923865886
0,0.0165122729726272,0.0709858814281827,0.0035256970134567,0.0001906908837719,0.999038993722319,0.809403581572805,0.022027687887745
0,0.0090689264620079,0.111134625268313,0.0088936577633843,0.0001906908837719,0.998965621233883,0.80931765132317,0.0220853374715452
0,0.0420635193025919,0.0389999093025365,0.106917151329702,0.0001075741157952,0.999139519808839,0.80950839043789,0.0220660103221517
0,0.0056349278161378,0.104513710433232,0.0028824999258936,0.0001926016140703,0.998994392493128,0.80901793702823,0.0220624072231641
0,0.0102658026028,0.114853221271578,0.0088843259593581,0.0003127865498344,0.999021314996759,0.809387306904313,0.0220698504671252
0,0.0115263290910169,0.117634610152069,0.004339406143534,0.0001906908837719,0.999165055745759,0.809455400117282,0.022181372702015
0,0.0808378132985545,0.0222208785560964,0.0915027356952849,0.0001906908837719,0.998750818940963,0.809062724915919,0.0220146503585139
0,0.0080293041207359,0.156362427064123,0.0033139457898055,0.0001906908837719,0.999014728804883,0.809262708042342,0.0220928597308349
0,0.025105693897991,0.0515463917525773,0.0544509284613933,0.000111204503362,0.999105433377203,0.809452275380931,0.0220670059152929
0,0.0152136810805583,0.0871904949058258,0.0134385688543005,0.0009335828237574,0.999076546570732,0.809426235911345,0.0221693465689909
0,0.0110583118305403,0.122169483326783,0.0206730772857428,0.0002277590515593,0.998997281173775,0.809348247699934,0.0220886719184152
0,0.0100573789161344,0.120446231520392,0.0091253497545019,0.0014024760389643,0.998847878610706,0.809066500639009,0.021998562837596
0,0.0075394460547705,0.107960214046014,0.0053781396278705,0.0016562210225808,0.998971167500725,0.809308537508814,0.022085290062348
0,0.0053466291836842,0.209511140671766,0.0010616642136416,0.0013082770352573,0.998954413152972,0.809310230074337,0.0222547463362212
0,0.0108030864178271,0.104936965262871,0.0103364032027632,0.0001129241606305,0.998981220109377,0.809373375788085,0.0221184448942594
0,0.0081541087235297,0.130936904797896,0.0146412721186944,0.0001419672611649,0.998899297126225,0.809292913827063,0.0220776097724009
1,0.0035051372694625,0.192671644949663,0.0012597237442841,0.0002289054897383,0.998971976331306,0.809144098258376,0.0220728846557463
1,0.0049173013500737,0.207576261450555,0.000468533523969,0.0002300519279173,0.998887626856411,0.809135505233413,0.021988733330709
0,0.0080623773404763,0.116092753272667,0.0036440069793807,0.0001906908837719,0.999163206990145,0.809606949830275,0.0221021993426841
0,0.0084087101132289,0.143574084711431,0.0118985405355189,0.0004148195477645,0.999185854246418,0.809488991033048,0.0233711539150491
0,0.0110427112551911,0.117604377664238,0.0093850390425893,0.0005355777026181,0.99903390964438,0.809349419476065,0.0223792586911449
0,0.0151600151013569,0.122441575717266,0.0181616262822111,0.0003794710372456,0.999072733512277,0.809389650456576,0.0222190946199237
0,0.0064074683074311,0.10723463433806,0.0025624442625819,0.0001788443559224,0.999405278428373,0.80965512284901,0.0226724371666551
0,0.0181790384429378,0.0841067811470206,0.0294037892701292,0.0001129241606305,0.999396150197528,0.809678948963681,0.0221953426121244
0,0.0105322604297647,0.120022976690752,0.0074506552209823,0.0006345535320709,0.998971283047951,0.809493547940226,0.022112866412055
0,0.0119781217531303,0.138615956707077,0.0077046339499233,0.000132795755733,0.998865095147363,0.809000230188911,0.0222013003679064
0,0.0098427149993291,0.10257883121202,0.0006374002897938,0.0001620299292972,0.99903841598619,0.809416080518206,0.0221875991099144
0,0.0052829788362594,0.147050820812045,0.0069260083938021,0.0001906908837719,0.999040842477933,0.808026093631683,0.022064619652367
0,0.0112405265506192,0.0864346827100402,0.0134955983700086,0.0004589574176556,0.999070191473308,0.809427668082172,0.0222685266095418
0,0.0168997912643018,0.102518366236358,0.0030346032481458,0.0002004356082934,0.999078626420797,0.809422590385603,0.0221101956939459
0,0.0083107385000358,0.106720682044925,0.0035995678362257,0.0003305563416087,0.999080359629186,0.80934343039806,0.0221974286168014
0,0.0094165072807885,0.137799679535629,0.0037173676573633,0.0003594083691133,0.99909006559616,0.809431053213219,0.0222145117308606
0,0.0094171313038024,0.0666021706926263,0.0043272016684141,0.0001526673508354,0.998996703437645,0.809378193089958,0.0221500668287945
0,0.0128717227091335,0.106720682044925,0.0071281703411983,0.0001906908837719,0.999041535761289,0.809474539127428,0.0222355930205507
0,0.0077528619255478,0.147474075641685,0.002238157621289,0.000149801255388,0.999055979164524,0.809397071705408,0.0221442354975384
0,0.0057291552912471,0.134171780995858,0.0026673141198705,0.0001906908837719,0.999034834022187,0.80922195627244,0.0220927175032433
0,0.0055881260900902,0.150104302083018,0.0054664932926535,0.000152094131746,0.999060369959108,0.809394728153146,0.0220992125632603
0,0.0118851423240489,0.0935695498382562,0.0019811674000015,0.0001264903457485,0.999097576165843,0.809416210715554,0.022114715370746
0,0.0106239918128181,0.123560177767028,0.003306616361876,0.0001906908837719,0.999072617965051,0.809345773950323,0.0221463215022154
0,0.0179662465951744,0.0819905069988209,0.0146141409000064,0.0001906908837719,0.999177534846155,0.809574400493292,0.0221114599392047
0,0.0082801613723514,0.12274390059558,0.0016537758573806,0.000149801255388,0.998950715641743,0.809278461921442,0.0221055811987513
0,0.0805208096074583,0.0130906672310064,0.178392628710234,0.0001121598685111,0.999159509478917,0.809554219904362,0.0220443127128979
0,0.0076055924942511,0.140550835928289,0.0015209959910656,0.0001906908837719,0.998985148715057,0.80931009987699,0.0229487853771578
0,0.0201809042717495,0.0401487438401306,0.0010297148831315,0.0001906908837719,0.999086599179384,0.809490943993267,0.0221023731764072
0,0.0082009104495773,0.136650844998035,0.0011128146764903,0.0001906908837719,0.999091336615645,0.809493417742878,0.0221534012756646
0,0.0060417908212454,0.160474045409197,0.0029032395568163,0.0001750228953258,0.999009644726945,0.809327155729569,0.0221407588230768
0,0.0158345839794572,0.13761828460864,0.0092652948883398,0.0001906908837719,0.999168175520858,0.809479616823997,0.022102863071445
0,0.0125191497062412,0.0924811802763249,0.0095841475831032,0.0021126944908486,0.999023972582954,0.809360095658595,0.0220645406370383
0,0.0179581342959928,0.0711672763551713,0.005396940755241,0.0001906908837719,0.999115948174758,0.80946620649716,0.0221918975437943
0,0.0071431914409003,0.105481150043837,0.003377930456266,0.0001906908837719,0.99905609471175,0.809418293873121,0.0221399686697901
0,0.0104929469798846,0.100129999697675,0.0072697078970491,0.0001605013450585,0.999015190993787,0.809252943241247,0.0220612377962998
0,0.0057996698918256,0.120022976690752,0.0050470785910457,0.0001689085583711,0.998985033167831,0.809607731014362,0.0220881188111145
0,0.0215818359381094,0.0419324606221846,0.0108236459996706,0.0001083384079145,0.999191053871583,0.809486907875481,0.0221074301574423
0,0.0132317839881935,0.0468905886265381,0.00098291488481,0.0001906908837719,0.999190245041002,0.809522451751467,0.0221734395630162
0,0.0143880986330776,0.101339299210932,0.0043626034974768,0.0001906908837719,0.999088447934998,0.809408789466722,0.0221430502676083
0,0.0078034077896792,0.0977718656468241,0.0021992488455842,0.0001906908837719,0.999044771083613,0.809396681113364,0.0221028946775764
0,0.0131843582391319,0.147141518275539,0.0049244326956306,0.0001962320016371,0.999030327680378,0.809350851646892,0.0222320689368919
0,0.0319587146373958,0.101550926625752,0.0083899067216046,0.0001906908837719,0.999225486944897,0.809549272405141,0.0221125187446089
0,0.013861423209288,0.0765788916769961,0.0098945768747271,0.000106618750646,0.99910774432172,0.809371683222561,0.0221570833899807
0,0.0089016882942642,0.196813495782568,0.0033965591646866,0.0001851497659068,0.998998321098808,0.809386786114922,0.022092022168351
0,0.006648965213837,0.172053088248632,0.0031737125979814,0.0002010088273829,0.999072849059503,0.809480788600129,0.0221120604557026
0,0.0160604803105139,0.14163920549022,0.003824466602333,0.000152094131746,0.999077470948539,0.809398634073583,0.0221791128636149
0,0.0093834340610481,0.0854370106116032,0.0082993045955698,0.003265438079823,0.99899208154861,0.809377281708523,0.0220824929197129
0,0.0073241581149512,0.105632312482994,0.0069820235855202,0.0002466752815126,0.99909457193797,0.809480137613389,0.0221988983019148
0,0.0121466079669018,0.116667170541464,0.004133651729852,0.0001906908837719,0.999068111623242,0.809423241372343,0.0221687302494272
0,0.0095313275153587,0.140067116122986,0.0068997115017264,0.000333613510086,0.999050317350456,0.809467768865335,0.0221192982598091
0,0.0069803214342545,0.139553163829852,0.0026234840102698,0.001650297758656,0.998960421608718,0.809271821856698,0.0220711463185154
0,0.012662674999454,0.105934637361308,0.0084542348851659,0.0002161035967396,0.999089372312805,0.809419075057209,0.022085590320597
0,0.0266850961463459,0.0991625600870695,0.0232444915892958,0.0001266814187783,0.999049624067101,0.809497584058012,0.0221339318986794
0,0.0113422423018961,0.184357710796021,0.0054851265481309,0.0002310072930664,0.999049161878197,0.809382099010396,0.0221541756258856
0,0.0125778078695542,0.1250718021586,0.0031079100804268,0.0001906908837719,0.998988615131833,0.809107122211563,0.0221315298326877
0,0.0091144801420276,0.165704265804033,0.0056125004692358,0.0001125420145708,0.999032985266573,0.809371292630518,0.0220918325315622
0,0.0121179029082593,0.0508208120446231,0.0061939945217861,0.0001906908837719,0.999210465805532,0.809640410548693,0.0220345464182739
0,0.0095550403898895,0.149408954862896,0.0012834818630252,0.0001906908837719,0.998968625461755,0.809191880685067,0.022079032048317
0,0.0238794886755424,0.0566254497082565,0.0059983417443784,0.0001906908837719,0.998956261908586,0.809247865544678,0.0220325236258598
0,0.0093528569333637,0.181848414306013,0.0010575145968847,0.0001906908837719,0.999016346466046,0.809346034345019,0.0221467797911217
0,0.0114888877101788,0.0848928258306376,0.0028970229918709,0.0009337738967873,0.999179383601769,0.809513988923851,0.0221596434866298
0,0.0110945051653505,0.120325301569066,0.0023546046736208,0.0001016508518704,0.99903252307767,0.809364782763121,0.0220454663366965
0,0.0121990259000752,0.0750974997732563,0.0094147888607188,0.0002117089170534,0.999037953797286,0.809353195199155,0.022105897260066
0,0.0100629951232601,0.114278804002781,0.003653977197943,0.000641241088115,0.999020852807855,0.809444072948012,0.0220694079812846
0,0.017057045063822,0.0840463161713577,0.0072690286950257,0.0002741897978084,0.999191516060487,0.809502010767841,0.0221813568989492
0,0.0198832452940864,0.0696858844514315,0.0231798617460098,0.0002397966524387,0.999214394411212,0.809517634449593,0.0221121868802285
0,0.012721333162767,0.0855579405629289,0.005814300459258,0.0001906908837719,0.999134551278126,0.809401498415238,0.0221468272003189
0,0.0090551979557006,0.167215890195604,0.0015288377595825,0.0001119687954813,0.998998783287711,0.809269868896479,0.022121447476749
0,0.0056343037931238,0.153520573207969,0.0018890375406366,0.0009901404405876,0.999181463451835,0.809552917930883,0.0221009509004911
0,0.0264854087818759,0.0567161471717508,0.0179347764207023,0.0001906908837719,0.999258648998726,0.809592237529958,0.0221110964686928
0,0.0072548915604007,0.166339148048493,0.0016085048165967,0.000228141197619,0.999017964127208,0.809457483274849,0.0221162482681223
0,0.0144186757607621,0.103788130725277,0.0189078889005475,0.0001906908837719,0.999116410363662,0.809474278732732,0.0221564196612199
0,0.0090027800225272,0.118148562445204,0.0043809978770215,0.0002911952974634,0.998974287275824,0.809362569408206,0.0220374699854348
0,0.0070608204030564,0.217492517459262,0.0082538487577371,0.0001543870081039,0.999013688879851,0.809353065001807,0.0220924172449943
0,0.0097166623505074,0.14674849593373,0.0052079726953021,0.0001729210919976,0.999057712372912,0.809319083493997,0.0221129138212522
0,0.0147144626693832,0.0784533059225444,0.0135577129525181,0.0002180143270379,0.99912992938909,0.809467899062683,0.0220584722597962
0,0.0151219496975048,0.11255555219639,0.006313510409902,0.0001918373219509,0.999188742927065,0.809468680246771,0.0220952143876294
0,0.0093235278517071,0.125585754451734,0.0035285467743799,0.0001593549068796,0.999031136510959,0.809344471976844,0.0220992125632603
0,0.0155949591420932,0.0661789158629864,0.0130304834165536,0.0001906908837719,0.999128658369606,0.809549662997185,0.0221623142047389
0,0.0122476996951648,0.120295069081235,0.0077248768440472,0.0002061677991883,0.999004676196232,0.809335488359836,0.0221395261839495
0,0.0118389646210152,0.0955044290594673,0.0038767198430272,0.0002430448939458,0.999020390618952,0.809378453484654,0.0220432855136252
0,0.0224317552831348,0.0473440759440094,0.0032185285833198,0.0001790354289522,0.999412673450829,0.809770998488669,0.0223342989691297
0,0.0131038592703299,0.0993137225262267,0.0150128534936254,0.0002388412872895,0.999131315955801,0.809495240505749,0.022104348559624
0,0.0127581505205912,0.0893067690540254,0.010293766559528,0.0001576352496111,0.999114677155273,0.809490813795919,0.0222550782006016
0,0.0122115063603546,0.0914532756900565,0.0099681430835598,0.0002283322706488,0.999228837814447,0.809516853265506,0.0221982029670224
0,0.0142682862143956,0.08770444719896,0.0136582002438364,0.0002367394839614,0.999011493482559,0.809379495063437,0.0221275948693198
0,0.0074433465106193,0.140248511049974,0.0051982498249662,0.0005128400120681,0.999037607155609,0.809361658026771,0.0221622351894103
0,0.0107076108966899,0.130513649968256,0.0110504688314533,0.0002069320913076,0.999044886630839,0.809377932695262,0.0221756994014162
0,0.0119244557739289,0.105571847507331,0.0116036501689796,0.0002753362359874,0.998961461533751,0.809494068729618,0.0221397474268698
0,0.0062277496794081,0.204794872570064,0.0041229054219808,0.0009148576668339,0.999049624067101,0.809436261107136,0.0221848019672794
0,0.0101085488032799,0.111799740000605,0.0029450441858312,0.0006515590317259,0.999257262432015,0.809533909118085,0.0221901117973663
0,0.0104467692768509,0.117422982737249,0.0046286093274619,0.0001345154130014,0.999092723182355,0.80941269538716,0.0221212420368944
0,0.0087812518525683,0.206246031985972,0.0014318612624159,0.0001377636545086,0.999041651308515,0.809368688683559,0.0221727442281238
0,0.0090052761145831,0.103788130725277,0.011036141580393,0.0001906908837719,0.999133511353093,0.809451624394192,0.0222284500348386
0,0.0080542650412947,0.171085648638026,0.0070402465870257,0.0020368384980054,0.999081399554219,0.809415429531467,0.0220915954855761
0,0.0116929432357465,0.152583366085195,0.0006106031826153,0.000180372940161,0.99910635775501,0.809400977625846,0.0220932390044125
0,0.0072236904097023,0.186111195090244,0.001183864691817,0.0005057703099644,0.998989770604092,0.809246823965895,0.0221409642629313
0,0.0038321253287821,0.14844151525229,0.0059009575083608,0.0009135201556251,0.999305907814112,0.809573098519812,0.0221282269919492
0,0.0120579966989183,0.132690389092118,0.0093698653394321,0.0001287832221065,0.999080128534734,0.809377151511175,0.0221448676201678
0,0.0115400575973242,0.104392780481906,0.0083232435861226,0.0004302964631808,0.999161358234531,0.809629083379423,0.0226964736296375
0,0.0093503608413078,0.191583275387732,0.000608792035515,0.0003349510212948,0.999003751818424,0.809328848295092,0.0221758416290078
0,0.0055650372385733,0.159325210871603,0.0031601115934929,0.0133000203874923,0.99896007496704,0.809470503009642,0.0220681753421573
0,0.0088598787523283,0.122774133083411,0.0050361046388605,0.0002029195576812,0.99899601015429,0.809328848295092,0.0247625506407266
0,0.0096879572918649,0.138132236901775,0.0109210731995447,0.0001524762778056,0.998985379809509,0.809369990657038,0.0221637680867865
0,0.0121203990003151,0.0735858753816852,0.0031445121964402,0.0003210026901171,0.998978678070408,0.809324681979958,0.022309440746729
0,0.0054302482675561,0.133113643921758,0.0012345146869487,0.0001037526551985,0.998980526826022,0.80918602180441,0.0221093897375934
0,0.0076336735298797,0.124950872207274,0.002403280896363,0.0002686486799433,0.99900837370746,0.808890994613996,0.0220654730179167
0,0.0185596924814587,0.0566254497082565,0.0018259461570709,0.0001906908837719,0.999179383601769,0.809508781029934,0.0229347838609168
0,0.0059918689801279,0.0893370015418569,0.0017884062786208,0.0001125420145708,0.99910635775501,0.809328587900396,0.0223525831161847
0,0.0063288414076711,0.13250899416513,0.0024861963590379,0.0001205670818237,0.998976251578664,0.809348638291977,0.0223818187877939
0,0.0120124430188985,0.130332255041267,0.0047450691853936,0.0001348975590611,0.999013111143721,0.809345383358279,0.0222142272756774
0,0.0046864128349053,0.144995011639508,0.0015360163573657,0.0001857229849963,0.998951524472325,0.809499667215579,0.0223153826994452
0,0.0057684687411271,0.0502161622879947,0.0050701725285961,0.001006763794183,0.998917091399011,0.808701036683363,0.0220766299823254
0,0.0083831251696562,0.12105088127702,0.0044465864302961,0.0001561066653724,0.999047082028131,0.809357101119593,0.0220409150537649
0,0.0063438179600063,0.153278713305318,0.0020325429421578,0.0002090338946358,0.999012764502043,0.809274686198352,0.0220922434112713
0,0.013042705014961,0.0834114339268978,0.0078735038831423,0.0001213313739431,0.99903587394722,0.809457873866893,0.0221897009176572
0,0.0118102595623727,0.0774858663119388,0.0117298429240904,0.0002812594999122,0.999108553152302,0.809486517283438,0.0220909001506838
0,0.0123094779735477,0.0846509659279862,0.0155250035904162,0.0002187786191572,0.999074928909569,0.80959783601592,0.0220902838311202
0,0.0103843669754541,0.0992532575505638,0.0066445457966632,0.0001008865597511,0.999213816675082,0.809595752858353,0.0223940977698698
0,0.0047288463998552,0.171176346101521,0.0016678993458907,0.0002852720335386,0.998836439435344,0.809093321292683,0.0218427762155833
0,0.0130969950171762,0.106871844484083,0.0061716518784833,0.0001708192886695,0.999179614696221,0.809476361890299,0.0223413629395131
0,0.0129097881129856,0.0686882123529945,0.0030239076768775,0.0007644831923564,0.999005485026813,0.809322729019739,0.0221324148043689
0,0.0099793760393883,0.156846146869426,0.0039882461249872,0.000321193763147,0.99903448738051,0.809373766380128,0.0221096583897109
0,0.0101959120252355,0.111739275024942,0.0026709342765658,0.0001906908837719,0.999086599179384,0.809542632340396,0.0221068612470759
0,0.0120854537115329,0.111013695316988,0.005374668785636,0.0004345000698371,0.998912700604427,0.80911675681531,0.0220623914200984
0,0.0069222872939554,0.159204280920277,0.0040019801406007,0.0001801818671312,0.999084519329318,0.809518806225725,0.022122996177191
0,0.0065035678515823,0.132539226652961,0.0015875437401254,0.0010556784898199,0.998987806301252,0.809437693277963,0.0220760136627617
0,0.0107138511268296,0.119871814251595,0.0024891472239615,0.0001484637441791,0.999121494441601,0.809385744536138,0.0222502108563553
0,0.0067275921135971,0.127309006258125,0.0019003293009955,0.0001906908837719,0.999051357275489,0.809440948211661,0.0220869335811844
0,0.0080099594073029,0.0744626175287964,0.0103539359344915,0.0001906908837719,0.998926450724308,0.809368558486211,0.0223477157719384
0,0.0124398987834671,0.136741542461529,0.0149623706319759,0.0001906908837719,0.999070191473308,0.809410351834897,0.0221805667456625
0,0.0134339674447194,0.0829579466094265,0.0020811432640301,0.0004373661652846,0.999023279299599,0.809381187628961,0.0220319547154934
0,0.0059257225406473,0.127127611331136,0.0020794027906276,0.0003441225267268,0.999133626900318,0.809495500900445,0.022117038421409
0,0.0159157069712731,0.109683465852405,0.011023883628777,0.0001064276776162,0.999126462972314,0.809498495439447,0.0222421038836334
0,0.0107282036561508,0.103183480968649,0.0062316468524466,0.0001906908837719,0.999258995640403,0.809712930471492,0.0221261093811407
0,0.0061210417440195,0.140943858270097,0.0010183555970372,0.0003139329880134,0.998965043497753,0.809471414391078,0.022084278666141
0,0.008587804718238,0.0591347461982646,0.0040410858971344,0.0008447338648857,0.999062911998077,0.809402800388717,0.0220889563735984
0,0.0171294317334423,0.107113704386734,0.0036700181258622,0.0001906908837719,0.999044193347484,0.809357101119593,0.0220988332896826
0,0.0098807804031812,0.140460138464794,0.0013981282614646,0.0001906908837719,0.999055632522846,0.809350200660153,0.0221310399376499
0,0.0284816584035619,0.0839556187078635,0.0083421466142001,0.0001499923284178,0.99927367013809,0.809603043909837,0.0220722999423141
0,0.0066820384335774,0.171115881125858,0.0036603311267515,0.0003930372223637,0.998979949089892,0.809362178816162,0.0221416754008894
0,0.0102938836384286,0.0876439822232971,0.0018950423565348,0.0003737388463507,0.998969549839563,0.809636765022951,0.0220166731509279
0,0.0218139724993058,0.0737370378208423,0.0147667176991133,0.0001906908837719,0.999158816195561,0.809462170379374,0.0220621543741124
0,0.0202813719769985,0.0502463947758261,0.0276909619919181,0.0005885049318815,0.999147030378521,0.80960851219845,0.0220920695775482
0,0.0127369337381163,0.134232245971521,0.0159359022377458,0.0002141928664412,0.999068342717694,0.809486126691394,0.0221303604058234
0,0.0161684362919305,0.0996765123802038,0.0090188952090831,0.0001669978280728,0.999043615611355,0.809575442072075,0.0220893198441103
0,0.0164798237759009,0.120476464008223,0.0059118663832257,0.0001906908837719,0.999196022402296,0.809491594980007,0.0221649375136509
0,0.0064430376192274,0.189104211385555,0.0057168666719813,0.0003445046727864,0.998885431459119,0.809216748378522,0.0219806579641185
0,0.0098040255724631,0.0917253680805393,0.0070984730668353,0.0002619611238992,0.99907770204299,0.809506437477671,0.0221478702026574
0,0.0103225886970711,0.150074069595187,0.0026794310544326,0.0003265438079823,0.999031367605411,0.809403060783413,0.0221723491514805
0,0.0186589121406797,0.0832602714877407,0.0093402289256745,0.0001906908837719,0.9989286461216,0.809197609368376,0.0220326816565172
0,0.0143937148402033,0.131813646945007,0.0053129987653641,0.000207696383427,0.998972900709113,0.809220524101612,0.0221284482348695
0,0.04130221122555,0.0276627263657526,0.0460147281553353,0.0001906908837719,0.999247440917815,0.809657336203925,0.0220771356804289
0,0.0137035453867539,0.177676330985277,0.006911824880257,0.0001906908837719,0.998997281173775,0.809326374545481,0.0221235492844917
0,0.0076399137600194,0.203555340568975,0.0014000484796305,0.0001392922387472,0.999126347425088,0.809390301443316,0.0224046226116491
0,0.0090233727819882,0.132811319043444,0.0023558875848671,0.0001454065757018,0.99906452965924,0.809400456836454,0.0220781628797016
0,0.0111013694185042,0.161199625117151,0.0039317145897173,0.0001326046827031,0.999126925161217,0.809442380382489,0.0222076057911346
0,0.0100105771900868,0.138434561780089,0.0038435015144872,0.0001870604962051,0.999035758399994,0.809360225855943,0.0221375508007326
0,0.0101172851254754,0.137739214559966,0.0026987016168297,0.000104325874288,0.999076893212409,0.809434828936308,0.0221916921039397
0,0.013062049728394,0.103697433261783,0.0114724570505727,0.0001461708678212,0.999208848144369,0.809557344640713,0.0221750672787868
0,0.0150620434881638,0.134292710947184,0.0061387769693167,0.0001750228953258,0.999080937365315,0.809458915445676,0.0221001923533358
0,0.0236442319992761,0.0438673398433957,0.0214124061283799,0.0001906908837719,0.999205843916496,0.809541460564265,0.0221591851977235
0,0.0092274283075559,0.14886477008193,0.0001745553086667,0.0001392922387472,0.998996125701516,0.809383921773267,0.0221201042161615
0,0.009665492463362,0.0784835384103758,0.005733065522678,0.0004935416360551,0.999152461098138,0.809402539994021,0.0221049964853192
0,0.004673308351612,0.103667200773952,0.0008678041036293,0.0001906908837719,0.998887164667507,0.809120402341053,0.0264608903121692
0,0.0115425536893801,0.127460168697282,0.0008485401674987,0.0001906908837719,0.999015190993787,0.8093283275057,0.0253406425883677
0,0.0195693617180602,0.110650905463011,0.0239690499594336,0.0001010776327809,0.999160896045627,0.809524014119642,0.0222027226438226
0,0.0087519227709117,0.151011276717961,0.0027901456479046,0.0006486929362784,0.998989192867963,0.809408398874678,0.022229145369731
0,0.0114707910427737,0.16649031048765,0.0045260211016209,0.0002392234333492,0.999027438999731,0.809362829802902,0.0220667688693069
0,0.0125803039616101,0.119599721861112,0.0033107827871973,0.0001467440869107,0.999012186765914,0.809353715988547,0.0221940151546027
0,0.0080948265372026,0.100916044381292,0.0078542274717535,0.0001891622995333,0.999003058535069,0.809399024665627,0.0220441704853063
0,0.0154657863782016,0.180699579768419,0.0067769329643917,0.000129356441196,0.999070769209437,0.809403060783413,0.0221322725767773
0,0.0113397462098402,0.151555461498927,0.0012001912876029,0.0003192830328487,0.999055632522846,0.809377411905871,0.0220738644458218
0,0.0145353680643742,0.0930858300329534,0.0040090260770325,0.0001906908837719,0.999165517934663,0.809478445047866,0.0221837905710724
0,0.0153160208548491,0.0913021132508994,0.0067818011327014,0.0001817104513699,0.999192209343842,0.809433396765481,0.0220825719350416
0,0.0253147416076705,0.139160141488043,0.0152398323438628,0.0003229134204155,0.999118605760953,0.809508781029934,0.0221037796492576
0,0.0162951129637661,0.0677812377180518,0.0102144563687388,0.0001906908837719,0.999259111187629,0.809493027150834,0.0220857799573858
0,0.0074314900733539,0.14100432324576,0.0010358504366263,0.0004509323504027,0.998974980559179,0.809128604773972,0.0221271997926764
0,0.0102726668559536,0.100039302234181,0.0057223603714996,0.0001906908837719,0.999181463451835,0.809532216552562,0.0221334262005759
0,0.0067981067141756,0.178915862986365,0.00031743039874,0.0001719657268484,0.998974865011953,0.809309839482294,0.0223697136394411
0,0.0124305384382576,0.111829972488436,0.004217552718491,0.0001906908837719,0.9990299810387,0.809338743293535,0.022084278666141
0,0.0077572300866456,0.151313601596275,0.0018574328731395,0.0001207581548536,0.999055401428395,0.809393686574362,0.022184944194871
0,0.0067569211952536,0.175680986788403,0.0033066917380855,0.0002541271296761,0.99909399420184,0.8093975924948,0.0222491836570826
0,0.0092124517552207,0.12933458294283,0.0039154438411152,0.0002508788881689,0.99911225066353,0.809434308146917,0.0221323041829087
0,0.0077740787080227,0.143181062369622,0.0076831719976658,0.0006947415364679,0.99900583166849,0.809403060783413,0.0220886403122837
0,0.0171256875953585,0.0625812498110469,0.0057037217916909,0.0001029883630792,0.99903841598619,0.809445635316187,0.0222547621392869
0,0.0087469305868,0.153460108232306,0.0025697571151295,0.0001310760984645,0.999088679029449,0.809416340912902,0.0223271085742204
0,0.0044261952380803,0.190615835777126,0.0017484894748506,0.0002063588722181,0.998909696376555,0.809170528320006,0.0222935586656656
1,0.0047494391593162,0.232487831423648,0.0005579282509901,0.0001138795257796,0.998969549839563,0.809116366223267,0.0330915880423322
1,0.0047375827220507,0.180487952353599,0.0020403916089872,0.0001906908837719,0.998451782720374,0.807765178146427,0.0221111912870872
0,0.0054608253952405,0.12380203766968,0.0007653836136584,0.0001906908837719,0.999081977290348,0.809660981729667,0.0220680489176314
0,0.0156361446610151,0.0805998125585754,0.0127837723222073,0.000871675162092,0.999151998909234,0.80950018800497,0.0222211332154035
0,0.0100005928218633,0.12464854732896,0.0043183854112331,0.0003521475939797,0.999018310768886,0.80937806289261,0.0221191402291517
0,0.0095906097016858,0.127188076306799,0.0060559448693483,0.0003615101724414,0.999034025191606,0.809527659645384,0.0221631359641571
0,0.0121715688874606,0.0783021434833872,0.0137603487848382,0.0001954677095177,0.999353859912854,0.809717747773365,0.0220744807653855
0,0.0252904047101257,0.056232427366448,0.0398874072428071,0.0001005044136914,0.999419259642705,0.809726991785068,0.0221239443611351
0,0.008567211958777,0.099978837258518,0.005587232300163,0.0006129622796999,0.999020968355081,0.809459566432416,0.0222202324406566
0,0.0102913875463727,0.121988088399794,0.0084165644051423,0.0001402476038964,0.998998783287711,0.809332493820834,0.0240339502950282
0,0.0104355368625995,0.108746258729631,0.0006711722322053,0.0001433047723737,0.998993352568095,0.809325463164046,0.0220403461433985
0,0.0043488163843482,0.124346222450645,0.0013222542270285,0.0001906908837719,0.999034602927736,0.809349679870761,0.022063371210174
0,0.0093909223372158,0.108050911509508,0.0109218591019461,0.0005460867192588,0.999023857035728,0.809408138479983,0.0220582510168759
0,0.0117384969157663,0.124829942255948,0.0074007403333535,0.0001931748331598,0.999052512747748,0.809419986438644,0.0220846421366529
0,0.0083968536759635,0.119085769567978,0.0023085330982401,0.0002459109893933,0.998998898834937,0.809327546321613,0.0220184272912245
0,0.0102776590400654,0.112918342050367,0.0067641011508996,0.0003198562519381,0.999064183017562,0.809452796170323,0.0220843892876011
0,0.0057547402348198,0.0763672642621761,0.0028520418356687,0.0001358529242103,0.99896850991453,0.809171700096138,0.0220779732429128
0,0.0080386644659455,0.147715935544336,0.001881774414235,0.0001016508518704,0.999004676196232,0.809357361514289,0.0220951669784322
0,0.0098196261478123,0.162560087069565,0.0023896826123358,0.0001410118960157,0.999034718474961,0.809380797036917,0.0221111596809557
0,0.0045990496129497,0.144178734468059,0.0026486718091434,0.0001906908837719,0.998949791263936,0.809040851761466,0.0220322233676109
0,0.0065060639436382,0.147262448226865,0.0052269311236305,0.0001471262329703,0.999001094232229,0.809346294739715,0.0220457507918798
0,0.0119144714057054,0.103818363213109,0.0113934003290478,0.0001209492278834,0.999094456390744,0.809449931828669,0.0220972845892406
0,0.0087575389780375,0.139220606463706,0.0014097271036069,0.0001906908837719,0.998974749464727,0.809335358162488,0.0220536049155499
0,0.0122102583143266,0.0986183753061039,0.0076732262243913,0.0001068098236758,0.999124845311151,0.809388869272488,0.0220716204104875
0,0.0108929457318386,0.101974181455392,0.0046740569650469,0.0001738764571468,0.998981913392732,0.809364131776381,0.0221947262925608
0,0.0967216950961152,0.0118813677177495,0.254043669266602,0.0001906908837719,0.998935463407927,0.809551355562708,0.0219823646952179
0,0.0076754830718156,0.147081053299876,0.0009654579373602,0.0001906908837719,0.998941009674769,0.808896983692001,0.0220610007503138
0,0.0191019684805976,0.0404510687184448,0.0009997635371164,0.0001016508518704,0.999052743842199,0.809508260240542,0.0220951669784322
0,0.0096467717729429,0.145811288810956,0.0023459681612033,0.0001906908837719,0.999096882882487,0.809480398008085,0.0221404427617621
0,0.0082183830939685,0.131602019530187,0.0070910497246959,0.0001603102720287,0.998984802073379,0.809380406444873,0.022064856698353
0,0.0098757882190695,0.142183390271185,0.0027978362170697,0.0001906908837719,0.999052974936651,0.809387827693705,0.0220413259334741
0,0.0112654874711779,0.0973788433050156,0.0066676896352462,0.0032373503444378,0.999030212133152,0.809388739075141,0.022102626025459
0,0.017955638203937,0.07029053420806,0.0087494905319282,0.0001906908837719,0.999084865970995,0.809496151887185,0.0220975848474896
0,0.0087706434613308,0.124769477280285,0.00411640705611,0.0001706282156396,0.999024550319084,0.809486126691394,0.0220925752756517
0,0.0114757832268854,0.084923058318469,0.0043529245625906,0.0002002445352635,0.998961345986525,0.809319994875432,0.0220144133125279
0,0.007549430422994,0.0812346948030353,0.0034931430409943,0.0001790354289522,0.999023741488502,0.809680771726552,0.0221579525585961
0,0.0282682425327846,0.0284185385615382,0.0064967050097431,0.0001144527448691,0.999142408489486,0.809549532799837,0.0220575714850493
0,0.011184988502376,0.0486440729207606,0.0002849296112957,0.0001906908837719,0.999128889464057,0.809504484517452,0.0221140516419851
0,0.0182414407443347,0.0898207213471597,0.0068888195908808,0.0001906908837719,0.999131662597478,0.809430402226479,0.0221236282998204
0,0.0092074595711089,0.0617045076639357,0.0014224868054431,0.0001906908837719,0.999056556900654,0.80945045261806,0.02211781277163
0,0.013001519496039,0.116485775614475,0.0052082242019479,0.0001771246986539,0.999052281653296,0.809361527829423,0.0220998762920211
0,0.0369421624269503,0.092269552861505,0.0197192919150256,0.0001906908837719,0.999123227649989,0.809454488735846,0.0220566233011052
0,0.0129803027135641,0.0730719230885509,0.0159226642593839,0.0001318403905838,0.999088910123901,0.809459566432416,0.0220912004089328
0,0.0070714287942939,0.200532091785833,0.0046966853345121,0.0001700549965501,0.999017039749401,0.809368818880907,0.0221353067653983
0,0.0155494054620734,0.12380203766968,0.0132866400302079,0.0002073142373673,0.999061525431367,0.809508650832586,0.0221189031831657
0,0.0178040006115426,0.107295099313723,0.0039710495839781,0.0001450244296422,0.999087870198868,0.80941582012351,0.0221246080898959
0,0.0087725155303727,0.0976207032076669,0.0074613131332937,0.0029239905755138,0.99898364660112,0.80941269538716,0.0220996234429694
0,0.0068480285552931,0.0968648910118814,0.003888397248205,0.0002336823154841,0.999131084861349,0.809496282084533,0.0221452626968112
0,0.0131999588144811,0.0934788523747619,0.0040474376690057,0.0001906908837719,0.999132818069737,0.809488600441005,0.0221738188365938
0,0.0082052786106751,0.1229555280104,0.0033875221226405,0.0003534851051885,0.999038878175093,0.809539507604046,0.0221176863471041
0,0.0069160470638157,0.140006651147323,0.0038709984020356,0.0012958572883183,0.998974749464727,0.809324030993218,0.0221181604390762
0,0.0113097931051697,0.117816005079058,0.0087702267234105,0.0001755961144152,0.999091452162871,0.809392514798231,0.022104648817873
0,0.0194688940128112,0.0738277352843365,0.007583957124386,0.0001322225366435,0.998970127575692,0.808955181906527,0.0219844506998949
0,0.0103793747913423,0.144601989297699,0.0034834148851907,0.0001926016140703,0.99907631547628,0.809433657160177,0.0221796659709156
0,0.012842393627477,0.12147413610666,0.0049345375187309,0.0001906908837719,0.998999707665518,0.809443161566576,0.0220955620550755
0,0.0088929519720687,0.162197297215588,0.0032969152357985,0.0001178920594061,0.999012533407592,0.809352153620372,0.0220716520166189
0,0.0108567523970284,0.0555068476584938,0.0054543632221498,0.0001906908837719,0.999195675760619,0.809714492839667,0.0220909001506838
0,0.0085129219565617,0.165794963267527,0.0004200839350837,0.0001906908837719,0.998941471863673,0.809093321292683,0.0221063713520381
0,0.0224398675823164,0.0560812649272909,0.0087824209773687,0.0001906908837719,0.999034949569413,0.809386655917574,0.0221377404375215
0,0.0091163522110695,0.18707863470085,0.0005525656582738,0.0001906908837719,0.999073080153955,0.809414387952683,0.022164811089125
0,0.009525087285219,0.109985790730719,0.0017432276946568,0.0015155912726247,0.999062449809174,0.809377542103218,0.0220353523746263
0,0.0096224348753982,0.130997369773559,0.0021173461134863,0.000111204503362,0.999018541863338,0.809502140965189,0.0220788898207254
0,0.0109778128617383,0.0866765426126916,0.0096947789693237,0.0004944970012043,0.99904627319755,0.809392905390274,0.0221177495593671
0,0.0127874796022477,0.0917556005683708,0.00694103227727,0.0010698178940274,0.998994508040354,0.809377932695262,0.0220697240425993
0,0.0157041631695377,0.0847718958793119,0.0105246848125924,0.000375649576649,0.999195675760619,0.809477143074386,0.0221418650376782
0,0.0181990071793848,0.0645463615200895,0.0211156757778507,0.0002071231643375,0.999199026630169,0.809525576487817,0.02210899466095
0,0.0162607916979978,0.0847718958793119,0.0095296399350061,0.0001906908837719,0.99904234459187,0.809328718097744,0.0220655520332454
0,0.009485149812325,0.178825165522871,0.0077207314440053,0.0001394833117771,0.999077239854087,0.809358793685116,0.0221876623221774
0,0.006051151166455,0.176799588838165,0.0023380786097271,0.0002550824948252,0.998859548880521,0.809200994499422,0.0219801048568178
0,0.0222408042408604,0.067720772742389,0.0164464008979456,0.0001906908837719,0.999169215445891,0.80951724385755,0.022089462071702
0,0.0078932671036907,0.135290383045621,0.0019869013356831,0.0001857229849963,0.999001094232229,0.809533518526041,0.0220797115801436
0,0.0149129019878253,0.093841642228739,0.0157254132304033,0.497425959678623,0.999102775791007,0.809467899062683,0.022112692578332
0,0.0077559820406176,0.100160232185507,0.0012149879931217,0.0004587663446258,0.998986881923445,0.809355668948766,0.0221326676534206
0,0.0075357019166866,0.207848353841038,0.0069111574539445,0.0001654692438342,0.999020621713403,0.809364001579034,0.0221293490096163
0,0.0117684500204368,0.14822988783747,0.0017472995839484,0.0001734943110871,0.999001671968358,0.809264791199909,0.0220518823813848
0,0.0142358370176692,0.0809021374368897,0.0131024642765726,0.0002128553552324,0.999073542342859,0.809430402226479,0.0220582984260731
0,0.014939734977426,0.112495087220727,0.0104043058775658,0.0002180143270379,0.999235424006323,0.8095423719457,0.0221892900379481
0,0.007848961469699,0.159446140822928,0.0014399243987539,0.0001574441765812,0.999018426316112,0.809363480789642,0.0221106697859179
0,0.0135175865285912,0.0781207485563987,0.0195512061159082,0.0001906908837719,0.999064991848143,0.809540549182829,0.0220728214434833
0,0.0112586232180243,0.107688121655531,0.0113417081057661,0.0003055257747008,0.99899601015429,0.809330801255311,0.0220627232844788
0,0.0098751641960555,0.0920881579345164,0.0032466945683212,0.0001782711368329,0.998995432418161,0.809372464406649,0.02205586475395
0,0.0356379543277556,0.029899930465278,0.0485919146753466,0.0001211403009132,0.999299090527785,0.809671137122805,0.0220474101137819
0,0.0185247471926765,0.080781207485564,0.030639734433917,0.0003244420046541,0.999264888548923,0.809646660021394,0.0222592028007584
0,0.0172217871395097,0.0661184508873235,0.016867306898134,0.0001832390356085,0.999093300918485,0.809467378273292,0.0221571307991779
0,0.0100043369599471,0.0953230341324788,0.0080195650414492,0.0002669290226748,0.999216012072374,0.809564765889545,0.022114952416732
0,0.0128941875376364,0.100099767209844,0.0157660802402364,0.0004132909635258,0.999016577560498,0.809388218285749,0.0221145099308915
0,0.0085528594294557,0.127943888502585,0.0054301224352811,0.0006343624590411,0.999080475176412,0.809431313607914,0.0221816729602639
0,0.0107893579115198,0.103183480968649,0.0073779962276925,0.0002430448939458,0.999022008280114,0.80936673572334,0.0221273262172023
0,0.006808715105413,0.132599691628624,0.0033314345277886,0.000372210262112,0.998980526826022,0.809468940641467,0.0221411380966544
0,0.0082502082676809,0.16649031048765,0.0054592760643201,0.0016703604267883,0.998990001698544,0.80942467354317,0.0220869493842501
0,0.0148480035943726,0.0802974876802612,0.0071771162782449,0.0009053040153424,0.999143101772841,0.809495891492489,0.0220637820898831
0,0.0125547190180374,0.0995858149167095,0.0064304739806725,0.0003825282057229,0.999103931263266,0.809410221637549,0.0221721595146916
0,0.008207774702731,0.205097197448378,0.0008773595101413,0.0001706282156396,0.999052512747748,0.809370381249082,0.0221575100727556
0,0.0085172901176595,0.100462557063821,0.0132187455750847,0.0001906908837719,0.999178690318413,0.80949706326862,0.0221392417287663
0,0.0122002739461031,0.116818332980621,0.0013868394353175,0.0011686026504504,0.999104162357718,0.809475320311515,0.02219739701067
0,0.0176367624437989,0.0925718777398192,0.0119948996822925,0.0001566798844619,0.999065569584273,0.809460087221807,0.0220614590392201
0,0.0079862465327721,0.176980983765154,0.0008190405540799,0.0006681823853213,0.999045464366969,0.809416340912902,0.0223214036674902
0,0.0051369574509907,0.135199685582127,0.0014115126589392,0.0009175326892516,0.999437400557169,0.809741834282732,0.0222083959444213
0,0.0119687614079207,0.127550866160776,0.0067655686648759,0.0001373815084489,0.999207808219336,0.809479616823997,0.0223222728361056
0,0.0085316426469808,0.104392780481906,0.0076412735127365,0.0005745566007037,0.999202839688623,0.809623094301418,0.0222745001683896
0,0.0116149403590004,0.159536838286423,0.0010061107230673,0.0002753362359874,0.998991619359707,0.809348768489325,0.0220665950355838
0,0.0103506697326997,0.141729902953714,0.0113147811937205,0.0005701619210176,0.999079319704153,0.809430011634435,0.0225084803596575
0,0.0131899744462576,0.11488345375941,0.0096065060245134,0.0004887648103093,0.999144141697874,0.809521410172683,0.0240324648068492
0,0.0060318064530219,0.159234513408108,0.0021268489567999,0.0127671177072918,0.998954759794649,0.809486647480785,0.0220595942774634
0,0.0158857538666026,0.0644254315687638,0.005133088286954,0.0014103100331874,0.999208039313788,0.809566067863024,0.0225026016192042
0,0.0086945126536266,0.184629803186504,0.0105919213630177,0.0001450244296422,0.99913189369193,0.809434047752221,0.0222667092569824
0,0.0125547190180374,0.144420594370711,0.0040119446850581,0.0001906908837719,0.999118259119276,0.80944667689497,0.0221370134964977
0,0.0077996636515954,0.138404329292257,0.0028966362200036,0.0001977605858757,0.999041304666837,0.809419726043948,0.0222211490184692
0,0.0102970037534984,0.161411252531971,0.0008723525594424,0.0001056633854969,0.998975327200857,0.809403321178109,0.0221529745928897
0,0.0096292991285518,0.0889137467122169,0.0025878665652183,0.0001897355186228,0.999132933616963,0.810197785395191,0.022322130608514
0,0.0101628388054951,0.103999758140097,0.0029115635270959,0.0001373815084489,0.999045811008646,0.80942024683334,0.0220280197521254
0,0.012122271069357,0.115457871028207,0.0161639516672262,0.0001331779017926,0.999024319224632,0.809446156105579,0.0222383427539886
0,0.0044680047800162,0.201590228859933,0.003398312152211,0.0001906908837719,0.99890981192378,0.809311662245165,0.0220561334060675
0,0.0154620422401178,0.0762463343108504,0.0077578413729812,0.0001926016140703,0.999043962253032,0.809371553025214,0.022174340337763
0,0.0058527118480129,0.115125313662061,0.0010028014568012,0.0001152170369884,0.998985841998412,0.809392384600883,0.0220676064317909
0,0.0104686100823398,0.126402031623182,0.0009931003501555,0.0006011157518503,0.998973593992469,0.809166752596916,0.0220617118882718
0,0.0253159896536984,0.0403603712549506,0.0282909092054087,0.0001906908837719,0.998903341279131,0.80925971350334,0.0219343707845816
0,0.0182838743092845,0.0595580010279046,0.0015827179527162,0.0001906908837719,0.999140559733872,0.809290440077452,0.0221056760171458
0,0.006909806833676,0.123409015327871,0.0017390050335144,0.0001117777224515,0.999040611383481,0.809405274138328,0.0222085223689472
0,0.0134870094009067,0.146506636031079,0.0073097617343406,0.0001352797051208,0.999015306541013,0.809122225103924,0.0220878817651285
0,0.0051226049216695,0.140641533391783,0.0028578871159443,0.0002155303776501,0.99890784762094,0.809314135994776,0.0219941379791902
0,0.0057547402348198,0.0425975753544759,0.0042871424679275,0.0018064044240285,0.998911314037717,0.808972498153802,0.0220584090475333
0,0.0098526993675526,0.113432294343502,0.0058619842771554,0.0001511387665968,0.999113983871918,0.80946750847064,0.022199119544835
0,0.0180848109678285,0.129183420503673,0.0095757625384678,0.0004679378500577,0.999023972582954,0.8093818386157,0.0221016936445806
0,0.0139057288432797,0.0761254043595247,0.0013720618313234,0.0001329868287628,0.999065685131499,0.809462821366114,0.0221450414538909
0,0.0130252323705698,0.0809928349003839,0.0234084268194949,0.0003588351500238,0.999191747154938,0.809566067863024,0.0222497999766462
0,0.0079232202083612,0.0709556489403513,0.0108998304193074,0.0002315805121559,0.998990694981899,0.809614240881759,0.0220562598305933
0,0.0096598762562363,0.0909393233969223,0.0042118157320064,0.0001906908837719,0.998987459659575,0.809308667706162,0.0219661665528398
0,0.0079556694050876,0.180760044744082,0.001649183135776,0.0002453377703038,0.99902212382734,0.809285752972926,0.0227514999045258
0,0.0107637729679471,0.122411343229434,0.0041982083344338,0.0001836211816682,0.999067187245435,0.809455920906674,0.0220096565897417
0,0.0129553417930053,0.0649696163497294,0.0090853587987298,0.0003890246887372,0.998982144487184,0.809410351834897,0.022034957297983
0,0.0091119840499717,0.154850802672552,0.001059027756315,0.0004115713062573,0.999011609029784,0.809346685331758,0.0221274842478596
0,0.0081659651607951,0.111799740000605,0.0022447940311381,0.0002195429112765,0.99902466586631,0.809437953672659,0.0221284956440667
0,0.0076954518082626,0.158236841309671,0.0032047342317615,0.0002747630168979,0.99884048358825,0.809162325887087,0.0220383233509845
0,0.009745991432164,0.124739244792454,0.0110357885616776,0.0001700549965501,0.999057481278461,0.809483652941783,0.0220856535328599
0,0.0069048146495642,0.131208997188379,0.0021814511409267,0.0012131226664012,0.999019812882822,0.809422329990907,0.0222183992850314
0,0.0217403377836575,0.054448710584394,0.0143607247041635,0.000108911627004,0.999276558818738,0.809518936423073,0.0222315474357226
0,0.0066552054439767,0.128276445868731,0.0020048970316266,0.0001324136096733,0.99907573774015,0.809463602550202,0.0221532590480729
0,0.0100124492591287,0.0494905825800405,0.0110815553870988,0.0001906908837719,0.998893519764931,0.809044497287208,0.0220070648869612
0,0.0154458176417546,0.099767209843698,0.0137263079636925,0.0001906908837719,0.999039340363997,0.809434828936308,0.0220771988926918
0,0.0105141637623596,0.1055416150195,0.0045629009961634,0.0006542340541436,0.999047890858712,0.809368558486211,0.0221683035666524
0,0.0069453761454722,0.11509508117423,0.0049180613753018,0.0003666691442469,0.999086483632158,0.809488470243657,0.0220645248339726
0,0.0125715676394145,0.0980439580373069,0.0145779226410803,0.0001148348909288,0.999080475176412,0.80943665169918,0.0220632289825823
0,0.0076942037622347,0.111769507512773,0.006267519845972,0.0001906908837719,0.999299437169463,0.80967777718755,0.0221224430698903
0,0.0089185369156414,0.124467152401971,0.0053971565849802,0.0003672423633364,0.999137208864321,0.809553699114971,0.0223312173713114
0,0.0184473683389443,0.0648486863984037,0.0259236295528888,0.0009322453125486,0.999019581788371,0.809636504628255,0.0220823664951871
0,0.0081066829744681,0.0850137557819633,0.0009618344578158,0.0001906908837719,0.998984917620605,0.80912118352514,0.0220555486926353
0,0.0071806328217384,0.145206639054328,0.0018131638171104,0.0001906908837719,0.99903055877483,0.809280024289617,0.0220484847222519
0,0.0238888490207519,0.0870090999788372,0.0085880297361544,0.0001297385872556,0.999263964171116,0.809668272781151,0.0220844999090613
0,0.0079307084845289,0.164948453608247,0.0038671550897875,0.0005116935738891,0.998985957545638,0.809350200660153,0.0223005120145889
0,0.0091219684181952,0.0846207334401548,0.0124317204975877,0.0002741897978084,0.999006178310168,0.810009389832733,0.0221187925617056
0,0.0175375427845779,0.0822323669014723,0.0145333523328277,0.0001906908837719,0.99925009850401,0.809536773459739,0.0221774851478442
0,0.0158208554731498,0.0627021797623726,0.021648838095785,0.0004186410083611,0.999182618924094,0.809589242990956,0.0220968579064658
0,0.0107806215893242,0.103969525652266,0.0130469639515845,0.0002831702302105,0.999091452162871,0.80950148997845,0.0221175283164468
0,0.010365022262021,0.110953230341325,0.0027358009554385,0.000162221002327,0.999001209779455,0.809440297224922,0.0220618857219949
0,0.0109865491839339,0.114581128881096,0.0038834570848306,0.0001906908837719,0.999114792702499,0.809478314850518,0.0220783367134247
0,0.0063887476170121,0.190162348459655,0.0032690789124092,0.0004144374017048,0.998959381683685,0.809283409420663,0.0225736363996817
0,0.0088286776016299,0.0852556156846147,0.0045786091728037,0.000245146697274,0.998964696856075,0.809360486250639,0.0220500966349568
0,0.01298279880562,0.118692747226169,0.0055924159448224,0.0003754585036192,0.998994276945902,0.809367907499471,0.0220442653037007
0,0.0198345714989969,0.0754905221150648,0.004998110132466,0.0001906908837719,0.998974287275824,0.809032258736502,0.022074923251226
0,0.0080224398675823,0.122653203132086,0.0019697909555692,0.0002333001694244,0.998997281173775,0.809355148159374,0.0221036532247317
0,0.0193141363053469,0.0594370710765789,0.0178815503624845,0.0001906908837719,0.999234730722967,0.809564635692197,0.0221170700275405
0,0.0050782992876777,0.240801765577289,0.0014520124575627,0.0001906908837719,0.998612971100483,0.808895942113218,0.0219758380290694
0,0.0100898281128608,0.155818242283157,0.0054852814589692,0.0001708192886695,0.999169908729246,0.809466336694508,0.0222736151967084
0,0.0058252548353983,0.147927562959156,0.0007396452517163,0.0001106312842725,0.998975442748083,0.809314266192123,0.0219925576726168
0,0.0127675108658007,0.147232215739033,0.0021372162655505,0.0001190384975851,0.998946555941612,0.809150087336381,0.0219884646785915
0,0.0084917051740868,0.141790367929377,0.002577081024409,0.0002132375012921,0.9990398025529,0.809398894468279,0.022109595177448
0,0.0093104233684138,0.143604317199262,0.0018460383182078,0.0001026062170196,0.999025243602439,0.809368558486211,0.0220688232678524
0,0.0153946477546092,0.0791486531426671,0.0091029852503495,0.000123624250301,0.999182387829642,0.809560859969107,0.0220830144208822
0,0.0096330432666356,0.133899688605375,0.0056616949592846,0.0001545780811338,0.998975558295309,0.809365433749861,0.0220331557484892
0,0.0141646983940768,0.071862623575294,0.0109138012510757,0.0001253439075695,0.999186778624225,0.809538986814654,0.0221755887799561
0,0.009684837176795,0.176104241618043,0.0023098166896017,0.0001207581548536,0.999009298085267,0.809357752106333,0.02212663088231
0,0.0085853086261821,0.0783928409468815,0.0080932211615273,0.0003758406496788,0.999064645206465,0.809390952430055,0.0220417052070517
0,0.0044836053553655,0.0944462919853675,0.0006906941069294,0.0001906908837719,0.998735797801598,0.808904144546137,0.0219030807144269
0,0.0186951054754899,0.107476494240711,0.00327076293624,0.0001906908837719,0.99767253222901,0.807746690123021,0.0218577891280312
0,0.0145784256523381,0.118178794933035,0.0096515937062067,0.0001906908837719,0.999189551757647,0.809529742802951,0.0221614450361235
0,0.0077921753754278,0.129788070260302,0.0033060589976544,0.0007686867990127,0.998998321098808,0.809436130909788,0.0220855587144655
0,0.0114789033419553,0.162257762191251,0.0030708098090884,0.0002447645512143,0.999008604801912,0.809377542103218,0.0220712253338441
0,0.0108480160748328,0.10638812467878,0.003173690115312,0.0001906908837719,0.999145990453488,0.809522451751467,0.0224491872570209
0,0.0090483337025469,0.0842277110983463,0.0087903239368327,0.0003378171167423,0.999058867845171,0.809507999845846,0.0221220005840497
0,0.0140311574690875,0.115155546149893,0.0067034500211063,0.0001291653681662,0.999081052912541,0.809423111174995,0.022142892236951
0,0.0106945064133965,0.151464764035432,0.001266751201011,0.0002841255953596,0.999062911998077,0.80938248960244,0.0220864910953438
0,0.0199568800097348,0.058802188832119,0.003559710707717,0.0001906908837719,0.999137671053224,0.80945553031463,0.022092733306309
0,0.0125634553402329,0.105239290141186,0.0143682550770227,0.0001956587825476,0.999174992807185,0.80939316578497,0.0220844208937326
0,0.0162932408947242,0.0499138374096804,0.0062144694906895,0.0003653316330381,0.999096882882487,0.80956945299407,0.0221005084146505
0,0.023607414641452,0.0503975572149832,0.0241230458094422,0.0001906908837719,0.999272514665832,0.809496021689837,0.0220685230096035
0,0.0078221284800983,0.132902016506938,0.0020912229034317,0.0006307320714743,0.999006178310168,0.809349419476065,0.0221148259922061
0,0.0074502107637729,0.137467122169483,0.0078911572284649,0.0001906908837719,0.999098269449198,0.809507218661759,0.0220717626380791
0,0.0075169812262676,0.171146113613689,0.0003123140660656,0.0002069320913076,0.999084634876544,0.809392514798231,0.0222386588153033
0,0.0126452023550629,0.113341596880007,0.0028888225111017,0.0001906908837719,0.999053206031103,0.809371683222561,0.022115726766953
0,0.0078439692855872,0.162711249508722,0.001794077779716,0.0001551513002233,0.999064876300917,0.809388218285749,0.0221698838732258
0,0.0073104296086439,0.203887897935121,0.0044800508245593,0.00029501675806,0.999094340843518,0.809345253160931,0.0222247837235882
0,0.0131044832933439,0.119509024397618,0.0122598451347644,0.0003429760885478,0.999057712372912,0.809441338803705,0.0220549165700059
0,0.0067924905070499,0.157934516431357,0.0048351963188881,0.0010329407992699,0.999008142613008,0.809369079275603,0.0221208943694483
0,0.0157047871925517,0.0646370589835838,0.0086407135481425,0.0001398654578367,0.999042806780773,0.809394728153146,0.0221279109306345
0,0.0086102695467408,0.172990295371406,0.0010494565711275,0.0001207581548536,0.998998321098808,0.809330280465919,0.0220259337474485
0,0.0049859438816103,0.193487922121111,0.0008328970487468,0.0002195429112765,0.998879538550599,0.809149436349641,0.0220018182691373
1,0.0040012355655676,0.224839012002298,0.0023456528014448,0.0001880158613543,0.99873013598753,0.809012729134313,0.0204586647032095
0,0.0072074658113391,0.117302052785924,0.0019629775214179,0.0001906908837719,0.998960421608718,0.809366475328644,0.0220417368131832
0,0.0144174277147341,0.0786347008495329,0.0188039185443508,0.0011229361963206,0.999159625026142,0.809546277866138,0.0221362707524081
0,0.0088330457627277,0.147988027934819,0.0050716729990176,0.0003274991731314,0.998955568625231,0.809273254027525,0.0220130700519404
0,0.0091843707195921,0.103062551017323,0.0023610910305983,0.0005451313541097,0.999076777665183,0.809800813681346,0.022226522060819
0,0.0219718503218399,0.0236115729963419,0.0152282497856244,0.000198524877995,0.999353397723951,0.809744308032343,0.0221033687695485
0,0.0253833841392071,0.0531789460954742,0.0481549720222495,0.0001906908837719,0.999424228173418,0.809740922901297,0.0221031317235625
0,0.0081771975750465,0.0722556459171025,0.0115079926291713,0.0007205363954951,0.998986419734542,0.809551615957404,0.0220608269165907
0,0.0084180704584385,0.130302022553436,0.0032487974654625,0.000159928125969,0.999034949569413,0.809394728153146,0.0222174985102845
0,0.0088998162252223,0.123499712791366,0.0006918362343042,0.0001669978280728,0.998971745236854,0.809181074305189,0.022076535163931
0,0.0040879747645093,0.112192762342413,0.001486318329365,0.0001045169473179,0.999091914351774,0.809543153129788,0.0221576997095444
0,0.015397767869679,0.0400278138888049,0.0246157036651051,0.0004025908738553,0.99898168229828,0.809431834397306,0.021986110021797
0,0.007907619633012,0.123227620400883,0.004255843405392,0.0002124732091728,0.999032291983218,0.809415689926163,0.0221029578898394
0,0.0098289864930218,0.115427638540375,0.0054202301773665,0.0002520253263479,0.999085328159899,0.809431313607914,0.0222712289337825
0,0.0103294529502248,0.106932309459745,0.0049387371336798,0.0002953989041197,0.99909006559616,0.809433526962829,0.0221501932533204
0,0.0083843732156841,0.0818695770474952,0.0018900834414094,0.0001366172163296,0.998687499061179,0.808107857566185,0.0220084081475487
0,0.009106367842846,0.136832239925023,0.0018064601147083,0.0001343243399716,0.999028710019215,0.809440557619618,0.0221761576903225
0,0.011343490347924,0.149620582277716,0.0098880749333929,0.000159928125969,0.999039340363997,0.809381187628961,0.0221522318488002
0,0.0094402201553193,0.146627565982405,0.0031352653873972,0.0001906908837719,0.9990201595245,0.809352544212415,0.0221772797079897
0,0.0089553542734656,0.15119267164495,0.0055704572363343,0.0001434958454035,0.999032291983218,0.809358403093072,0.022132051333857
0,0.013082642487855,0.0990416301357439,0.0093287430215392,0.000130502879375,0.999088216840546,0.809448109065798,0.0221239443611351
0,0.0111001213724762,0.121988088399794,0.0040742638268244,0.0001906908837719,0.998976598220342,0.809375198550956,0.0221217635380637
0,0.0109072982611599,0.0736161078695166,0.003103259685043,0.000131649317554,0.999172681862667,0.80951724385755,0.0221591061823948
0,0.0219081999744151,0.0386975844242223,0.0019652716086919,0.000142922626314,0.998944244997094,0.809244350216284,0.0219926366879454
0,0.0108149428550925,0.0584091664903105,0.0068778419077773,0.0001159813291078,0.998946209299934,0.809315828560299,0.0221086153873724
0,0.0078508335387409,0.141971762856365,0.0007193057812167,0.0001906908837719,0.998978909164859,0.809148785362902,0.0221433031166601
0,0.0210969700562557,0.0337394564198688,0.0041992195493252,0.0001064276776162,0.999089141218353,0.809662544097842,0.0221320355307912
0,0.0086171337998945,0.116485775614475,0.0009454027744968,0.0001906908837719,0.999135129014255,0.809525446290469,0.0221359546910934
0,0.0093940424522856,0.131390392115367,0.0042111965355861,0.000149801255388,0.999043846705806,0.809376240129739,0.0222036392216352
0,0.0128367774203513,0.134897360703812,0.0060153199878014,0.0001125420145708,0.999150727889749,0.809507999845846,0.0222897501268235
0,0.0082252473471221,0.133929921093207,0.003554872542209,0.0054171114687573,0.999005600574039,0.809367126315384,0.0220918167284964
0,0.0121160308392174,0.0916044381292137,0.0022172404025401,0.0001906908837719,0.999079781893056,0.809521279975336,0.0221370134964977
0,0.0178071207266124,0.0702300692323971,0.029832580294169,0.0002254661752013,0.999023394846825,0.809482350968304,0.0221024837978673
0,0.0106545689405025,0.0879463071016114,0.0023506933304088,0.000206549945248,0.998985495356735,0.809312703823948,0.0221863348646557
0,0.010424928471362,0.0517277866795659,0.0058377680327339,0.0002092249676656,0.999123805386118,0.809749906518304,0.0221936832902223
0,0.0278382906761601,0.0292045832451552,0.0115831157968609,0.0001081473348847,0.99907770204299,0.809603694896576,0.0220875973099453
0,0.0139787395359141,0.055234755268011,0.0080370463758912,0.0001906908837719,0.999171873032086,0.809499797412927,0.0221289223268415
0,0.0090452135874771,0.0863439852465459,0.0029543063071849,0.0001906908837719,0.999153963212074,0.809496933071272,0.0221155845393614
0,0.0076810992789414,0.057804516733682,0.0002583627523012,0.0001241974693905,0.99905413040891,0.809564765889545,0.0221209733847769
0,0.0154021360307768,0.0941137346192218,0.0056459566826833,0.0001297385872556,0.999017155296627,0.809367516907428,0.0220869335811844
0,0.015737236389278,0.0671765879614233,0.0112778238048952,0.0001906908837719,0.99916782887918,0.809545106090007,0.0221423865388475
0,0.0143731220807423,0.0616440426882728,0.0159238449007177,0.0001507566205371,0.99899601015429,0.809387957891053,0.0220152508750118
0,0.0072661239746521,0.18411585089337,0.0033138280715594,0.000145215502672,0.999000285401648,0.809366345131296,0.0221092633130675
0,0.0093191596906093,0.121292741179672,0.0036968002705037,0.0002222179336942,0.999077586495765,0.809517504252245,0.0221102273000773
0,0.014499798752578,0.080357952655924,0.0057452153942536,0.0001433047723737,0.999100002657586,0.809430532423827,0.0221178285746957
0,0.0077541099715757,0.10257883121202,0.0058586617000609,0.0046060064571219,0.998982028939958,0.809402539994021,0.0220870125965131
0,0.0072505233993029,0.10829277141216,0.0024708188544667,0.0002264215403505,0.999123920933344,0.809511645371588,0.022137171527155
0,0.0158308398413733,0.113795084197479,0.0119487065411561,0.0001144527448691,0.99916251370679,0.809533258131345,0.022168145535995
0,0.0077703345699389,0.0966834960848928,0.0044335712188496,0.0002676933147941,0.999055748070072,0.809688583567428,0.0220919115468908
0,0.0066452210757532,0.133688061190555,0.0020332927984472,0.000882948470852,0.998962732553235,0.80935228381772,0.0220754131462638
0,0.0118308523218336,0.103485805846963,0.0050022507328369,0.0001635585135359,0.999036336136124,0.809380015852829,0.0220492432694071
0,0.0541820462338651,0.048311515554615,0.0743342962933302,0.0005371062868567,0.998925872988178,0.809415429531467,0.0220417526162489
0,0.0128255450060998,0.109683465852405,0.0068321646438279,0.0001606924180884,0.99909792280752,0.809462040182026,0.022145152075351
0,0.013021488232486,0.10786951658252,0.0086759763422017,0.0001595459799094,0.999089487860031,0.809572317335725,0.0222620315495249
0,0.010585926408966,0.116183450736161,0.0024464722999497,0.0001568709574917,0.999016808654949,0.809361788224119,0.022087850158997
0,0.007448962717745,0.0679324001572089,0.0108337508033391,0.015143684052338,0.998957301833619,0.809454618933194,0.0220146503585139
0,0.009286086470869,0.147050820812045,0.0009917959084014,0.00011349737972,0.998923908685338,0.80928301882862,0.0220555170865038
0,0.0128798350083151,0.0660882183994921,0.0097573759284828,0.0001906908837719,0.999173952882152,0.809565026284241,0.0221893374471453
0,0.0129272607573767,0.197962330320162,0.0022297288160906,0.0001906908837719,0.999104277904944,0.809419726043948,0.0221564196612199
0,0.0142813906976889,0.0733742479668652,0.0057408023785487,0.0153884486035523,0.9991737217877,0.809580259373949,0.0221395893962124
0,0.0171818496666157,0.0939625721800647,0.0102556370016625,0.0001058544585267,0.999022354921792,0.80946750847064,0.0220899519667397
0,0.0119799938221722,0.0786951658251957,0.014229193412987,0.0007860744447274,0.999087870198868,0.809439906632878,0.0221391153042404
0,0.0403880175100858,0.0398464189618164,0.0140393415723361,0.0025781483915185,0.999009413632493,0.809372464406649,0.02215653028268
0,0.0191213131940306,0.0728905281615624,0.0087586303685471,0.0009502061773528,0.999147377020199,0.809499797412927,0.0220841680446808
0,0.0087962284049035,0.102548598724189,0.0046960865026878,0.0001992891701144,0.999156389703818,0.809452796170323,0.0220894146625047
0,0.0134751529636413,0.0733137829912023,0.009923670770209,0.0003867318123792,0.999085559254351,0.809389129667184,0.0221356544328445
0,0.0089590984115494,0.174290292348157,0.0059057205697055,0.000152094131746,0.998995432418161,0.809290440077452,0.0220537155370101
0,0.0059781404738206,0.183722828551561,0.0033456552339259,0.0002140017934114,0.998961461533751,0.809050486365213,0.0222475243351804
0,0.0228011769074043,0.0640626417147867,0.0226974273644231,0.0001906908837719,0.999124729763925,0.809465685707768,0.0220859695941746
0,0.0099001251166143,0.128820630649696,0.001312607607336,0.0001775068447136,0.999018426316112,0.809568932204679,0.0221039376799149
0,0.0130183681174162,0.0992532575505638,0.0053416006654226,0.641831121631168,0.999051935011618,0.809427537884824,0.0220714623798301
0,0.0092573814122264,0.102004413943223,0.0029335646359163,0.0008141621801126,0.998998898834937,0.809343820990104,0.0221225694944161
0,0.0071325830496628,0.193911176950751,0.0047214192632842,0.0002096071137253,0.999028478924764,0.809357361514289,0.022108520568978
0,0.0101247734016431,0.15736009916256,0.003579706486797,0.0001482726711493,0.998998205551582,0.809348117502586,0.0220649989259446
0,0.0129054199518878,0.0749765698219306,0.0081542953424823,0.0002271858324698,0.999017386391079,0.809437432883267,0.022057650500378
0,0.0208417446435425,0.0690207697191402,0.0139945110325297,0.0002243197370223,0.999139866450516,0.809446807092318,0.0220616328729431
0,0.006990305802478,0.201257671493787,0.0022741953581771,0.0001757871874451,0.99900190306281,0.809341477437841,0.0221269785497561
0,0.0128910674225665,0.0802974876802612,0.0178159576119269,0.0001906908837719,0.999104508999396,0.809539767998742,0.0221605284583109
0,0.0105871744549939,0.120506696496055,0.0081588639297089,0.0002657825844958,0.999032985266573,0.809351372436284,0.0221180024084188
0,0.0108923217088246,0.0962602412552529,0.0029555514040193,0.0001893533725631,0.999102660243781,0.80950148997845,0.0222462916960531
0,0.0272635654802949,0.0310789974907035,0.0108478589018111,0.0001906908837719,0.999053090483877,0.809450062026017,0.0220092615130983
0,0.0194570375755458,0.0700486743054086,0.0312255804666801,0.0003624655375906,0.999339185415167,0.809729856126723,0.0221721753177574
0,0.0157110274226914,0.0772440064092874,0.0133041904449346,0.0001870604962051,0.999080706270863,0.809464644128985,0.0221066242010898
0,0.0171263116183725,0.0583184690268162,0.0236481342805824,0.0002738076517487,0.99909399420184,0.809483001955043,0.0220399510667551
0,0.0135144664135213,0.0856486380264232,0.0057912857842904,0.0004851344227425,0.998991388265255,0.809266874357476,0.0220684439942748
0,0.0090015319764992,0.126674124013665,0.0039515351905224,0.0008374730897521,0.999089025671127,0.809455920906674,0.0220928597308349
0,0.0116954393278024,0.109139281071439,0.0094097836977516,0.0002342555345736,0.99899797445713,0.809334056189009,0.0220898413452796
0,0.0073229100689233,0.131481089578861,0.0028172220687296,0.0004780647206388,0.999049508519875,0.809446807092318,0.0221832532668374
0,0.0078127681348888,0.171539135955498,0.0025819932641914,0.0019894523866072,0.998976944862019,0.809330540860615,0.0221043801657555
0,0.0307630865426317,0.0420231580856789,0.0169983158801757,0.0010933198766967,0.999163322537371,0.809472586167209,0.022158916545606
0,0.0140392697682691,0.0864044502222088,0.0067487983424226,0.0004106159411082,0.998970358670144,0.809355148159374,0.0220331715515549
0,0.0090346051962396,0.212504156967077,0.0009045730033514,0.0002705594102416,0.999038647080641,0.809365824341905,0.0221687460524929
0,0.0073541112196217,0.092843970130302,0.0064166719535269,0.0001906908837719,0.999154887589881,0.809485345507306,0.0220527199438688
0,0.0134520641121245,0.103516038334795,0.0098485108568602,0.0009517347615914,0.999123805386118,0.809485605902002,0.022145926425572
0,0.0193153843513749,0.0408138585724219,0.0123953068512457,0.0001903087377123,0.999115948174758,0.809585076675822,0.0220894304655705
0,0.0117909148489396,0.101671856577078,0.0008587124774708,0.0006429607453835,0.999045464366969,0.809409831045506,0.02212555627384
0,0.0067007591239964,0.102457901260695,0.0073003015828373,0.0007992584837858,0.999329017259289,0.80973883974373,0.0220817659786892
0,0.0089541062274376,0.148895002569761,0.0009830937357076,0.000125917126659,0.99907180913447,0.80945930603772,0.0220691235261014
0,0.0075188532953095,0.0916649031048765,0.0049849948663399,0.0004933505630253,0.999057250184009,0.809399154862975,0.0220118532158788
0,0.0113384981638123,0.160474045409197,0.0014010248143219,0.0004209338847191,0.999023048205147,0.809358923882464,0.0222060412876268
0,0.0133072907728837,0.114943918735073,0.0153156250365064,0.0007421276478661,0.999147608114651,0.809469201036163,0.0221720963024287
0,0.0143955869092452,0.0902439761767996,0.0214282602772,0.0004826504733547,0.999116294816436,0.809657987190664,0.0221107804073781
0,0.0091026237047622,0.150799649303141,0.0018768151687679,0.0221140281805969,0.998991619359707,0.809485475704654,0.022464374003192
0,0.0491829978689614,0.0349185234452943,0.0196446282721107,0.0028301737178665,0.999117103647017,0.809636504628255,0.0220969527248602
0,0.0111980929856693,0.141971762856365,0.0177338826746296,0.0002388412872895,0.999160087215046,0.809448499657841,0.0222351189285787
0,0.0144411405892649,0.0616742751761042,0.0059958968075262,0.0001906908837719,0.999054245956136,0.809414387952683,0.0220867597474613
0,0.0099612793719832,0.124739244792454,0.005492109350429,0.0001713925077589,0.999065685131499,0.809437302685919,0.0221574152543612
0,0.0138626712553159,0.0908183934455966,0.006401433522823,0.0001906908837719,0.99890981192378,0.809224169627354,0.0220793481096317
0,0.0107587807838353,0.0685370499138374,0.016494045171995,0.0002875649098966,0.99904038028903,0.810968423497601,0.0220098146203991
0,0.015198080505209,0.0669951930344348,0.0092337305419652,0.0001438779914632,0.999096189599132,0.809444072948012,0.022149087038719
0,0.0097528556853176,0.119811349275932,0.0152146029607952,0.0001553423732531,0.999036798325027,0.809500969189058,0.022188341854004
0,0.0051001400931666,0.190797230704115,0.0045006236329096,0.0001906908837719,0.999001671968358,0.809357621908985,0.0221921661959118
0,0.0308498257415734,0.0332859691023974,0.0499973703438266,0.0001906908837719,0.999265119643375,0.809728684350591,0.0223397352237424
0,0.0103182205359734,0.0907881609577652,0.005882905323982,0.0001906908837719,0.999197755610684,0.809492896953486,0.0221858449696179
0,0.0091132320959997,0.114702058832421,0.0029158645958189,0.0001906908837719,0.99862233042578,0.808836441925213,0.0213151592598988
0,0.0124461390136068,0.116485775614475,0.0088382771581247,0.0013340718942846,0.999074813362343,0.809434959133656,0.0221751620971812
0,0.0203687351989541,0.0560510324394594,0.0134776134976147,0.0001922194680106,0.998976020484212,0.809232372060274,0.0220600051571725
0,0.0080754818237696,0.11382531668531,0.0041170981892994,0.0001345154130014,0.999045926555872,0.809410742426941,0.0221688408708874
0,0.0100985644350564,0.142213622759017,0.0019053400797721,0.001750228953258,0.998961692628203,0.809283279223316,0.0220486111467777
0,0.0427568088711112,0.0259697070471929,0.0315378090713977,0.0001906908837719,0.999002711893391,0.809369730262342,0.0300311505290843
0,0.0141840431075098,0.0740998276748193,0.0026391270124304,0.0001906908837719,0.998942511788706,0.808501183754287,0.0219678100716762
0,0.006590307050524,0.148955467545424,0.0018513291879055,0.0001209492278834,0.99894181850535,0.809253203635943,0.0220290943605954
0,0.0131325643289725,0.107416029265048,0.0085828763469109,0.0001404386769262,0.999021777185662,0.809386135128182,0.0221155529332299
0,0.0072854686880852,0.121776460984974,0.0053353109977961,0.0001629852944464,0.99893592559683,0.809330020071223,0.0221469220187133
0,0.0167518978099912,0.0696254194757686,0.0082865570775137,0.0199881496506898,0.99905216610607,0.809245131400371,0.022132051333857
0,0.0095993460238813,0.115850893370015,0.0060194770469631,0.0002073142373673,0.999145412717359,0.809479096034605,0.0221809460192401
0,0.0136274145790497,0.121202043716177,0.0088171116778516,0.0005074899672328,0.998970358670144,0.809319734480737,0.022041389145737
0,0.0123918490113915,0.0891556066148683,0.00461211847411,0.0001364261432998,0.99904569546142,0.809459826827111,0.022088687721481
0,0.0090620622088542,0.109169513559271,0.0081895793561395,0.0003059079207604,0.999037376061157,0.809483001955043,0.0220076337973277
0,0.0073759520251106,0.0608277655168244,0.0095009124079318,0.0002285233436786,0.998991850454158,0.809576483650859,0.0221348958856892
0,0.0105877984780079,0.0669649605466034,0.0058894538629316,0.0001906908837719,0.999010800199203,0.809413736965944,0.0221488657957987
0,0.0085984131094754,0.184569338210841,0.002414444425836,0.0002375037760807,0.999069151548275,0.80936738671008,0.0222715607981629
0,0.0105940387081476,0.0888230492487227,0.002353035045187,0.0001715835807888,0.99911363723024,0.809478575245214,0.0222031335235317
0,0.013342236061666,0.0567766121474136,0.00286047660645,0.0006018800439697,0.999002942987843,0.809543153129788,0.0222250049665085
0,0.0096885813148788,0.166641472926807,0.0004984490764863,0.0006825128625586,0.998994739134806,0.809389520259228,0.0221244026500414
0,0.007309181562616,0.0993439550140581,0.0023427706864642,0.0001929837601299,0.999005485026813,0.809419465649253,0.0220877079314054
0,0.0070570762649726,0.195271638903165,0.0023492096102559,0.000301895387134,0.998919286796303,0.80924395962424,0.0221290171452359
0,0.007049587988805,0.145055476615171,0.004253749485773,0.0001587816877901,0.999000285401648,0.809410091440201,0.0220389870797453
0,0.0155930870730513,0.106841611996251,0.0057071186568103,0.0014313280664689,0.999048930783745,0.809477143074386,0.0221941257760629
0,0.0333721267640351,0.0308673700758835,0.0161313650686602,0.0001029883630792,0.999221673886442,0.809488730638352,0.0220435857718741
0,0.0121141587701754,0.138525259243583,0.0107107779279094,0.0002166768158291,0.999065338489821,0.809487428664873,0.022128179582752
0,0.0126040168361409,0.0363999153490341,0.0101899480827985,0.0001906908837719,0.999037029419479,0.809634291273341,0.0222796835739505
0,0.0139712512597465,0.0617347401517671,0.0124974828300428,0.0001906908837719,0.999077008759635,0.809493678137574,0.0221169594060803
0,0.0130776503037432,0.099404419989721,0.0096831267284127,0.0004161570589733,0.99902663016915,0.809410091440201,0.0221258407290232
0,0.0065977953266916,0.0762463343108504,0.003616766398149,0.0003160347913415,0.999177534846155,0.809721914088499,0.0221431134798713
0,0.0118077634703168,0.0855579405629289,0.0106354899196978,0.0001175099133464,0.999045002178065,0.809423892359082,0.0220742753255309
0,0.0126969962652223,0.0663603107899749,0.0076507460423387,0.0001906908837719,0.999314342761602,0.809754203030786,0.0221114441361389
0,0.0092012193409692,0.102488133748526,0.0027258486724887,0.0006114336954613,0.999029865491474,0.809467899062683,0.0220654888209824
0,0.0272960146770213,0.0363696828612026,0.0370129430737518,0.0007448026702838,0.998992774831965,0.809352023423024,0.0220549007669402
0,0.0107113550347737,0.069081234694803,0.0008760060806522,0.0001906908837719,0.999033563002703,0.809368818880907,0.0221110016502983
0,0.0257116202445546,0.122864830546906,0.006345601903946,0.0001906908837719,0.998974518370276,0.809218180549349,0.0220167521662566
0,0.0166245971151416,0.074644012455785,0.007314494462542,0.0001285921490767,0.999248711937299,0.809554089707014,0.0220451502753818
0,0.0089235290997532,0.132871784019107,0.0023266612806481,0.0004591484906854,0.998980642373248,0.809346815529106,0.0221097532081053
0,0.0073796961631945,0.058590561417299,0.0015530637976646,0.0001704371426098,0.998902647995776,0.810179297371784,0.0219426041818294
0,0.0197465842540273,0.0757626145055477,0.0088339214081299,0.0001989070240547,0.999240854725939,0.809574400493292,0.0221381987264278
0,0.0173116464535212,0.0613417178099586,0.036900821360544,0.0005202918602316,0.999141368564453,0.809609553777233,0.0220839626048263
0,0.0109553480332355,0.103123015992986,0.0123564873649666,0.000452843080701,0.999066147320402,0.809469461430859,0.0221316246510821
0,0.0091612818680753,0.10617649726396,0.0061741485623954,0.0001391011657174,0.999020506166178,0.8097816746712,0.0220749706604232
0,0.0096679885554179,0.118239259908698,0.0043731369098207,0.0001906908837719,0.9991442572451,0.809457613472197,0.02213770883139
0,0.0070464678737351,0.166308915560661,0.0048056285967779,0.0003840567899616,0.999004329554554,0.809350461054849,0.0222007156544742
0,0.009007148183625,0.0767602866039846,0.0108762624413782,0.0002338733885139,0.999004329554554,0.809346685331758,0.0221237231182148
0,0.0112124455149906,0.108020679021677,0.0098887866837925,0.0005858299094638,0.999018426316112,0.809430662621175,0.0221677030501545
0,0.0375212557839133,0.0496115125313662,0.0165487697380159,0.0001906908837719,0.998969780934014,0.809375198550956,0.0220918799407594
0,0.0084823448288772,0.122683435619917,0.0075900568066555,0.0004639253164312,0.998962154817106,0.809388088088401,0.0220662315650719
0,0.0221409605586254,0.0490068627747377,0.0167935136668072,0.0001906908837719,0.999213354486179,0.809596664239788,0.0220846421366529
0,0.0074614431780244,0.168787979562838,0.0002390482155907,0.0001906908837719,0.99886994813085,0.809144358653072,0.0222188891800691
0,0.0104767223815214,0.135502010460441,0.002833580144139,0.0003360974594738,0.999049277425423,0.809426626503389,0.022051993002845
0,0.0087693954153029,0.116878797956284,0.0042722384985067,0.0001333689748224,0.999025590244117,0.809377151511175,0.0221913444364936
0,0.0142913750659124,0.143453154760105,0.0058498594921193,0.0001415851151052,0.998940894127543,0.80926791593626,0.0220809442192709
0,0.010006209028989,0.121927623424132,0.0038645941446934,0.0004274303677334,0.999043268969677,0.809380276247525,0.0221135143377502
0,0.0113416182788821,0.115669498443027,0.0033940627916843,0.0001098669921532,0.99905805901459,0.809399285060323,0.022143603374909
0,0.014520391512039,0.0753091271880763,0.0144584398260008,0.000130502879375,0.999171410843183,0.809534299710129,0.0220904892709747
0,0.0087126093210317,0.128578770747045,0.0012561775841357,0.0001568709574917,0.998978562523182,0.809198781144508,0.0221175915287097
0,0.0201852724328473,0.0650300813253923,0.0166928387996833,0.0001178920594061,0.999232535325675,0.809601221146966,0.0221207205357252
0,0.0102321053600457,0.164011246485473,0.0011618909819281,0.000112350941541,0.99897382508692,0.809315437968255,0.0220518033660562
0,0.0090888951984549,0.0760649393838619,0.0044499845001912,0.0004448180134481,0.999039455911223,0.809402539994021,0.0220892092226502
0,0.0037066967029744,0.0916346706170451,0.0006858562717631,0.0001906908837719,0.998677330905301,0.808453140932901,0.0216142796881252
0,0.0183568850019189,0.10427185053058,0.0111662174247822,0.0001906908837719,0.997995140083679,0.80794380890779,0.0222946490772013
0,0.0116261727732519,0.115760195906521,0.0105223247541324,0.0001906908837719,0.999139404261613,0.809496802873924,0.0220674325980678
0,0.0050857875638453,0.107113704386734,0.0023141963796559,0.0008986164592982,0.998986650828993,0.80954302293244,0.0220708776663979
0,0.0098526993675526,0.156483357015449,0.0034625627243301,0.0002579485902727,0.999020043977274,0.80937493815626,0.0221182394544048
0,0.0284111438029835,0.042174320524836,0.0247580259380135,0.0002120910631131,0.999295624111008,0.809672569293633,0.022307054483803
0,0.0094807816512273,0.0813253922665296,0.010241711698757,0.0005543028595416,0.999008142613008,0.809230679494751,0.0220824613135815
0,0.0111076096486438,0.142636877588657,0.0043353837472059,0.0001413940420754,0.999065454037047,0.809397722692148,0.0220945190527371
0,0.0104966911179684,0.154336850379418,0.0025900121736017,0.0003190919598188,0.999060716600785,0.809387437101661,0.0221030052990366
0,0.0195887064314932,0.0717416936239683,0.0039757595186003,0.0001906908837719,0.999155696420462,0.809485866296698,0.0220857009420571
0,0.0143743701267703,0.0881277020285999,0.0170060296315573,0.0002176321809782,0.999139635356064,0.809496151887185,0.0220954040244182
0,0.0304897644625134,0.0773649363606131,0.0198872668747776,0.0004837969115337,0.999116641458113,0.80956567727098,0.0221379774835075
0,0.0190832477901785,0.0622486924449013,0.0360376037797539,0.0001906908837719,0.999350393496078,0.809668012386455,0.0221793499096009
0,0.0091350729014886,0.112585784684222,0.0012375366142074,0.0006479286441591,0.999019466241145,0.809383270786527,0.0221558981600506
0,0.0090995035896923,0.136922937388518,0.0024865666526825,0.0001906908837719,0.999008142613008,0.80936986045969,0.0220514715016757
0,0.0068642531536563,0.161804274873779,0.0003858066669886,0.0002627254160185,0.99911225066353,0.809444463540056,0.0221900801912348
0,0.0127943438554014,0.110257883121202,0.0044009512946329,0.0001906908837719,0.999072964606729,0.809370641643778,0.0221050122883849
0,0.007828368710238,0.143634549687094,0.0019790652801349,0.0001696728504905,0.999059561128527,0.809393946969058,0.0221216529166035
0,0.0074171375440326,0.198446050125465,0.0056539709284457,0.0002726612135697,0.9990299810387,0.80940071723115,0.022086601716804
0,0.0140854474713027,0.101702089064909,0.0175199351642878,0.000583345960076,0.999037260513931,0.809421939398863,0.0220652833811279
0,0.0071775127066686,0.160141488043051,0.0031854602493559,0.0014179529543807,0.999023510394051,0.809344602174192,0.0221237389212805
0,0.0106464566413209,0.0830486440729207,0.0045256245166612,0.0001809461592505,0.999074120078988,0.809420507228036,0.0221799662291646
0,0.0137902845856955,0.172748435468755,0.0010438446287026,0.0001138795257796,0.998989192867963,0.809324421585262,0.0221264412455211
0,0.0051444457271584,0.177646098497445,0.0011936320028312,0.0002623432699588,0.999051703917166,0.809361788224119,0.0265502092397017
1,0.0084536397702347,0.120990416301357,0.0050912635265255,0.0002057856531286,0.998972091878532,0.809268436725651,0.0220543476596394
1,0.014399955070343,0.0889742116878798,0.0165037357465691,0.0002017731195022,0.998897563917837,0.808933438949422,0.0220771830896261
1,0.0055619171235035,0.181878646793845,0.0013775482827556,0.0001906908837719,0.999067533887113,0.809447067487014,0.0220516453353988
1,0.0051275971057812,0.163890316534148,0.0031066172394968,0.0001906908837719,0.998717194698231,0.808604951040589,0.0219318739001955
0,0.012942237309712,0.0911811832995737,0.0051577145631866,0.0001020329979301,0.998967007800593,0.809348377897282,0.0221257617136946
0,0.0211319153450379,0.0530277836563171,0.0235823806730353,0.0010468891304476,0.999135013467029,0.809527789842732,0.0220691077230357
0,0.0106015269843152,0.120597393959549,0.0068530779567717,0.0004738611139825,0.998964696856075,0.809311271653121,0.0220788898207254
0,0.0267599789080221,0.0471626810170209,0.0062101191233216,0.0003852032281406,0.999084057140414,0.810069280612782,0.0220575240758521
0,0.0070346114364697,0.107688121655531,0.002797419131491,0.0001476994520598,0.999258880093177,0.809613980487063,0.0220693131628902
0,0.0309477973547664,0.107053239411071,0.048595901705678,0.0001906908837719,0.999383093361003,0.809718528957453,0.0221193456690063
0,0.0054895304538831,0.0810230673882154,0.0069819431958892,0.0009706509915448,0.999017617485531,0.809806281969959,0.0220740382795449
0,0.0096467717729429,0.130997369773559,0.0042115375842719,0.0001438779914632,0.998991619359707,0.809358403093072,0.0220421002836951
0,0.0079918627398978,0.124467152401971,0.0002084274029172,0.0002023463385917,0.998932690274505,0.809241355677282,0.0219976936689805
0,0.0097235266036611,0.114611361368927,0.0142129020471747,0.0001505655475073,0.999077239854087,0.809562812929326,0.0220815921449661
0,0.0125478547648837,0.0407836260845905,0.0176926038524854,0.0005057703099644,0.998985841998412,0.809492376164095,0.0220891776165187
0,0.011123834247007,0.0907276959821024,0.0024137012735405,0.0002097981867551,0.999056325806202,0.809502791951929,0.0221398896544614
0,0.0112193097681443,0.102911388578166,0.0060865156255342,0.0002457199163635,0.99913189369193,0.80948573609935,0.0221446937864447
0,0.0089085525474179,0.136741542461529,0.0047719157466719,0.0003013221680445,0.999085559254351,0.80940514394098,0.0221316088480164
0,0.0125846721227079,0.0836835263173806,0.0061990433675888,0.0001618388562674,0.998189374970391,0.808774207592901,0.0218914338549804
0,0.0067625374023794,0.130120627626447,0.0021934427593829,0.0001478905250897,0.998991734906932,0.809430792818523,0.0220614432361543
0,0.0126689152295937,0.135774102850924,0.00708060323109,0.0001538137890144,0.999025359149665,0.809377802497914,0.0220684439942748
0,0.0103943513436776,0.15714847174774,0.0045318649633703,0.0001906908837719,0.999015306541013,0.809340175464362,0.0221154265087041
0,0.0051244769907114,0.131390392115367,0.0027168796225429,0.0002101803328148,0.999028941113667,0.809404362756892,0.0221229803741253
0,0.012941613286698,0.09641140369441,0.0078136924237245,0.0001362350702699,0.999085097065447,0.809425975516649,0.0221039060737835
0,0.0110027737822971,0.107355564289385,0.0022986684724394,0.0001104402112426,0.998981451203829,0.809365563947209,0.0220951985845636
0,0.0110408391861492,0.0708347189890256,0.0004271109643096,0.0001238153233309,0.999096998429713,0.809579217795165,0.0220650147290104
0,0.0249228551548981,0.0359161955437313,0.003770504620474,0.0002931060277617,0.998845798760641,0.809186152001758,0.0219999377043149
0,0.0162433190536067,0.0405719986697705,0.0085987430681485,0.0001570620305216,0.999097113976939,0.809598096410615,0.0222813745019842
0,0.0077466216954081,0.13888804909756,0.0013238071440573,0.0001906908837719,0.998995201323709,0.809360095658595,0.0220944242343426
0,0.0127749991419684,0.0429301327206216,0.002341464223796,0.0001058544585267,0.999052743842199,0.809857970317088,0.0220641139542635
0,0.0144136835766503,0.114006711612299,0.0073260323857834,0.0001906908837719,0.99911756583592,0.809502010767841,0.0220932864136097
0,0.0094576927997104,0.117422982737249,0.0041689302054274,0.0001652781708043,0.999011031293655,0.809374807958912,0.0220820346308066
0,0.0161147703127291,0.1055416150195,0.0072685180644425,0.0001597370529392,0.999099309374231,0.809484434125871,0.0220714623798301
0,0.0099800000624023,0.125132267134262,0.0018548085218656,0.0046849196184424,0.999022008280114,0.809372854998693,0.0221300127383772
0,0.0105715738796447,0.0986183753061039,0.0019185702270919,0.0001906908837719,0.99899011724577,0.809457873866893,0.0220867123382641
0,0.0114907597792207,0.081778879584001,0.0021048130260751,0.0002302430009471,0.998974749464727,0.809317521125822,0.0220729478680092
0,0.0061172976059357,0.0715602986969798,0.0041280749202414,0.0002336823154841,0.999132009239156,0.809758108951224,0.0221039850891121
0,0.0127456700603118,0.0507301145811289,0.0062801028927115,0.0001068098236758,0.998967238895045,0.809501620175798,0.0220776097724009
0,0.0156554893744481,0.0459533815037639,0.0094674394830793,0.0001906908837719,0.999108899793979,0.80941204440042,0.0220608269165907
0,0.0168049397661786,0.05266499380234,0.0065849309488688,0.0001906908837719,0.999111904021852,0.809497974650056,0.0220840890293522
0,0.0060836003631813,0.100039302234181,0.0003824367344359,0.0001136884527498,0.999072502417826,0.809474929719472,0.0221384199693481
0,0.0165734272279962,0.0843184085618405,0.0034122950706002,0.0001052812394372,0.999031714247088,0.809377021313827,0.0220848949857046
0,0.0142888789738566,0.0727695982102367,0.0128791827858354,0.0001906908837719,0.999056556900654,0.809465425313073,0.0220857957604515
0,0.0185203790315787,0.0489161653112435,0.0087466873103249,0.000179226501982,0.998983993242798,0.809310881061077,0.0220882610387061
0,0.0080449046960851,0.163315899265351,0.0056735493887646,0.0001664246089833,0.999013804427076,0.80937493815626,0.0221478860057231
0,0.0098714200579717,0.118843909665326,0.0041717707167822,0.0002206893494555,0.999077008759635,0.80952101958064,0.0220821294492011
0,0.0161341150261622,0.071650996160474,0.0080308452592795,0.0001337511208821,0.999091798804548,0.809424282951126,0.022100239762533
0,0.0068105871744549,0.0903044411524624,0.0024906550007648,0.0088954049038128,0.998989539509641,0.809430011634435,0.0221154581148355
0,0.0063575464663136,0.119357861958461,0.0034571325864465,0.0002329180233647,0.999106011113332,0.809501099386406,0.0221174176949866
0,0.0135700044617646,0.0874625872963086,0.0112291867373637,0.0001348975590611,0.99916447800963,0.80955565207519,0.022133062730064
0,0.0083313312594968,0.083925386220032,0.0009175010045818,0.0002892845671651,0.999040495836256,0.809807974535482,0.0220595784743976
0,0.00778780721433,0.112041599903256,0.005407094177439,0.0008288748034097,0.99897833142873,0.809331452242051,0.0221156477516243
0,0.0108436479137351,0.10300208604166,0.0024179039587243,0.0001341332669418,0.999066609509305,0.80940449295424,0.0221352277500696
0,0.0155512775311153,0.0710161139160141,0.016454622714904,0.0003531029591289,0.99893650333296,0.809268566922999,0.0221174809072496
0,0.0126508185621886,0.100643951990809,0.0034266585426593,0.0001687174853413,0.999078048684668,0.809444072948012,0.0220908685445523
0,0.0380903647726528,0.0443510596486985,0.0413592391546948,0.0003064811398499,0.999002018610036,0.809477794061126,0.0220570183777486
0,0.010086083974777,0.123076457961726,0.0064342939552491,0.0002352108997227,0.999033563002703,0.80937493815626,0.0220877395375369
0,0.0070620684490844,0.0809928349003839,0.0105360527652991,0.007318670261642,0.998894213048286,0.809264010015822,0.022047109855533
0,0.0080817220539093,0.161078695165825,0.0009275556157395,0.0001524762778056,0.998837132718699,0.809217920154654,0.0219858887788767
0,0.0144754618550332,0.06137195029779,0.0062762691020779,0.0001906908837719,0.999020275071726,0.809579998979253,0.0220357632543354
0,0.0107955981416595,0.196329775977265,0.0007966692682062,0.0001906908837719,0.999093185371259,0.809434047752221,0.0221549341730408
0,0.0151831039528738,0.0517580191673973,0.0078340739447827,0.0791598366019878,0.999144026150648,0.809455269919934,0.0220534626879583
0,0.0184454962699024,0.132388064213804,0.0057121896160769,0.0001918373219509,0.998979140259311,0.809434177949569,0.0220749074481603
0,0.0166826312554407,0.05245336638752,0.0240702995628676,0.0012375800142196,0.999087523557191,0.809383531181223,0.0220778784245184
0,0.0224386195362885,0.0540859207304169,0.0119931467724956,0.0040226604970459,0.999038531533416,0.809360225855943,0.0221225536913504
0,0.02684297396888,0.0487952353599178,0.0120841226899109,0.0004388947495233,0.999037260513931,0.809417382491686,0.0220234684691938
0,0.0122714125696956,0.103153248480817,0.0033699558126472,0.0001952766364879,0.999148648039684,0.809355799146114,0.022092796518572
0,0.0399861466890899,0.0213441364089851,0.0443560033319448,0.0005080631863223,0.999077586495765,0.809400456836454,0.0220800592475898
0,0.0098152579867145,0.162529854581734,0.0033773407962825,0.0001434958454035,0.999007564876879,0.809309709284946,0.0220899677698055
0,0.013000895473025,0.116395078150981,0.0085000472005862,0.0003754585036192,0.999045811008646,0.809475841100907,0.0221445831649846
0,0.0213815245506254,0.0604347431750159,0.0166046854774421,0.0001906908837719,0.999179730243446,0.809507218661759,0.0221326360472892
0,0.0097197824655773,0.13018109260211,0.0027592183946993,0.0002736165787189,0.998932228085602,0.80950839043789,0.0219891126042866
0,0.0129603339771171,0.102397436285032,0.0099370652333904,0.0001906908837719,0.999016346466046,0.809432745778742,0.0220707670449378
0,0.0261415721011791,0.106932309459745,0.0120769407692786,0.0011244647805593,0.999010222463074,0.809378323287306,0.0220923856388629
0,0.0076355455989216,0.197478610514859,0.0130756741260022,0.0004773004285194,0.999038184891738,0.809374807958912,0.0221227117220078
0,0.0118782780708953,0.166097288145841,0.0009837442757282,0.0001587816877901,0.998982837770539,0.809202166275554,0.0220845631213242
0,0.011324145634491,0.0891858391026998,0.0067679450849674,0.0002569932251235,0.999029403302571,0.809410482032245,0.022132051333857
0,0.0109578441252913,0.166218218097167,0.0083929547847236,0.0001713925077589,0.999046735386454,0.809324030993218,0.0220549165700059
0,0.0084436554020112,0.177615866009614,0.0018632085290381,0.0001412029690455,0.999048353047616,0.809389910851272,0.0221976814658532
0,0.0137890365396676,0.0687184448408259,0.0188583116998916,0.0001906908837719,0.999051126181037,0.809570494572854,0.0220805333395618
0,0.0102034003014031,0.123650875230523,0.0077162940607401,0.0003236777125348,0.998997281173775,0.809339264082926,0.0221072563237192
0,0.012262052224486,0.0909393233969223,0.0015889715547989,0.0002866095447474,0.999157776270528,0.80946555551042,0.0221283692195408
0,0.0161902770974194,0.0520301115578801,0.0063098379620544,0.0001906908837719,0.999046157650324,0.809333405202269,0.0220853374715452
0,0.019791513911033,0.0650603138132237,0.0306888377107853,0.0003082007971184,0.999391066119589,0.809770217304582,0.0221397632299355
0,0.0146607966901819,0.0834114339268978,0.0091745741307611,0.0001759782604749,0.999067302792661,0.809460347616503,0.0221131192611068
0,0.0155487814390595,0.0671765879614233,0.0094027552111358,0.0002159125237097,0.999076084381828,0.809470372812294,0.0220844050906668
0,0.0130545614522264,0.101762554040572,0.0139579925901327,0.0003141240610432,0.998929686046632,0.809246693768547,0.0220719996840651
0,0.00834755585786,0.114218339027119,0.0033496536707628,0.0014668676500176,0.999055170333943,0.809403711770153,0.0221224114637588
0,0.0087968524279175,0.137164797291169,0.0077392645865074,0.0002892845671651,0.999022239374566,0.809346164542367,0.0221560087815108
0,0.0089210330076973,0.113220666928682,0.0098167788134793,0.0005837281061357,0.999084634876544,0.80945175459154,0.0221524846978519
0,0.007567527090399,0.175378661910089,0.0009892814054678,0.0021329482320108,0.99898168229828,0.809307495930031,0.0221133721101586
0,0.0633277275265912,0.0182301901623485,0.0855804543952362,0.0012305103121158,0.99913640003374,0.809435870515092,0.0220952143876294
0,0.0185883975401013,0.0633975269824954,0.0064497363233901,0.0001538137890144,0.999012880049269,0.809284060407403,0.0221167539662258
0,0.0103887351365518,0.183178643770596,0.0016259770180615,0.0002931060277617,0.999009644726945,0.809339133885578,0.0220657416700342
0,0.0085778203500145,0.096985820963207,0.0091309489496225,0.0001906908837719,0.999128889464057,0.80943222498935,0.0220726318066945
0,0.0135668843466947,0.0988602352087553,0.0167246154586293,0.0009941529742141,0.99905413040891,0.809455400117282,0.0220685230096035
0,0.035489436850431,0.0232790156301962,0.0189576412600465,0.0001629852944464,0.999005947215716,0.809609814171929,0.0220485005253176
0,0.0215999326055145,0.0414789733047132,0.0012601290930155,0.0005239222477984,0.999017270843853,0.809390301443316,0.0220565600888423
0,0.0051101244613901,0.10279045862684,0.0057386746474823,0.0008986164592982,0.999054592597813,0.809642363508912,0.0220113159116439
0,0.0109909173450317,0.115155546149893,0.0106997414439784,0.0001681442662518,0.999116988099791,0.809504875109496,0.0222132632886676
0,0.0081291478029709,0.0949300117906702,0.0045606619982304,0.0007157595697493,0.999013688879851,0.809484303928523,0.0221169119968831
0,0.0122863891220308,0.149439187350727,0.0011072348743723,0.0006085676000138,0.999024203677406,0.809361918421467,0.0221246554990931
0,0.0229659189830921,0.0851951507089518,0.012952203172975,0.0003873050314687,0.998925641893726,0.808988903019641,0.0220076496003934
0,0.0134052623860768,0.08791607461378,0.017350022672577,0.0005967210721642,0.999038993722319,0.809603304304533,0.0220893672533075
0,0.0047407028371206,0.139371768902863,0.0015816728097862,0.0133389992855779,0.998972669614661,0.80941712209699,0.0220883084479033
0,0.0249421998683311,0.0467696586752124,0.0070543587661896,0.0022611582350278,0.99910242914933,0.809371553025214,0.02206027380929
0,0.0214189659314636,0.0978625631103183,0.0402969854365247,0.0002560378599744,0.999181001262931,0.809539377406698,0.0221279109306345
0,0.010745052277528,0.0764881942135018,0.0041934555525464,0.0001906908837719,0.999068573812146,0.80953169576317,0.0221291751758933
0,0.0088455262230071,0.148562445203616,0.0073158883103131,0.0001524762778056,0.999053552672781,0.809417773083729,0.0220944558404741
0,0.0168411331009888,0.0745835474801221,0.0024104798587421,0.0001906908837719,0.998892364292672,0.809195135618766,0.0220773727264149
0,0.0089204089846833,0.0867672400761859,0.0089834523787824,0.0004587663446258,0.999179845790672,0.810388264115215,0.0222726986188958
0,0.0170470606955985,0.0557789400489766,0.0180997821524169,0.0001459797947913,0.999153038834267,0.809580519768645,0.0221448044079049
0,0.0132598650238221,0.0688091423043202,0.016366427050626,0.0001226688851519,0.999003751818424,0.809488340046309,0.0221535118971247
0,0.0053566135519077,0.0267557517308099,0.0068118003976988,0.0002932971007915,0.998986304187316,0.814100711294151,0.0221925138633579
0,0.039963057837573,0.0252441273392387,0.0536957803889999,0.0001906908837719,0.999308103211404,0.809715925010494,0.0221599753510102
0,0.0262670007269868,0.0612207878586329,0.004272939813994,0.0001906908837719,0.999010915746429,0.809625047261637,0.0221842172538472
0,0.009665492463362,0.0781207485563987,0.0060678698170712,0.0001906908837719,0.999109130888431,0.809456702090761,0.0220681121298944
0,0.0088330457627277,0.102548598724189,0.0063631280482717,0.0001906908837719,0.998953488775165,0.809317521125822,0.0224260357657196
0,0.0177472145172714,0.0810532998760468,0.0049930570699483,0.0008239069046341,0.999032985266573,0.809406185519764,0.0221846123304906
0,0.018233952468167,0.0769719140188046,0.0169086002553143,0.0001045169473179,0.99917175748486,0.80952857102682,0.0221672763673796
0,0.012441770852509,0.135108988118632,0.0084222911510334,0.0019768415666383,0.999090758879515,0.80939694150806,0.022177200692661
0,0.0057222910380934,0.22232971551229,0.0040651867745656,0.0001412029690455,0.999109939719012,0.810556348891396,0.0230945054462975
0,0.0157434766194177,0.0713184387943284,0.023289125770093,0.0005804798646285,0.999039687005674,0.809547579839618,0.0220631499672537
0,0.0275331434223294,0.0627626447380355,0.0146368643495935,0.0011215986851118,0.999019697335596,0.809357882303681,0.0223055847986897
0,0.0113927881660276,0.122229948302446,0.009119417730375,0.0013197414170472,0.999061872073044,0.809432745778742,0.0221990879387036
0,0.0163119615851433,0.064939383861898,0.0094319325664835,0.0002382680682,0.998890746631509,0.809234064625797,0.022024290228612
0,0.0087937323128477,0.106660217069263,0.0033456211310005,0.0001335600478523,0.999049392972649,0.809433396765481,0.022091958956088
0,0.0122140024524104,0.122471808205097,0.0021938705713518,0.0063067474956535,0.998992197095836,0.809315958757647,0.0221941099729971
0,0.0327019260470326,0.0350999183722829,0.024166892047492,0.0001906908837719,0.998930379329988,0.809328848295092,0.021973957464247
0,0.0116336610494195,0.085709103002086,0.0031300228836148,0.0001906908837719,0.99885030510245,0.80899905841278,0.0221340583232053
0,0.0064985756674706,0.161350787556308,0.0009155221021795,0.0001186563515254,0.998948635791678,0.809232372060274,0.0220802962935758
0,0.0132673532999897,0.0933579224234362,0.0077876369142922,0.00011349737972,0.999022817110695,0.809346164542367,0.0221127241844634
0,0.0072211943176464,0.113583456782659,0.0036118902433423,0.0001314582445241,0.998916513662882,0.80931009987699,0.0220260759750401
0,0.0301509199659283,0.0380929346675938,0.041656302373094,0.126315704999292,0.999060716600785,0.80932012507278,0.0221200884130958
0,0.0082957619477006,0.136015962753575,0.0037329824833178,0.0002250840291416,0.999092260993452,0.809426756700737,0.0220714623798301
0,0.0131930945613274,0.108595096290474,0.0082862022516347,0.0004964077315026,0.998860473258328,0.809144358653072,0.0220103835307655
0,0.0148779566990431,0.0733440154790338,0.0080376957499998,0.0001442601375229,0.999037144966705,0.809402409796673,0.022103637421666
0,0.0091163522110695,0.113795084197479,0.0007407272763285,0.0002103714058446,0.999082670573704,0.809511384976893,0.0221245764837645
0,0.0119019909454261,0.0400278138888049,0.0148031506995942,0.0001538137890144,0.998948982433355,0.809999364636942,0.0219926366879454
0,0.0094096430276348,0.0580766091241648,0.0039801986313016,0.0001906908837719,0.998842910079993,0.809407096901199,0.0218673657858665
0,0.007749117787464,0.177827493424434,0.0014536119139113,0.0001918373219509,0.998931303707795,0.809218180549349,0.0219984048069386
0,0.0123519115384975,0.0758230794812105,0.0047642271789891,0.0001366172163296,0.999049624067101,0.80937363618278,0.0220248749420442
0,0.0085853086261821,0.0705626265985428,0.0011431266779443,0.0005829638140163,0.998979486900989,0.809387697496357,0.022055027191466
0,0.0161559558316511,0.144360129395048,0.0021296510902187,0.0007497705690594,0.998986650828993,0.809318172112561,0.022094108173028
0,0.0088517664531467,0.126371799135351,0.0041930689555659,0.0001906908837719,0.998924717515919,0.809377802497914,0.0220408202353705
0,0.0075381980087425,0.182997248843607,0.0030378298123888,0.0004260928565245,0.998928183932696,0.809295647971369,0.0220851794408878
0,0.0058171425362167,0.14015781358648,0.0015201874894037,0.000105472312467,0.999048930783745,0.809598096410615,0.0221515365139079
0,0.011922583704887,0.104574175408894,0.0055472761662954,0.00195219314579,0.999043384516903,0.809444723934751,0.0221136249592103
0,0.0480803492032786,0.0155999637210146,0.0274828619576528,0.0003146972801327,0.999031829794314,0.809439385843486,0.0220153931026034
0,0.005731651383303,0.143150829881791,0.0032998987268257,0.0003360974594738,0.999031252058185,0.809445765513535,0.022107445960508
0,0.0093222798056792,0.0326208543701061,0.0024886701522115,0.0001906908837719,0.998761911474648,0.809487689059569,0.0220207819480189
0,0.0247549929641405,0.0297185355382894,0.0089629934411687,0.0001906908837719,0.999092723182355,0.809491985572051,0.0220894146625047
0,0.0126146252273784,0.0878858421259485,0.0102842134071125,0.0003636119757696,0.999051703917166,0.809518415633681,0.0221904910709439
0,0.0089247771457811,0.0635184569338211,0.0027902653287693,0.0001750228953258,0.999187240813129,0.809991552796066,0.0220685072065377
0,0.0116748465683414,0.095413731595973,0.006407415817188,0.000106618750646,0.999035758399994,0.809368428288863,0.0220765825731282
0,0.0174820047363347,0.0495812800435348,0.0107143033736882,0.0001906908837719,0.999354437648984,0.809703165670397,0.0221318300909367
0,0.0149116539417974,0.0976811681833298,0.0013128971227123,0.0010061905750935,0.998954297605746,0.809473888140688,0.0220399826728866
0,0.0085828125341262,0.169090304441152,0.0033908475562194,0.0010182281759729,0.99896654561169,0.809149436349641,0.0220874866884851
0,0.0091194723261393,0.0728300631858996,0.0025676054828675,0.0001906908837719,0.999103237979911,0.809463472352854,0.0221424497511104
0,0.0135325630809264,0.151888018865072,0.0024370199406248,0.0001906908837719,0.998959843872588,0.809280414881661,0.0220146345554481
0,0.0230170888702375,0.0557487075611452,0.0122859807812134,0.0003020864601638,0.999231264306191,0.809678818766333,0.0220783051072933
0,0.0108548803279865,0.0915742056413822,0.0050340844437424,0.0002569932251235,0.998990232792996,0.809371292630518,0.0220794903372234
0,0.0150008892327949,0.0628533422015298,0.0082141667492077,0.0001763604065346,0.998948982433355,0.810208461577721,0.022945672173208
0,0.0148324030190233,0.103576503310457,0.0178070529980498,0.0012177084191171,0.999263155340535,0.809605778054143,0.0222488201865707
0,0.0176261540525615,0.0624300873718898,0.032102847889207,0.0006129622796999,0.999149456870265,0.809624786866942,0.0220960519501133
0,0.0097915451121837,0.127762493575596,0.0122979110726995,0.0005139864502471,0.999103700168814,0.809569322796722,0.0221639735266411
0,0.007968773888381,0.126462496598845,0.0064750443666525,0.0001893533725631,0.998986535281768,0.80984651295047,0.022092733306309
0,0.0073104296086439,0.12253227318076,0.0024140006991686,0.0001906908837719,0.999127502897347,0.809388088088401,0.0221120604557026
0,0.0090083962296529,0.151313601596275,0.0091994333173434,0.0002350198266929,0.999084634876544,0.809414518150031,0.0221994040000183
0,0.0106626812396841,0.0563835898056051,0.0087485790608066,0.0002600503936008,0.998959959419814,0.809367256512732,0.0220217459350288
0,0.0081154192966636,0.0796928379236327,0.0053765199040853,0.0006404767959957,0.999033794097154,0.80948573609935,0.0221095635713165
0,0.0224716927560288,0.0601021858088702,0.0120622820688745,0.0001906908837719,0.998787216317117,0.80916401845261,0.0220327606718458
0,0.0142944951809823,0.09641140369441,0.0147039940830496,0.0005976764373134,0.999022239374566,0.809356580330201,0.0222451538753202
0,0.0241684113310099,0.0461952414064153,0.031530806429164,0.0001906908837719,0.999280949613321,0.809625307656333,0.0221395419870152
0,0.0073166698387836,0.147081053299876,0.0004341062807297,0.0001906908837719,0.998587550710789,0.808670179911903,0.0220062589306088
0,0.0081803176901164,0.130483417480424,0.0015710573366709,0.0005682511907193,0.999019812882822,0.809437823475311,0.0220819714185437
0,0.0092037154330251,0.108111376485171,0.0036670116275053,0.0001083384079145,0.999041997950192,0.809431443805262,0.0221115863637305
0,0.0131799900780341,0.114792756295916,0.0095994453587269,0.0001677621201921,0.998959497230911,0.80935853329042,0.0221037322400604
0,0.0116810867984811,0.098981165160081,0.0044468542985733,0.0029190226767382,0.999005138385135,0.809390171245968,0.0220610797656424
0,0.0099144776459355,0.101157904283944,0.0041066287660913,0.0001196117166746,0.999011609029784,0.809392124206187,0.0220585828812563
0,0.0161222585888968,0.0720137860144511,0.0071192757347323,0.0001350886320909,0.999181116810157,0.809535080894216,0.0221251453941309
0,0.0095537923438616,0.13039272001693,0.0012037425389002,0.0001389100926876,0.999021892732888,0.809375719340347,0.0221053283496996
0,0.0271643458210739,0.0474045409196723,0.0469964706184909,0.0001295475142258,0.999211736825016,0.809647831797525,0.0221104327399319
0,0.0088230613945042,0.15799498140702,0.0004321130181782,0.0001155991830481,0.998956839644715,0.809295908366065,0.0220630077396621
0,0.0125647033862609,0.0698975118662515,0.006341062445087,0.0004409965528514,0.999058405656268,0.809408398874678,0.022141280324246
0,0.0026995235584288,0.111950902439762,0.0003302667204252,0.0001906908837719,0.998405679377247,0.808391817982025,0.0219281601797479
0,0.0165060327424875,0.0843788735375034,0.0350058010203137,0.0001906908837719,0.998555313034767,0.808786706538303,0.0226054953802029
0,0.0166801351633848,0.0813253922665296,0.0144061575540983,0.0001906908837719,0.999098731638101,0.809447458079058,0.0220996708521666
0,0.0091350729014886,0.083350968951235,0.0042452495210801,0.0007191988842863,0.99898422433725,0.809433266568133,0.0220965734512826
0,0.0117422410538501,0.131481089578861,0.0033144140200564,0.0001866783501455,0.999024550319084,0.809378453484654,0.0221128031997921
0,0.0323075435022044,0.0373371224718082,0.0201325874830657,0.0002075053103971,0.999197524516233,0.809593799898134,0.0220594520498718
0,0.0109516038951517,0.0661486833751549,0.014057593321982,0.0006834682277078,0.999012071218688,0.809328067111004,0.0220452450937763
0,0.0127313175309905,0.157450796626054,0.0047518271221347,0.0001408208229859,0.9989679321784,0.809291742050931,0.0220260601719743
0,0.0081435003322922,0.192732109925326,0.0021155216944213,0.0002543182027059,0.99904765976426,0.809380406444873,0.0221249241512106
0,0.017774671529886,0.0871904949058258,0.0042564420234658,0.0001906908837719,0.999159047290013,0.809514249318547,0.0221316246510821
0,0.0143749941497842,0.0783323759712187,0.0186560227263854,0.0002176321809782,0.999139866450516,0.80948196037626,0.0221022941610785
0,0.0202751317468588,0.0425673428666445,0.0075613218177445,0.0006345535320709,0.999102198054878,0.809645748639959,0.0220971897708462
0,0.025524413340364,0.0473743084318408,0.0418557828589611,0.000110058065183,0.999338954320715,0.809684807844338,0.0220980589394616
0,0.0080692415936299,0.121625298545817,0.0016445302142496,0.0006123890606104,0.999012417860366,0.809413476571248,0.0220972213769777
0,0.0113509786240917,0.103697433261783,0.0151666763805919,0.0001906908837719,0.998978909164859,0.809415169136771,0.0220937447025161
0,0.0160473758272205,0.0721347159657768,0.0036988816760007,0.000275718382047,0.999090296690612,0.809449020447233,0.0221143519002341
0,0.0083138586151057,0.143090364906128,0.0024658423729342,0.0002033017037408,0.999064183017562,0.809390822232708,0.022134311172257
0,0.007428369958284,0.192218157632192,0.0047693358943719,0.0004350732889266,0.999053552672781,0.809400456836454,0.0221882628386753
0,0.0118695417486997,0.0986486077939354,0.008441389663686,0.0013784008372055,0.999018310768886,0.809413606768596,0.0220720312901966
0,0.0109179066523973,0.132115971823321,0.0134645229293906,0.0014420281561395,0.999032754172121,0.809357752106333,0.0221389256674516
0,0.0113852998898599,0.0826253892432808,0.0046510386368885,0.0001941301983089,0.999061409884141,0.809384442562659,0.0221183026666678
0,0.0214963447851957,0.153490340720138,0.0053480824170477,0.0001906908837719,0.99897186078408,0.809313094415992,0.0220641297573292
0,0.0108124467630366,0.170208906490915,0.0133554621626292,0.0002013909734425,0.999063143092529,0.809368037696819,0.022125793319826
1,0.0061073132377122,0.200139069444025,0.0010602351941925,0.0002453377703038,0.998922522118628,0.809196307394897,0.0219849405949326
0,0.010544740890044,0.173201922786226,0.0012064167912068,0.000103179436109,0.998906114412552,0.807906312071586,0.0220297896954877
0,0.0176523630191481,0.053662665900777,0.0407354145302358,0.0009939619011842,0.999121147799923,0.809365563947209,0.0220911688028013
0,0.0103544138707836,0.0942951295462103,0.0070579068500927,0.0007904691244135,0.998955337530779,0.809251901662464,0.022063371210174
0,0.0072848446650712,0.0470719835535266,0.0048595288047339,0.0001906908837719,0.998545491520567,0.813338796414053,0.0219915146702783
0,0.0184635929373075,0.0961695437917586,0.0230639364392887,0.0001906908837719,0.999270897004669,0.809573489111856,0.0220360477095187
0,0.0079781342335905,0.171690298394655,0.0087910838005332,0.0001906908837719,0.999000285401648,0.809460738208547,0.0220061799152801
0,0.030777439071953,0.0989509326722496,0.0614075343301976,0.0001906908837719,0.999380320227582,0.809706290406747,0.0221303129966262
0,0.00343399864587,0.082141669437978,0.0026210046207186,0.0012129315933713,0.998985033167831,0.809658768374752,0.0220277985092051
0,0.0092817183097712,0.1197811167881,0.0040681273017363,0.0001945123443686,0.998977984787052,0.80931700033643,0.0220630867549907
0,0.0103531658247556,0.100462557063821,0.0020718017829344,0.0002499235230198,0.99885816231381,0.809216227589131,0.0217808123948375
0,0.0068811017750334,0.131360159627536,0.009951248533185,0.0002071231643375,0.999023741488502,0.809373896577476,0.0220388606552194
0,0.0127987120164992,0.0624905523475527,0.0228256613982269,0.0004906755406077,0.998968856556207,0.809424152753778,0.0220269925528527
0,0.0100517627090087,0.079995162801947,0.0047780571491584,0.0001989070240547,0.999025590244117,0.809387567299009,0.0220773411202834
0,0.0085984131094754,0.129243885479336,0.0059779158992331,0.0002734255056891,0.999039109269545,0.809329759676527,0.0220323655952025
0,0.0133047946808278,0.124618314841128,0.0049038864700734,0.0002669290226748,0.999036682777801,0.809333275004921,0.0220395085809146
0,0.0124785882103332,0.0180185627475285,0.0051288363808528,0.0001578263226409,0.99750210007083,0.806138232086668,0.0224721333084677
0,0.0085085537954639,0.116183450736161,0.0021760613047338,0.0001893533725631,0.998968972103433,0.809354236777939,0.0220644774247754
0,0.0083981017219915,0.116909030444115,0.0023777176544002,0.0001675710471623,0.99900837370746,0.809363871381686,0.0220812760836514
0,0.0091388170395724,0.15630196208846,0.0049989336938244,0.0001906908837719,0.998971283047951,0.809288096525189,0.0220460826562602
0,0.0122920053291565,0.147020588324213,0.0060174178520892,0.0003515743748902,0.999002711893391,0.809349549673413,0.0220799644291954
0,0.0174445633554966,0.0750672672854249,0.0233253990212008,0.0001398654578367,0.999045811008646,0.809388218285749,0.0220573660451948
0,0.010804334463855,0.0943555945218732,0.0057213625257323,0.0001240063963607,0.998987344112349,0.809342649213973,0.022074986463489
0,0.0123937210804334,0.0872811923693201,0.0052276905209662,0.0001163634751674,0.999079319704153,0.809465946102464,0.0221093739345277
0,0.0111955968936134,0.097409075792847,0.0090743339350549,0.0004224624689577,0.998904958940293,0.809242918045457,0.0221689514923475
0,0.0100099531670728,0.0421138555491731,0.0057719224152998,0.0001943212713387,0.998975673842535,0.809444984329447,0.0220163254834818
0,0.0084810967828493,0.121141578740515,0.0049891443276419,0.0001356618511804,0.998833550754697,0.80906832340188,0.0219014213925247
0,0.0058882811598091,0.0610696254194758,0.001167764282955,0.0001241974693905,0.999040033647352,0.80979990229991,0.0220829196024878
0,0.00878624403668,0.115427638540375,0.0039089983299208,0.0001906908837719,0.99905667244788,0.809370251051734,0.0220576346973123
0,0.0106096392834968,0.115064848686398,0.0060032199200992,0.000182665816519,0.998967238895045,0.809343560595408,0.0220387026245621
0,0.0122171225674803,0.0965625661335671,0.0248380610734394,0.0003015132410743,0.998968163272852,0.809520498791248,0.0219808159947759
0,0.010066739261344,0.125555521963902,0.005237350334896,0.0060679062083639,0.999025012507987,0.809375849537695,0.0221256826983659
0,0.0083581642490975,0.120960183813526,0.0018749108264367,0.0001906908837719,0.99897636712589,0.809407096901199,0.0220903628464488
0,0.0117129119721935,0.0903044411524624,0.0021598150014195,0.0002804952077928,0.998984108790024,0.809286534157014,0.022123470269163
0,0.0059681561055971,0.0742812226018079,0.011698757223447,0.0002684576069134,0.998972091878532,0.809648482784265,0.0220126275660998
0,0.0104299206554738,0.0497022099948605,0.009890333829557,0.0001056633854969,0.99901819522166,0.809469852022902,0.022153970186031
0,0.015998078009117,0.0368836351543368,0.0124809429889558,0.0001906908837719,0.999039340363997,0.809354627369982,0.0220386710184306
0,0.019072639398941,0.0744928500166279,0.0206116760664777,0.0001906908837719,0.999023279299599,0.809409310256114,0.022066705657044
0,0.0066146439480688,0.0923904828128307,0.0036104624286689,0.0001154081100183,0.998979949089892,0.809214274628912,0.022006480173529
0,0.0300354757083441,0.0465882637482238,0.0065818325572161,0.0001906908837719,0.999046042103098,0.809339915069666,0.0220613326146942
0,0.0143831064489658,0.0620370650300813,0.0144628872555409,0.0001906908837719,0.999046042103098,0.809381708418352,0.0220859853972403
0,0.0242077247808899,0.0350999183722829,0.0202444260351175,0.0001924105410404,0.998910736301587,0.809241616071977,0.0220174000919517
0,0.008448023563109,0.144995011639508,0.006236021703966,0.0001790354289522,0.999012533407592,0.809363480789642,0.0220977270750812
0,0.006990305802478,0.111739275024942,0.0068760943806073,0.0001935569792194,0.998996587890419,0.809308016719423,0.0220193754751686
0,0.0167905872368573,0.0919974604710222,0.009480906874055,0.0001312671714943,0.999023279299599,0.809375458945651,0.0220402671280698
0,0.0065204164729595,0.0962300087674215,0.008024540609684,0.0138159175680378,0.998975673842535,0.809360876842683,0.0220598471265151
0,0.007387808462376,0.128306678356562,0.0080744445571721,0.0002663558035853,0.9990398025529,0.809391863811491,0.0220321127461507
0,0.0145210155350529,0.0877346796867914,0.0072020756555301,0.000145215502672,0.999096420693584,0.809496021689837,0.022082729965699
0,0.0060455349593293,0.0952928016446473,0.0064573333281188,0.0002589039554218,0.998922637665854,0.809865782157964,0.02199617657467
0,0.0073397586903005,0.0880672370529371,0.0028267154681562,0.001004470917825,0.998956839644715,0.809335618557184,0.0220743543408596
0,0.0107026187125781,0.0877649121746228,0.0012103675422438,0.0001947034173984,0.999034371833284,0.809354106580591,0.0220899835728712
0,0.0158058789208146,0.0514859267769145,0.0412083117129693,0.0001755961144152,0.998870872508657,0.808724732600687,0.0220552168282549
0,0.013561892162583,0.0850439882697947,0.0056188878791499,0.0001329868287628,0.999060254411882,0.80940957065081,0.0220708618633322
0,0.0185347315609,0.0540859207304169,0.0072881709682413,0.0002480127927214,0.9990103380103,0.809379625260785,0.0221040166952436
0,0.0108561283740144,0.111255555219639,0.0011775513367454,0.0001910730298316,0.998998667740486,0.809339784872318,0.0220497015583134
0,0.0074751716843317,0.0454394292106297,0.0085400469784256,0.0043218808617622,0.99867790864143,0.808755589372147,0.0219310047315801
0,0.0091725142823267,0.13356713123923,0.0010206670758315,0.0001387190196577,0.998959381683685,0.809330410663267,0.0223965788511901
0,0.0140823273562329,0.0635184569338211,0.0214270380128085,0.0001068098236758,0.998992659284739,0.809442250185141,0.0220738328396903
0,0.0123475433773998,0.159627535749917,0.0067940175972828,0.0001906908837719,0.999103353527137,0.809415299334119,0.0220568919532227
0,0.0200685801292352,0.0389696768147051,0.0052858264288469,0.102514884111341,0.999121725536052,0.809021191961928,0.0220518033660562
0,0.0213359708706057,0.117816005079058,0.0095685312220313,0.0003647584139486,0.998936156691282,0.809377932695262,0.0220524196856198
0,0.0121441118748459,0.0670556580100976,0.0170043109024133,0.0017320770154239,0.998992197095836,0.80934343039806,0.0220373909701061
0,0.0266776078701783,0.0409347885237476,0.0158750872584556,0.0067303564027903,0.998970358670144,0.809254766004119,0.0220280197521254
0,0.0271786983503952,0.0510324394594431,0.0144494627701261,0.0001968052207266,0.998934770124571,0.809030435973631,0.0220103993338312
0,0.007928836415487,0.111346252683133,0.0081083509292348,0.0002676933147941,0.999132933616963,0.809385874733486,0.0220933654289384
0,0.0224473558584841,0.0407231611089276,0.0129933032996765,0.0005802887915987,0.999016346466046,0.809301637049374,0.0220569867716171
0,0.0092049634790531,0.155092662575203,0.0060489225814979,0.0001652781708043,0.998910158565458,0.809267525344216,0.022008803224192
0,0.0123681361368607,0.104574175408894,0.0070218481073572,0.0002361662648719,0.998827311204499,0.80907965057115,0.0219687266494888
0,0.0201671757654422,0.0654835686428636,0.0193889833383604,0.0001906908837719,0.999034949569413,0.809328197308352,0.0220399984759523
0,0.0079138598631517,0.0994951174532152,0.0035546860934516,0.0001950855634581,0.998834475132504,0.809337962109447,0.0218173016736189
0,0.0109497318261097,0.0878858421259485,0.0132926621987627,0.0001906908837719,0.999002365251714,0.809362048618814,0.0220716520166189
0,0.0062246295643383,0.100099767209844,0.0073728928172092,0.001404004623203,0.998988499584608,0.809348117502586,0.0220622491925068
0,0.0078907710116349,0.131088067237053,0.0139155532775,0.0136364999930258,0.999011955671462,0.809346555134411,0.0220334876128696
0,0.0361402928540005,0.122653203132086,0.0007936243530495,0.0004236089071367,0.998933036916183,0.809335748754532,0.0220174000919517
0,0.0070433477586653,0.125374127036914,0.0082318243889728,0.0002545092757357,0.998971398595177,0.809158680361345,0.0220406622047132
0,0.0096804690156973,0.161622879946791,0.0076142560870576,0.0001578263226409,0.998922868760305,0.809177558976795,0.0219829968178473
0,0.0103762546762725,0.127339238745956,0.0053876874559546,0.000142922626314,0.998997165626549,0.809355017962026,0.0220430484676391
0,0.0161715564070003,0.0547812679505396,0.0268895693033744,0.0001178920594061,0.999031136510959,0.809546668458182,0.0220878817651285
0,0.0071051260370482,0.156967076820752,0.006152846068033,0.0003274991731314,0.99893257472728,0.809195135618766,0.022009640786676
0,0.0129578378850612,0.0802672551924298,0.0073390424283534,0.0005416920395727,0.999016808654949,0.809512035963632,0.0220395717931775
0,0.0202464266882163,0.0385161894972337,0.0145537798879772,0.0001906908837719,0.99904823750039,0.809362048618814,0.0221148101891404
0,0.0265584194745102,0.0948695468150074,0.0437815753666717,0.0002665468766151,0.999322084425736,0.809737147178207,0.0220845315151927
0,0.0213690440903461,0.0592556761495903,0.021606473537542,0.0001467440869107,0.999039918100126,0.809403321178109,0.0220776255754667
0,0.0163749879095541,0.0616440426882728,0.015036923046888,0.0001893533725631,0.99903194534154,0.809415559728815,0.022086601716804
0,0.0142308448335575,0.0847718958793119,0.0156923582655634,0.0002191607652169,0.998852847141419,0.809226252784921,0.0220408202353705
0,0.0093503608413078,0.108413701363485,0.0091432763701606,0.0021751753716036,0.999012533407592,0.809371943617257,0.0220493222847358
0,0.008067993547602,0.14185083290504,0.0073271925070664,0.0002676933147941,0.998884853722989,0.809210108313778,0.0220176687440692
0,0.0101229013326011,0.0978020981346555,0.0065509416416007,0.0005468510113782,0.999055979164524,0.809452405578279,0.0220962573899679
0,0.007609336632335,0.12486017474378,0.0030246589322612,0.0024719117869321,0.998976944862019,0.809338352701491,0.0220637188776201
0,0.0488766025691027,0.0185022825528313,0.0648693931934659,0.0021253053108175,0.999110979644045,0.809388739075141,0.0221057708355402
0,0.0184155431652319,0.0732230855277081,0.0029641737311744,0.0001851497659068,0.998999361023841,0.809097617805164,0.0220593730345431
0,0.0124966848777383,0.223901804879524,0.0057623393183783,0.0002904310053441,0.998882889420149,0.809218050352002,0.0218406744078406
0,0.0094208754418863,0.0906369985186081,0.0086541331561589,0.0001906908837719,0.999169099898665,0.809400977625846,0.0221275000509254
0,0.0122345952118714,0.0967741935483871,0.0173790807551292,0.0013008251870939,0.999042922327999,0.80944732788171,0.0221269627466904
0,0.0106620572166702,0.0324092269552861,0.0076129183585165,0.0001201849357641,0.998195845615041,0.808594665450103,0.0219040605045024
0,0.0175063416338795,0.0415696707682075,0.0226985745440831,0.0010621749728341,0.999032754172121,0.809339133885578,0.0221518367721568
0,0.0040586456828527,0.088702119297397,0.0071031805336105,0.0012093012058045,0.998625681295331,0.808989944598425,0.0219221234086372
0,0.0105016833020802,0.126009009281374,0.009738300248273,0.000205403507069,0.999153616570397,0.809490293006528,0.0221096899958424
0,0.008067993547602,0.117936935030384,0.0027129071272475,0.0007039130418998,0.999033216361025,0.809438734856746,0.0221584582566997
0,0.0166127406778762,0.118329957372192,0.0020202320970017,0.0003351420943247,0.999012186765914,0.809348247699934,0.0220436805902685
0,0.0116111962209166,0.0629138071771926,0.0135941844475262,0.000579906645539,0.999008027065782,0.809462821366114,0.0220781154705044
0,0.0041578653420738,0.142395017686005,0.0041931642494384,0.0055879307574268,0.998948982433355,0.809300595470591,0.0220515505170044
0,0.0167625062012287,0.0663603107899749,0.0041912704586106,0.0097342155047738,0.999099540468683,0.809357491711637,0.0221537173369792
0,0.0123737523439864,0.0628231097136983,0.0070355656253162,0.0001906908837719,0.998686228041694,0.808794257984483,0.0219755377708205
0,0.005331028608335,0.134776430752487,0.0071025613371902,0.0001847676198472,0.998987806301252,0.809233023047014,0.0220369326811998
0,0.01565736144349,0.0766091241648275,0.0016365593792766,0.0001906908837719,0.999066378414854,0.809328197308352,0.0222055355895233
0,0.0100773476525814,0.0909393233969223,0.0125685467780176,0.0008357534324836,0.99908417268764,0.80982385861193,0.0222204378805112
0,0.0124149378629084,0.0815370196813496,0.0095049896021229,0.0001574441765812,0.999146683736843,0.809480918797477,0.0221262832148638
0,0.0069191671788855,0.0834718989025607,0.0019034561020368,0.0001391011657174,0.998993121473643,0.809364782763121,0.0221362707524081
0,0.030796159762372,0.0274813314387641,0.0299334559507675,0.0001906908837719,0.99923184204232,0.809698999355263,0.0220893040410446
0,0.0224042982705202,0.0682649575233546,0.0147147030623056,0.0001906908837719,0.999058983392397,0.809693270671954,0.0222382479355942
0,0.0089035603633062,0.0757626145055477,0.0077736961824848,0.0001906908837719,0.999136284486514,0.809452665972975,0.0221511256341988
0,0.0072935809872668,0.099192792574901,0.0061169988605942,0.0001906908837719,0.998953026586261,0.80925971350334,0.0221137197776047
0,0.0258863466884659,0.051667321703903,0.017169839914856,0.0006916843679906,0.998963772478268,0.809312703823948,0.0220224412699211
0,0.0178489302685483,0.0625510173232155,0.0151422749310525,0.0001906908837719,0.999166211218018,0.809515290897331,0.0221116653790592
0,0.0228960284055276,0.0811137648517096,0.0209985062487292,0.0023981575974171,0.99904373115858,0.809359054079812,0.0220819082062808
0,0.0135157144595493,0.0831091090485836,0.0083653757198125,0.0009018647008054,0.999061294336915,0.80991825168918,0.0228966352602333
0,0.0122801488918911,0.0710161139160141,0.0028888241433785,0.0004742432600421,0.999094340843518,0.809572317335725,0.0221248609389477
0,0.0166514301047423,0.0814160897300239,0.0097697275222625,0.0005648118761823,0.999042113497418,0.809415559728815,0.0222415507763327
0,0.0088536385221887,0.119690419324606,0.0082105862529515,0.0016073063269439,0.999036682777801,0.80933275421553,0.022104648817873
0,0.0098027775264351,0.0586812588807933,0.0051766260246941,0.0001549602271934,0.998867059450203,0.80937493815626,0.0220860328064375
0,0.0071981054661295,0.244248269190072,0.0015116205624995,0.0014135582746946,0.999014613257658,0.809357882303681,0.0221672605643139
0,0.0166851273474966,0.0747044774314478,0.0099395482567006,0.0046119297210467,0.998979371353763,0.809353325396503,0.0225036130154113
0,0.0112367824125354,0.141790367929377,0.0053001661940292,0.0001287832221065,0.998838288190958,0.809211800879301,0.0220459088225371
0,0.0023669192919834,0.244701756507543,0.0014921957693794,0.0001222867390922,0.998849265177417,0.809171309504094,0.0218491764572058
0,0.0239306585626878,0.0617045076639357,0.0194850060418006,0.0001906908837719,0.999078741968023,0.809633640286601,0.0220796009586835
0,0.0106314800889857,0.0846207334401548,0.0049298508246208,0.0003049525556113,0.998894444142738,0.809180423318449,0.0220512976679526
0,0.0088380379468394,0.101460229162258,0.0029275391833761,0.0001113955763918,0.998992312643062,0.809386525720226,0.0220396982177034
0,0.014480454039145,0.123106690449557,0.0031457346745822,0.0124247148378335,0.998933499105087,0.809314135994776,0.0219767071976849
0,0.0997538229209893,0.0122139250838952,0.12408405606115,0.0001906908837719,0.998829391054565,0.809145400231855,0.0218639681267335
0,0.0098564435056364,0.0900021162741482,0.0014114452886587,0.0001906908837719,0.998339124175137,0.808662107676332,0.0215324198076195
0,0.005511371259372,0.159325210871603,0.0020862882587073,0.0001545780811338,0.998983877695572,0.809322989414435,0.0221809144131087
0,0.0112617433330941,0.1034253408713,0.0081369292001439,0.0001094848460935,0.998811481234553,0.809109595961174,0.0219010263158814
0,0.0041510010889201,0.104453245457569,0.0010868875533988,0.0001906908837719,0.998847994157932,0.809123917669447,0.0220423057235496
0,0.0448504060829763,0.0260906369985186,0.0986298068341012,0.129607129011172,0.999039918100126,0.809180683713145,0.0220747020083057
0,0.0103406853644762,0.116969495419778,0.0069429634744404,0.0002141928664412,0.99910046484649,0.809356710527549,0.022086301458555
0,0.0076960758312766,0.118299724884361,0.0038558667883008,0.0005105471357101,0.998827195657273,0.808923543950979,0.0220297264832248
0,0.0121497280819717,0.080781207485564,0.0046295065744573,0.0001562977384022,0.99905413040891,0.809382749997136,0.0221232964354399
0,0.0118957507152864,0.0904253711037881,0.00488149186596,0.0002900488592844,0.999133049164189,0.809453186762367,0.0221989299080462
0,0.0086377265593555,0.0359766605193941,0.0064051902855385,0.0002216447146047,0.99886405522233,0.809592237529958,0.0220282884042429
0,0.0102002801863333,0.0547812679505396,0.0106198267472599,0.0001906908837719,0.998736953273857,0.808733586020346,0.0220254280493449
0,0.0078913950346488,0.16373915409499,0.0010673350151896,0.0003741209924103,0.998847531969029,0.809074182282537,0.0219259793566765
0,0.0105771900867704,0.0523626689240258,0.0046551311045265,0.000122477812122,0.999014382163206,0.809057517022001,0.0220172894704916
0,0.0079706459574229,0.0587114913686247,0.005679095554322,0.000388069323588,0.998932805821731,0.809195916802853,0.0219966664697078
0,0.0096199387833423,0.157722889016537,0.000990021254346,0.000944282913428,0.998971514142403,0.809334446781053,0.0220804543242332
0,0.0030196473645948,0.125041569670768,0.0016720362542071,0.0001906908837719,0.998685188116661,0.808373590353314,0.0220477577812281
0,0.0068174514276086,0.185294917918796,0.0014163230757422,0.0011666919201521,0.998914087171138,0.809288226722537,0.0220658522914943
0,0.007607464563293,0.119841581763763,0.0027983080033521,0.0001240063963607,0.999022932657921,0.809484694520566,0.0220948035079203
0,0.0075856237578041,0.0964718686700728,0.0067622174452105,0.0038438161411234,0.999014728804883,0.809449801631321,0.0220900941943313
0,0.0373602578463094,0.0181697251866856,0.0358085197005513,0.0007577956363123,0.999070191473308,0.809186542593802,0.0220856219267284
0,0.006889214074215,0.153792665598452,0.0017418534730707,0.0003655227060679,0.999003751818424,0.809357361514289,0.0220989755172742
0,0.0074701795002199,0.0798137678749584,0.0014843116588258,0.0001906908837719,0.998901492523517,0.809308537508814,0.0222351821408416
0,0.0104105759420407,0.0494905825800405,0.0071436384176984,0.0001906908837719,0.999027438999731,0.809353976383243,0.0220273718264303
0,0.0146158670331762,0.0779393536294102,0.0113633530479087,0.0005550671516609,0.999042460139096,0.809437693277963,0.0220620279495865
0,0.0056817295421855,0.0597393959548931,0.0056611308716372,0.0001893533725631,0.999092723182355,0.809634812062732,0.0220257757167911
0,0.0085353867850646,0.109471838437585,0.0016619190530079,0.0001133063066901,0.998993583662547,0.809309839482294,0.0220639559236061
0,0.020052355530872,0.0438673398433957,0.0132346782286447,0.0001906908837719,0.999319889028444,0.809585076675822,0.0220859537911088
0,0.0108324154994836,0.109350908486259,0.0094030681224791,0.0011980278970445,0.9990398025529,0.809443812553316,0.0222616522759473
0,0.0062864078427212,0.185506545333615,0.0047663935600376,0.0011181593705748,0.999016462013272,0.809031086960371,0.0221063871551038
0,0.014878580722057,0.0603440457115216,0.006694359366541,0.0001249617615099,0.999021892732888,0.809329629479179,0.0221070666869304
0,0.0143843544949938,0.144329896907216,0.0046909655452291,0.0001906908837719,0.998972900709113,0.809246303176503,0.0221192350475461
0,0.0434781794752591,0.0330743416875775,0.070305677473557,0.0011922957061495,0.999152345550912,0.809430402226479,0.022081181265257
0,0.0085172901176595,0.105511382531669,0.0042226984710111,0.0002881381289861,0.998984455431702,0.809331582439398,0.0220577295157067
0,0.0054346164286538,0.0822323669014723,0.0078602054716761,0.0003093472352974,0.998852962688645,0.809944811948159,0.0218190084047183
0,0.0124611155659421,0.109320675998428,0.0090607063089095,0.0020867085587915,0.999179499148995,0.80950083899171,0.0220539525829961
0,0.0193977553892188,0.0579859116606705,0.0444953728161748,0.0005976764373134,0.999088679029449,0.809509562214022,0.0220698978763224
0,0.0058645682852783,0.131511322066693,0.0062029289830099,0.0004377483113443,0.999066725056531,0.809427017095433,0.0220498437859051
0,0.0041584893650877,0.135139220606464,0.0030234187322571,0.0001400565308666,0.998979486900989,0.80949328754553,0.0221033845726142
0,0.0065971713036776,0.122381110741603,0.0046869130100764,0.0001906908837719,0.999104162357718,0.809363350592294,0.0220809284162052
0,0.0086839042623892,0.115820660882184,0.0119372192767902,0.0002304340739769,0.999060138864656,0.809402800388717,0.0220788424115282
0,0.0123163422267013,0.0451068718444841,0.0092394425779335,0.0004367929461951,0.99884048358825,0.809504224122756,0.0220034617879737
0,0.0064280610668921,0.0805998125585754,0.0039772481161515,0.000679837840141,0.999022239374566,0.809427277490129,0.0220577611218381
0,0.0143706259886865,0.0910300208604166,0.0029706128492848,0.0001906908837719,0.998922753213079,0.809241225479933,0.0221568621470604
0,0.0033822047357106,0.114822988783747,0.0036154441568053,0.0007213006876145,0.999005253932361,0.80926348922643,0.0220614906453515
0,0.0161678122689165,0.076216101823019,0.018282956854027,0.0001906908837719,0.99920965697495,0.809552787733535,0.0220837571649717
0,0.0048411705423696,0.190162348459655,0.0006712306249636,0.0001906908837719,0.998617015253389,0.808672132872122,0.0220365218014907
0,0.0086714238021098,0.112525319708559,0.0040354183407081,0.0007409812096871,0.999022586016244,0.80937871387935,0.0221006348391764
0,0.0065547377387278,0.0850742207576261,0.0034859660949197,0.0001033705091389,0.999031829794314,0.809308407311466,0.0220614116300229
0,0.0143444170220998,0.0979532605738126,0.0132523137355141,0.0002203072033959,0.999124267575022,0.809445765513535,0.0223440020514908
0,0.0095899856786718,0.104634640384557,0.001662535509535,0.0015427236428608,0.998932805821731,0.809314526586819,0.0220439650454517
0,0.0148823248601408,0.0483417480424464,0.0066072404997033,0.0001125420145708,0.998986650828993,0.809340826451102,0.0220607795073935
0,0.0171824736896297,0.0645765940079209,0.0113213385353056,0.0001410118960157,0.999145412717359,0.809474148535384,0.0220832672699339
0,0.0105559733042955,0.115669498443027,0.0048636326205819,0.0001503744744775,0.999024550319084,0.809375849537695,0.0221284640379352
0,0.0181802864889657,0.046316171357741,0.028480206013662,0.0001274457108977,0.999049739614326,0.809349940265457,0.0220269293405897
0,0.0094221234879142,0.112525319708559,0.0023683087447283,0.0001207581548536,0.998996356795968,0.80934343039806,0.0221364761922627
0,0.0090321091041837,0.0777277262145902,0.0058110434064168,0.0003425939424881,0.998937312163541,0.809238491335627,0.0220591043824256
0,0.0234432965887782,0.0608579980046558,0.0241700242311603,0.0001906908837719,0.9973283170431,0.808212926825966,0.0219787457931646
0,0.0178907398104842,0.0791486531426671,0.0236840098002504,0.0001906908837719,0.999065107395369,0.809404883546284,0.0220640507420006
0,0.0050807953797336,0.11572996341869,0.0086739936700174,0.0007505348611787,0.998980526826022,0.809491334585311,0.0221071140961276
0,0.0170189796599699,0.0832300389999093,0.0057081132768879,0.0001704371426098,0.99899855219326,0.809346424937063,0.0220472204769931
0,0.0459112452067232,0.0287813284155153,0.0564964505883175,0.0002145750125009,0.999164709104081,0.809538726419958,0.0220669743091615
0,0.0116648622001179,0.0609789279559815,0.0155676060918623,0.0004807397430564,0.999027323452505,0.809378974274046,0.0221217319319322
0,0.0063519302591879,0.159627535749917,0.0036342477714547,0.0001098669921532,0.998992197095836,0.809332363623486,0.0221529903959554
0,0.010246457889367,0.157329866674729,0.0030622290272635,0.0002376948491105,0.99901623091882,0.809354106580591,0.0220566707103024
0,0.0155107160352074,0.118722979714001,0.0129247695361514,0.0001906908837719,0.999143910603422,0.809418684465165,0.0221131350641725
0,0.016836764939891,0.0758230794812105,0.00888494142486,0.0002004356082934,0.999048930783745,0.809346555134411,0.022058661896585
0,0.0064087163534591,0.0751579647489192,0.005132266999124,0.0006620680483666,0.999033331908251,0.809560339179715,0.0220693921782189
0,0.0188348866306189,0.0582882365389848,0.0175688372047484,0.0001299296602855,0.999291233316425,0.80970043152609,0.0220884664785607
0,0.0056617608057385,0.106720682044925,0.0008207720499602,0.0006827039355885,0.999001787515584,0.809331452242051,0.0220587409119137
0,0.0075319577786028,0.126674124013665,0.0073863784352755,0.0001906908837719,0.998939738655284,0.809325072572002,0.02205145569861
0,0.0113135372432535,0.0829579466094265,0.0033272005184362,0.0002827880841508,0.999044539989162,0.809375589142999,0.0220554538742409
0,0.0091750103743826,0.130060162650785,0.0019139120783934,0.0001809461592505,0.999034025191606,0.809369600064995,0.0220691077230357
0,0.0089784431249824,0.154457780330743,0.0060008617076664,0.0007335293615237,0.999040495836256,0.809383661378571,0.0220908211353551
0,0.0099569112108854,0.0714696012334855,0.004242424613514,0.0065790265631636,0.998957417380845,0.809309579087598,0.021999337187817
0,0.0092473970440029,0.128609003234876,0.0117598652352812,0.0012624195080977,0.999009182538041,0.809313354810688,0.0220598313234494
0,0.0131269481218467,0.0691719321582973,0.0122403905137296,0.0002078874564568,0.99904430889471,0.809383661378571,0.0220787633961996
0,0.0132349041032633,0.123983432596668,0.0043725782630959,0.0001906908837719,0.998979949089892,0.809296038563413,0.0220469202187441
0,0.0073840643242922,0.167004262780784,0.0080126335781419,0.0001763604065346,0.998967816631174,0.809293434616454,0.0219828703933214
1,0.0065628500379094,0.217552982434925,0.004144599701632,0.0001744496762363,0.998942165147028,0.809184459436235,0.0221544600810688
0,0.0119600250857252,0.11594159083351,0.0014451437203199,0.0002472485006021,0.998993814756998,0.809357621908985,0.0220944716435399
0,0.00423274810375,0.176557728935514,0.0003134367227104,0.0002738076517487,0.998972207425758,0.80921440482626,0.0221410590813257
0,0.0120186832490382,0.115155546149893,0.0006460385705112,0.0002835523762701,0.998988268490156,0.809325593361393,0.0220993389877861
0,0.0106551929635165,0.178280980741905,0.0015445327614175,0.0002524074724076,0.998981220109377,0.809325983953437,0.0221348010672948
0,0.0080642494095182,0.164555431266439,0.0049779664574515,0.0001595459799094,0.999007218235201,0.809353065001807,0.0221412645211803
0,0.0068923341892849,0.110076488194213,0.0066173608877285,0.0006502215205171,0.99899797445713,0.809403581572805,0.0220645406370383
0,0.0087743875994146,0.132569459140793,0.0022391209171981,0.0001480815981195,0.999056787995105,0.80944420314536,0.0221183184697335
0,0.010306364098708,0.192429785047012,0.0037076134045632,0.0002441913321248,0.998978678070408,0.809312443429252,0.022096368011428
0,0.0092555093431845,0.18496236055265,0.0033809295705137,0.0001771246986539,0.999012186765914,0.809331061650007,0.0221341847477312
0,0.0082321116002758,0.18602049762675,0.0028099814638611,0.000127063564838,0.998992543737514,0.809338482898839,0.0221006980514393
0,0.0117478572609758,0.188680956555915,0.0006767030271564,0.0001906908837719,0.998983762148346,0.809339524477622,0.0221145099308915
0,0.0106682974468098,0.0679928651328718,0.0053050906175918,0.0001906908837719,0.998827657846177,0.809220914693656,0.0220251119880302
0,0.0225609280470264,0.143029899930465,0.0224863912917481,0.0003571154927553,0.998996818984871,0.809335748754532,0.0220651727596677
0,0.0111275783850908,0.119267164494966,0.0084006288173704,0.0013871901965778,0.999068573812146,0.809424413148474,0.0222511432372337
0,0.010644584572279,0.161108927653657,0.002461268927741,0.0001706282156396,0.999011609029784,0.809351763028328,0.0221505567238323
0,0.0087631551851632,0.176829821325997,0.0010449644871586,0.0001862962040858,0.999000285401648,0.809323119611783,0.0220769618467058
0,0.0097809367209462,0.170329836442241,0.0066659077525366,0.0006020711169995,0.998973362898017,0.809312703823948,0.022113703974539
0,0.0079594135431714,0.202618133446201,0.003367277129875,0.0001851497659068,0.998992774831965,0.809327416124265,0.0221215264920777
0,0.0123213344108131,0.133174108897421,0.0017829625967264,0.0001337511208821,0.998994161398676,0.809333275004921,0.0221136249592103
0,0.0082739211422117,0.209450675696103,0.0007632832815235,0.0001828568895488,0.998948520244452,0.80926661396278,0.0220541580228506
0,0.0092093316401508,0.18178794933035,0.0059125280771376,0.0004765361364001,0.998999823212744,0.80932897849244,0.0221935726687622
0,0.0085403789691763,0.184055385917707,0.0020046436789535,0.000112350941541,0.999002942987843,0.80937051144643,0.0221135617469474
0,0.0095974739548394,0.185234452943133,0.0066461066418934,0.0003477529142936,0.998978909164859,0.809330020071223,0.0220501598472197
0,0.0092018433639832,0.18665537987121,0.0055202840992021,0.0003299831225192,0.998991619359707,0.809326895334873,0.0222744527591924
0,0.0087725155303727,0.190222813435318,0.0017707304894926,0.0001740675301766,0.998985957545638,0.809336139346576,0.0221182236513391
0,0.0101185331715034,0.171085648638026,0.0049602612484777,0.0002663558035853,0.999030905416507,0.809351242238936,0.0221347694611633
0,0.0121129107241475,0.10532998760468,0.0084525938251915,0.0002220268606643,0.999052050558844,0.80938561433879,0.022117038421409
0,0.0090551979557006,0.190222813435318,0.0059974390564604,0.000130502879375,0.999021661638436,0.809344992766235,0.0221833638882975
0,0.0094165072807885,0.163104271850531,0.0029414635924158,0.000169099631401,0.999059445581301,0.809377802497914,0.0221182078482734
0,0.0065722103831189,0.119478791909786,0.0026444120137045,0.0001750228953258,0.998960306061492,0.809303850404289,0.022041088887488
0,0.0073834403012783,0.244127339238746,0.0022643359206846,0.0002352108997227,0.998929454952181,0.809273905014265,0.0219951967845945
0,0.0182726418950331,0.177646098497445,0.003675202139727,0.0001404386769262,0.999015999824368,0.809357101119593,0.022109057873213
0,0.0117921628949676,0.215073918432748,0.004765012284684,0.0001689085583711,0.998949329075033,0.809198781144508,0.0220772779080205
0,0.0075619108832733,0.142001995344197,0.008439305926365,0.0002459109893933,0.999005022837909,0.809345643752975,0.0221131508672383
0,0.0140742150570513,0.188469329141095,0.0015843236078302,0.0001219045930325,0.998988615131833,0.809337180925359,0.0221469852309763
0,0.0121272632534688,0.14632524110409,0.0020240219910493,0.0002642540002571,0.998979486900989,0.809323640401175,0.0221011247342142
0,0.0117678259974228,0.188862351482904,0.0029205948756052,0.0002445734781845,0.998994739134806,0.809332624018182,0.0221226801158763
0,0.0175238142782706,0.128215980893068,0.0029641288435632,0.0001906908837719,0.999122418819408,0.809445895710883,0.0221045223933471
0,0.0111668918349709,0.215346010823231,0.0012440400323635,0.0001014597788406,0.998959959419814,0.809285622775578,0.0220749074481603
0,0.0115126005847096,0.186715844846872,0.0020112104449937,0.0001257260536292,0.99898029573157,0.809320255270128,0.0221181920452076
0,0.0143263203546947,0.130029930162953,0.0065145670921738,0.0003022775331936,0.999029865491474,0.809425975516649,0.0221371557240893
0,0.0092817183097712,0.16522054599873,0.0018314636023299,0.0001467440869107,0.999007564876879,0.809342909608669,0.022120436080542
0,0.0089179128926274,0.167729842488738,0.0071752672390053,0.0002600503936008,0.99899404585145,0.809352153620372,0.0220892566318474
0,0.0091431852006702,0.22063669619373,0.0016364286222481,0.0001261081996888,0.99899011724577,0.809351502633632,0.0220643351971838
0,0.0044717489181001,0.264111013695317,0.0014786474446805,0.0001746407492661,0.99889016889538,0.809252422451856,0.022059499459069
0,0.0121653286573209,0.176225171569368,0.0022302586064939,0.0004883826642497,0.999038762627867,0.809380797036917,0.0221604178368508
0,0.0096779729236414,0.161653112434622,0.0013025388497795,0.0003246330776839,0.998987459659575,0.809321947835651,0.0221121236679655
0,0.0154258489053076,0.159204280920277,0.0018709131863063,0.0004392768955829,0.998980873467699,0.809318823099301,0.0221035268002058
1,0.0018227712238027,0.226108776491217,0.0011119419525102,0.0001906908837719,0.998878614172792,0.809118970170225,0.0221107804073781
0,0.0046945251340869,0.125434592012577,0.0005816495463445,0.000200817754353,0.998976713767567,0.809397071705408,0.0220845473182585
0,0.0101491102991878,0.0775463312876016,0.0123228080153982,0.0002547003487656,0.998963656931043,0.809308537508814,0.0220321601553479
0,0.0080124554993588,0.153429875744475,0.0020408538153595,0.0002237465179328,0.998980526826022,0.809323119611783,0.0220962573899679
0,0.0116548778318944,0.113795084197479,0.0024661266222747,0.0002338733885139,0.998974633917502,0.809333014610226,0.0220265974762093
0,0.0060324304760359,0.159839163164737,0.0058936307620288,0.0001343243399716,0.998982606676088,0.809330020071223,0.0220680805237629
0,0.00642930911292,0.0906067660307767,0.0026619905074781,0.0005825816679567,0.998971167500725,0.809368298091515,0.0220778152122555
0,0.0080030951541492,0.13166248450585,0.0039838083919484,0.0001532405699249,0.999010453557526,0.809361137237379,0.0220753973431981
0,0.0100274258114639,0.166822867853796,0.0054591541876545,0.0001538137890144,0.998987459659575,0.80932390079587,0.0220653465933908
0,0.009984992246514,0.134988058167307,0.0054588375453929,0.0001734943110871,0.998977522598149,0.809327025532221,0.0220555012834381
0,0.0085647158667211,0.186685612359041,0.0007650926408921,0.0001906908837719,0.998974056181372,0.809317521125822,0.0220621859802439
0,0.0340229827676045,0.0044441757112192,0.0306268192577184,0.0001906908837719,0.998981335656603,0.810037772854582,0.0220779258337156
0,0.0108954418238945,0.198536747588959,0.0092509881767621,0.0001555334462829,0.998967701083948,0.809307365732683,0.0220600209602382
0,0.0101010605271122,0.103909060676603,0.0137055752505142,0.0003049525556113,0.998976598220342,0.809379885655481,0.0220347676611942
0,0.0090564460017285,0.156906611845089,0.0009172184069499,0.0003641851948591,0.998983762148346,0.809336660135968,0.0221092633130675
0,0.0077865591683021,0.126220636696194,0.0012867837257502,0.000146361940851,0.998929686046632,0.809201905880858,0.0220198969763378
0,0.0072336747779258,0.212443691991414,0.001936947098525,0.0003387724818915,0.99895221775568,0.809275206987744,0.0220697240425993
0,0.0113310098876447,0.146567101006742,0.0050969219694065,0.00011349737972,0.998957301833619,0.809299814286503,0.0220542370381793
0,0.0160748328398351,0.104181153067086,0.0068272762080817,0.0001480815981195,0.99891431826559,0.809248125939374,0.0220341987508277
0,0.010486082726731,0.155606614868337,0.0022796105140917,0.0003502368636814,0.998960652703169,0.809303850404289,0.022055627707964
0,0.0090146364597926,0.161350787556308,0.0045351806421523,0.0001276367839275,0.998979833542666,0.809345253160931,0.0220390186858768
0,0.0081665891838091,0.191280950509417,0.0054891234109866,0.0004434805022392,0.9989679321784,0.809309969679642,0.0220614274330886
0,0.0100218096043382,0.172808900444418,0.0028789054775575,0.0001889712265035,0.998988615131833,0.809325853756089,0.0220891934195845
0,0.0087962284049035,0.191855367778214,0.000623306415448,0.0001729210919976,0.99897833142873,0.809314526586819,0.0220957042826672
0,0.0090601901398123,0.178069353327085,0.004228332060535,0.0001421583341947,0.998999823212744,0.809326895334873,0.0220909001506838
0,0.0148823248601408,0.0928742026181334,0.0108247103801483,0.0002524074724076,0.99902859447199,0.80936738671008,0.0220640349389348
0,0.0112467667807589,0.153943828037609,0.0048199239990094,0.0001906908837719,0.999050663992133,0.809374156972172,0.0220922434112713
0,0.0050782992876777,0.180760044744082,0.0010370562033633,0.0002470574275723,0.999008720349137,0.809306975140639,0.0220666582478468
0,0.0229384619704775,0.064153339178281,0.0259541501942914,0.0001589727608199,0.999029749944248,0.809329369084484,0.0220024503917667
0,0.0006040542775217,0.022765063337062,0.0012231288374931,0.0001906908837719,1.0,0.810411309045799,0.0220516295323331
0,0.0086302382831878,0.132962481482601,0.0008175237997544,0.0001138795257796,0.998986650828993,0.809337311122707,0.0220606214767361
0,0.0513302610600279,0.172990295371406,0.0120337711682459,0.0001146438178989,0.998892942028801,0.8092590625166,0.0219932214013776
0,0.0076835953709972,0.215678568189376,0.0012736329187406,0.0002063588722181,0.9989679321784,0.809310881061077,0.0221049016669248
0,0.0172455000140405,0.137074099827675,0.0035087131542244,0.000112350941541,0.998976829314793,0.809319474086041,0.0220585828812563
0,0.0098695479889298,0.138011306950449,0.0021291695102757,0.0001230510312115,0.998927606196567,0.809262187252951,0.0220867597474613
0,0.0101634628285091,0.102548598724189,0.0041426592937569,0.0001519030587161,0.999006178310168,0.809342388819277,0.0220671481428846
0,0.0244186445596114,0.073857967772168,0.0220084456324174,0.0001813283053102,0.998971051953499,0.809314005797428,0.0220719996840651
0,0.0127325655770185,0.135774102850924,0.0049941142412036,0.0001434958454035,0.998981104562151,0.809326765137525,0.0220473627045847
0,0.0458207618696978,0.0382440971067509,0.0385087065532194,0.0001906908837719,0.999006640499072,0.809356319935506,0.0220729952772064
0,0.0104442731847951,0.13356713123923,0.00285511543226,0.0001906908837719,0.998934076841216,0.809228596337184,0.0220976322566868
0,0.0129391171946421,0.139462466366357,0.0065911300834302,0.0004280035868229,0.998973709539694,0.809323640401175,0.0222980467363343
0,0.0149884087725155,0.0630045046406869,0.0219840535101739,0.0003477529142936,0.998993237020869,0.809361267434727,0.0220882926448376
0,0.0127088527024877,0.126250869184025,0.0199382254479464,0.0001243885424204,0.999002365251714,0.809350591252197,0.0220785895624765
0,0.0112573751719963,0.122774133083411,0.0030234340251359,0.0001706282156396,0.998974749464727,0.809326895334873,0.0220619647373236
0,0.0078633139990202,0.192943737340146,0.0004136953786895,0.0001904998107421,0.99896400357272,0.809311141455773,0.0220817501756234
0,0.00914630531574,0.176618193911177,0.0042937634683067,0.0001448333566123,0.99891766913514,0.809257109556381,0.0219791724759395
0,0.0132261677810678,0.160625207848354,0.0109521570347288,0.0004549448840291,0.999041882402966,0.809321036454216,0.0221200568069643
0,0.015697298916384,0.151162439157118,0.0046390374773859,0.0002204982764257,0.998984570978928,0.809314396389471,0.0220580613800871
0,0.0140623586197859,0.0990113976479124,0.0074908458974764,0.0010451694731791,0.998967007800593,0.809305542969812,0.0220425743756671
1,0.0065410092324204,0.218822746923844,0.0003584976272919,0.0001906908837719,0.998888897875895,0.809115194447135,0.0220135599469782
1,0.0085940449483777,0.185294917918796,0.0018159302930546,0.0001906908837719,0.998919286796303,0.809219091930785,0.0220608269165907
0,0.0119999625586192,0.135350848021284,0.0013981233840661,0.0001906908837719,0.999024781413535,0.809359314474508,0.0221023099641443
0,0.0092230601464582,0.181757716842519,0.0035275373860839,0.0003397278470406,0.999058290109042,0.809387827693705,0.0221064029581696
0,0.0159749891576001,0.0828370166581008,0.0094971687228623,0.0001406297499561,0.998974056181372,0.809323119611783,0.0221287326900527
0,0.0097122941894097,0.129848535235965,0.0035072394220508,0.0002504967421093,0.99899993875997,0.809329629479179,0.022088150417246
0,0.0355917766247219,0.0415092057925447,0.0093330247166915,0.0001906908837719,0.998994739134806,0.809297861326284,0.0223539263767722
0,0.0126795236208311,0.116818332980621,0.0067543153407486,0.0001906908837719,0.999057365731235,0.809396681113364,0.0220574292574577
0,0.0119662653158648,0.151494996523264,0.0016130289825769,0.0001324136096733,0.998981104562151,0.809324812177306,0.0220945664619343
0,0.0038208929145306,0.15098104423013,0.0019057355571154,0.0003368617515932,0.997638099155696,0.807805018534895,0.0219744473592848
0,0.0782169166398857,0.0139371768902863,0.188144703334107,0.0043169129629866,0.999515048292963,0.810265878608159,0.0221093265253305
0,0.046434176492429,0.0357650331045742,0.091774163326883,0.0003867318123792,0.999104624546622,0.809505526096236,0.0221408536414712
0,0.0077229088208773,0.0713789037699912,0.0043046479367475,0.0001723478729081,0.999041189119611,0.809594450884873,0.0220816237510975
0,0.0148661002617777,0.100250929649001,0.0055021896893778,0.0070012979590916,0.999065338489821,0.809379885655481,0.022074986463489
0,0.0092112037091927,0.103032318529492,0.0165913965292948,0.0001906908837719,0.999319657933992,0.809651477323268,0.0221499404042687
0,0.0260554569252514,0.0500649998488375,0.0106465682987326,0.0001906908837719,0.999256800243111,0.809499406820883,0.0221156161454929
0,0.021530666050964,0.0407533935967591,0.0025323956600759,0.0032274145468865,0.999103700168814,0.809446546697622,0.0221105275583263
0,0.0045066942068823,0.209783233062249,0.0050281779142241,0.0001906908837719,0.998702404653318,0.808882792181077,0.0225420776774095
0,0.008148492516404,0.0822021344136409,0.0029990862464114,0.0001906908837719,0.998773466197237,0.809074052085189,0.0220661367466775
0,0.0390619686054022,0.0165069383559573,0.0197652470740952,0.0002128553552324,0.998737762104438,0.809081343136673,0.0220287782992807
0,0.0589227490709857,0.0555975451219881,0.0164146244527502,0.0003339956561457,0.999397074575335,0.809786491973073,0.0221364129799997
0,0.0153740549951482,0.089699791395834,0.0024453048334213,0.0038631145171364,0.998924601968694,0.809266874357476,0.0220724895791029
0,0.0077796949151484,0.0644858965444266,0.0043958924802828,0.0001706282156396,0.998919402343529,0.809320645862172,0.0221571149961122
0,0.0371948917476077,0.0960183813526015,0.00253457459411,0.0002430448939458,0.999173259598797,0.809598487002659,0.0221328414871437
0,0.0330607392800647,0.0422650179883303,0.0223919630506669,0.0001906908837719,0.999189898399324,0.809590024175044,0.0221413119303775
0,0.0104867067497449,0.150406626961333,0.0048622116070617,0.0001906908837719,0.999072964606729,0.809404753348936,0.0220865701106725
0,0.0072729882278058,0.158811258578468,0.0017933235318248,0.000389215761767,0.998785945297632,0.809019369199057,0.0219961133624071
0,0.0160866892771005,0.0690207697191402,0.0038130937722278,0.0001813283053102,0.999037607155609,0.80974326645356,0.0221181446360104
0,0.0188579754821358,0.102971853553829,0.0026115706633711,0.0001906908837719,0.998979140259311,0.809320385467476,0.0220532098389065
0,0.0097784406288903,0.170541463857061,0.0016808647146001,0.0002340644615437,0.998974056181372,0.809317521125822,0.0220766773915226
0,0.0091631539371172,0.17350424766454,0.0018159527174283,0.0001906908837719,0.998894328595512,0.809243699229544,0.0219997638705918
0,0.0207949429174948,0.103727665749615,0.0063133067833748,0.0001906908837719,0.996547911079477,0.8056167917082,0.0219949123294112
0,0.0222794936677265,0.0570487045378964,0.03782568484666,0.001401711746845,0.999083826045962,0.809138760167111,0.022030785288629
0,0.056341165862197,0.0199534419687396,0.145555130277934,0.0035073365355899,0.999234846270193,0.809638587785822,0.0220535100971555
0,0.0144579892106421,0.0477673307736494,0.0047790011103605,0.0001272546378678,0.999046388744776,0.809621792327939,0.0221259197443519
0,0.0097909210891697,0.156362427064123,0.0041472677551732,0.0001906908837719,0.998963541383817,0.809316088954995,0.0220777519999925
0,0.0438756821351571,0.0285092360250325,0.0425626691125935,0.0001906908837719,0.998850536196902,0.809193703447938,0.0220738960519533
0,0.0216766874362327,0.0671463554735919,0.0122912585344014,0.0001906908837719,0.999021314996759,0.80930879790351,0.0220729320649435
0,0.0177503346323412,0.0888835142243855,0.0150676876553723,0.0001906908837719,0.998987806301252,0.809336399741272,0.0220651727596677
0,0.0179818471705236,0.0755812195785591,0.0447047058606537,0.0001906908837719,0.999019812882822,0.809371032235822,0.0222530554081876
0,0.0123681361368607,0.130302022553436,0.0004044193052558,0.000128210003017,0.999037491608383,0.809384182167963,0.0221012827648715
0,0.010026177765436,0.115427638540375,0.0020630829182674,0.0001906908837719,0.998999129929389,0.809499797412927,0.0220850372132962
0,0.0490800340716566,0.0232185506545334,0.0161514491655726,0.0001906908837719,0.999045926555872,0.809371943617257,0.0220887509337439
1,0.0064311811819619,0.23487619796233,0.0048142425487986,0.0001906908837719,0.998664736257679,0.808509386187207,0.0219685686188315
0,0.0109915413680457,0.146083381201439,0.0031196995491777,0.0001906908837719,0.999005716121264,0.809317781520518,0.0220944874466056
0,0.0074165135210186,0.154941500136046,0.0042506594303909,0.0002913863704932,0.999066378414854,0.809405404335676,0.0220965102390196
0,0.0145896580665895,0.0874021223206458,0.0037247123976035,0.0001555334462829,0.998971051953499,0.809321557243608,0.0220887983429411
0,0.010725707564095,0.118541584787012,0.00882430813352,0.0002512610342286,0.999011609029784,0.809330020071223,0.0220966840727427
0,0.0300504522606794,0.0566556821960879,0.0050747268916965,0.0001906908837719,0.999042460139096,0.809324161190566,0.0221459580317035
0,0.017216794955398,0.0804788826072497,0.0040585023680066,0.0001906908837719,0.999041997950192,0.809403711770153,0.0220801856721157
0,0.0100498906399668,0.135411312996947,0.0011349384586828,0.0001482726711493,0.998972322972984,0.809321557243608,0.022089936163674
0,0.0041385206286407,0.169997279076095,0.0057364827329615,0.0006045550663873,0.998758445057872,0.808944766118692,0.0221944892465748
0,0.0364279674634401,0.0285999334885268,0.0802784699614754,0.0025661107906391,0.999025128055213,0.809444723934751,0.0220320653369535
0,0.0339861654097803,0.0421440880370046,0.0628669432944924,0.0005774226961512,0.999240161442584,0.809583904899691,0.0221905542832068
0,0.0056205752868165,0.0520603440457115,0.004624281637082,0.0002772469662857,0.999060254411882,0.809284060407403,0.022045260896842
0,0.0179774790094259,0.0825346917797865,0.0081510702550611,0.0040572447154454,0.999061063242463,0.809403190980761,0.022105897260066
0,0.01266205097644,0.0961090788160958,0.0296624712102667,0.0001906908837719,0.999402158653274,0.80970798297227,0.0221821154461045
0,0.0247574890561964,0.048523142969435,0.0253979178205706,0.0001906908837719,0.999304752341853,0.809633249694557,0.0221530061990212
0,0.0198838693171004,0.0409045560359162,0.0071599114009651,0.0032509165295558,0.999091336615645,0.809459436235068,0.0221195669119266
0,0.0201459589829673,0.0818393445596638,0.0420123458139655,0.0001906908837719,0.999052743842199,0.809377151511175,0.0222650499350802
0,0.0105834303169101,0.0958067539377815,0.0124992053872645,0.0001906908837719,0.997921074311887,0.807941855947571,0.0219892232257467
0,0.0064848471611633,0.120325301569066,0.0097076691755741,0.0001906908837719,0.998798771039705,0.809024316698279,0.0220926384879146
0,0.0106402164111812,0.0561114974151223,0.0042979280670325,0.0007396436984783,0.998509671880543,0.808627995971173,0.0220463829145092
0,0.0424223325356239,0.0126069474257037,0.0117000598580376,0.0003066722128798,0.999031714247088,0.809447458079058,0.0221301549659688
0,0.0776964814462358,0.015841823623666,0.0129023967151602,0.0002266126133803,0.999445835504658,0.809867084131443,0.0220998288828239
0,0.0135313150348985,0.106327659703117,0.0046826003988248,0.0033185563821162,0.998997165626549,0.809344211582148,0.0221886263091872
0,0.0121122867011335,0.0369138676421683,0.0099522399275728,0.0001914551758913,0.999067996076016,0.809314526586819,0.0221034951940744
0,0.0091244645102511,0.104362547994074,0.0061789891763187,0.0001916462489211,0.9992585334515,0.809437693277963,0.0221151578565866
0,0.0367755482822207,0.0372464250083139,0.0266186301694638,0.0001906908837719,0.999152461098138,0.809497584058012,0.0221070350807989
0,0.0155338048867242,0.143362457296611,0.007334481808192,0.0001906908837719,0.99906591622595,0.809393946969058,0.0221156951608216
0,0.0070439717816793,0.126583426550171,0.0011715038679007,0.0003250152237436,0.998868330469688,0.809198520749812,0.022159927941813
0,0.014618987148246,0.0591045137104332,0.0061032290903467,0.0002071231643375,0.99903448738051,0.809499797412927,0.0220790794575143
0,0.0120274195712338,0.0848625933428062,0.002638947267667,0.0001906908837719,0.998973247350791,0.809328457703048,0.0220736432029015
0,0.0085410029921903,0.190797230704115,0.0028337430220425,0.0002619611238992,0.998980757920473,0.809309318692902,0.0221244026500414
0,0.0094027787744812,0.157027541796414,0.0040120735183318,0.0001906908837719,0.998830430979598,0.809161805097695,0.0220686652371951
0,0.0126857638509708,0.114067176587961,0.0003456470620488,0.0001026062170196,0.999024434771858,0.809391082627403,0.0223310277345226
0,0.0164080611292944,0.071650996160474,0.0251242258130222,0.002128171406265,0.999184467679708,0.80919422423733,0.022111380923876
0,0.0631174317708837,0.0178674003083714,0.14145187867305,0.007811256532548,0.999234730722967,0.809569843586114,0.0220762981179449
0,0.0121921616469215,0.0490068627747377,0.004700555132394,0.0001175099133464,0.99902270156347,0.809549532799837,0.0221488815988644
0,0.012402457402629,0.164222873900293,0.0042533344988359,0.0001140705988095,0.998977175956471,0.809320385467476,0.0221498771920057
0,0.0568715854240704,0.0985881428182725,0.0748941470748784,0.0001906908837719,0.998436992675461,0.808187147751075,0.0220535259002212
0,0.0136991772256561,0.154760105209058,0.0073557104225987,0.0001906908837719,0.998913856076686,0.808991897558644,0.0220621385710467
0,0.0196049310298564,0.0844998034888291,0.0272214361991273,0.0001167456212271,0.998993814756998,0.809341607635189,0.0220841206354836
0,0.0126895079890546,0.115397406052544,0.0332395989718119,0.0853467813079369,0.998994392493128,0.809347466515846,0.022149087038719
0,0.0107787495202823,0.147353145690359,0.0015811423198357,0.0001906908837719,0.999025012507987,0.809359444671856,0.022122996177191
0,0.0085684600048049,0.13314387640959,0.0030919408560943,0.0001906908837719,0.999006871593523,0.809449411039277,0.02212889072071
0,0.0502276123943451,0.0249418024609245,0.0451952056715387,0.0001048990933775,0.999114446060822,0.809093711884726,0.0221509359974099
1,0.0044817332863236,0.18665537987121,0.0006759115089457,0.0002099892597849,0.998553926468056,0.808129730720637,0.0220649831228789
1,0.0080380404429315,0.169634489222118,0.000318773237862,0.0001906908837719,0.998858971144391,0.808933048357378,0.0220319863216248
1,0.0067194798144155,0.227318076004474,0.0006671279361638,0.0001906908837719,0.998920557815787,0.809187063383194,0.0220654414117852
0,0.0110932571193226,0.157692656528706,0.000557591166405,0.0001906908837719,0.999029865491474,0.809308537508814,0.0221197723517811
0,0.0123531595845255,0.103667200773952,0.0048703279284178,0.0005214382984105,0.999102660243781,0.809458785248328,0.0221083309321892
0,0.0150888764777645,0.0830788765607522,0.0047797879066278,0.0001906908837719,0.998887164667507,0.809261926858255,0.0220813867051115
0,0.0092823423327852,0.100613719502978,0.0007594342757386,0.0002459109893933,0.99902801673586,0.809374026774824,0.0221090894793444
0,0.0314257989834665,0.064939383861898,0.0520928485150724,0.0001906908837719,0.998959266136459,0.809391473219447,0.0221098164203682
0,0.0207656138358383,0.071650996160474,0.0150416628871525,0.0001906908837719,0.999051357275489,0.80940201920463,0.0220925910787174
0,0.0154058801688606,0.101883483991898,0.009983135662291,0.0002010088273829,0.998965159044979,0.809307756324727,0.022089462071702
0,0.0092005953179553,0.123288085376546,0.0144233535315834,0.0009337738967873,0.999138479883806,0.809522321554119,0.0220702771499
0,0.0303549754914961,0.0387278169120537,0.0493773366238722,0.0001906908837719,0.999451266224275,0.809885051365458,0.0224448098078124
0,0.0339768050645708,0.0396347915469964,0.055083333615063,0.0001306939524048,0.99932647522032,0.80963181752373,0.0221572572237038
0,0.0052012318214295,0.0896090939323397,0.0073194131342722,0.0003788978181561,0.998973940634146,0.809323640401175,0.0221732815323588
0,0.0155656300604366,0.0844998034888291,0.0049629936409283,0.143458395089729,0.998947942508322,0.809276118369179,0.0220824455105157
0,0.0257877510522588,0.0499440698975119,0.0599389604427444,0.0001906908837719,0.999324626464705,0.809708243366966,0.022098754274354
0,0.030857314017741,0.0458929165281011,0.0519529712567436,0.0001906908837719,0.999515048292963,0.809787403354509,0.0221588375302773
0,0.0264729283215965,0.0355231732019228,0.0112988506582339,0.0017089571788143,0.999095034126873,0.809437563080615,0.0220888931613355
0,0.033632968383874,0.0456510566254497,0.0784954204654429,0.0001906908837719,0.999107051038365,0.809490683598571,0.0221180814237475
0,0.0282919554073154,0.067297517912749,0.0444827919652362,0.0002667379496449,0.999503724664826,0.809812922034703,0.0221463847144783
0,0.0184898019038942,0.0802974876802612,0.0262443454332905,0.0001906908837719,0.999121956630504,0.809479877218693,0.0221111280748242
0,0.0223961859713386,0.0815370196813496,0.0371288763669701,0.0002050213610093,0.999127849539024,0.809444333342708,0.0221329046994066
0,0.0156604815585599,0.0527254587780028,0.0102773474680584,0.0037941371533672,0.998720892209459,0.809031477552415,0.022018395685093
0,0.0389402841176783,0.0106418357166611,0.0285722884398411,0.0002782023314348,0.998857931219358,0.809111158329349,0.0220807229763507
0,0.0732833906914487,0.0193185597242797,0.0162587495607004,0.0001220956660624,0.999454848188277,0.809908356690738,0.0221241814071211
0,0.0119818658912141,0.120113674154246,0.0051978052821604,0.0105583134824378,0.999060485506334,0.809425194332562,0.0221365394045256
0,0.0107581567608213,0.0607370680533301,0.0055823450108969,0.0002159125237097,0.999043153422451,0.809459957024459,0.0220912636211957
0,0.0189035291621555,0.063730084348641,0.041823098887313,0.0001906908837719,0.999229762192254,0.809603564699229,0.0220978218934756
0,0.0299749454759892,0.0461045439429211,0.0316696361350114,0.0001906908837719,0.999089487860031,0.809506177082975,0.0220968737095315
0,0.0156136798325122,0.105602079995163,0.0018847249488169,0.0001906908837719,0.999037607155609,0.809386655917574,0.0220663421865321
0,0.0054951466610088,0.103576503310457,0.002302041475227,0.004431174634826,0.998929108310503,0.809329238887136,0.0221244342561728
0,0.0103974714587474,0.0995555824288781,0.0065252209432251,0.0002636807811676,0.999018541863338,0.809443161566576,0.0221030211021023
0,0.0128174327069182,0.0863439852465459,0.001390704064323,0.0001092937730637,0.998984686526153,0.809343951187452,0.0220875340976823
0,0.0100399062717433,0.145569428908305,0.0011908813638581,0.000483414765474,0.99898618864009,0.809337701714751,0.0220980905455931
0,0.0099606553489692,0.166339148048493,0.0024216717781718,0.0001906908837719,0.998995201323709,0.809351112041588,0.0287465667247076
0,0.0371618185278673,0.042960365208453,0.0847277397187598,0.0018994569895565,0.999069729284404,0.809481179192172,0.0220734693691784
0,0.0132442644484729,0.0757323820177162,0.0181098345872057,0.0015092858626402,0.999160896045627,0.80951724385755,0.0221445673619189
0,0.0497527308807149,0.0259697070471929,0.122479237372435,0.0186802547614921,0.999195213571715,0.809621662130591,0.0221103853307347
0,0.0125771838465403,0.061946367566587,0.0015536763095229,0.0001719657268484,0.999013919974302,0.809421288412124,0.0220941713852909
0,0.0113759395446504,0.143815944614082,0.0075880085130586,0.000125917126659,0.998993237020869,0.809334446781053,0.0221310557407157
0,0.0149434791155098,0.106720682044925,0.0365968717024718,0.0001906908837719,0.998985841998412,0.809389910851272,0.0221123449108858
0,0.0110876409121968,0.214439036188288,0.0032812676671492,0.0001906908837719,0.998954644247424,0.809215706799739,0.0220982485762504
0,0.0144505009344745,0.119388094446292,0.0092263734430581,0.0001301207333153,0.998994161398676,0.809336920530664,0.022101551416989
0,0.0067069993541361,0.187804214408804,0.0143962330004218,0.0052506868597739,0.998934423482894,0.809264010015822,0.0221074143543766
0,0.0163431627358417,0.0978323306224869,0.0017631163458577,0.0001091027000338,0.999029403302571,0.809379625260785,0.0220931125798867
0,0.0090951354285946,0.124739244792454,0.0038648348277896,0.0001906908837719,0.998998667740486,0.809482871757696,0.0220878185528655
0,0.0325920979965741,0.0363999153490341,0.0196133165594302,0.0004872362260707,0.998976944862019,0.809606949830275,0.0221047594393331
1,0.0051550541183958,0.201801856274753,0.0048495417581753,0.000297309634418,0.998843487816123,0.809134984444021,0.0220164993172048
0,0.0157403565043479,0.150920579254467,0.0117821975991268,0.0001906908837719,0.998741806257344,0.808880578826161,0.0219967770911679
0,0.0180398813108227,0.0738277352843365,0.0084844873473815,0.0001906908837719,0.99894632484716,0.809318953296649,0.0221093107222647
0,0.0174938611736001,0.0801765577289355,0.0245350697367185,0.0002206893494555,0.999017386391079,0.809426886898085,0.0220793639126975
0,0.0243643545573961,0.0827765516824379,0.0216874167046492,0.0001906908837719,0.99893003268831,0.809230288902707,0.0220828721932906
0,0.0197759133356838,0.0735858753816852,0.0189703845613875,0.0001155991830481,0.999055285881169,0.809410742426941,0.0220915480763789
0,0.0137441068826618,0.0976509356954984,0.0091044175732159,0.0002762916011365,0.998966430064464,0.809316739941734,0.0221071298991933
0,0.0049865679046243,0.130725277383076,0.005717894695437,0.0003890246887372,0.998811019045649,0.809197088578985,0.022045023850856
0,0.0580272760459406,0.0200743719200653,0.14948060304128,0.0001906908837719,0.999571897528098,0.809970591023049,0.0221416595978237
0,0.0298501408731954,0.0486440729207606,0.0457150250790329,0.0001906908837719,0.999280718518869,0.809577915821686,0.0220996392460351
0,0.0058882811598091,0.081778879584001,0.005884868408845,0.0005160882535753,0.998436414939332,0.808507433226988,0.0219937270994811
0,0.0170295880512073,0.085920730416906,0.0141579829293083,0.221176776754667,0.999035180663865,0.809394207363754,0.0221892268256851
0,0.022028636416111,0.057592889318862,0.060130062879448,0.0001906908837719,0.999295739658234,0.809607731014362,0.0221088998425556
0,0.0308598101097969,0.0474952383831665,0.0427538122396251,0.0001906908837719,0.999556991935959,0.809829196703195,0.0221815465357381
0,0.0219656100917002,0.0398161864739849,0.0104886016245691,0.0011355470162895,0.999080128534734,0.809457222880153,0.0221023731764072
0,0.0374008193422173,0.0415696707682075,0.0909766597514963,0.0001906908837719,0.999126347425088,0.809541720958961,0.0221123765170173
0,0.0320236130308486,0.0339510838346888,0.0623516967880992,0.0004885737372795,0.999433009762585,0.809748604544825,0.0221166117386342
0,0.0172866855329625,0.0425975753544759,0.0166991841979025,0.0001906908837719,0.999350393496078,0.809575311874727,0.0221667706692761
0,0.0281527982752004,0.0581975390754905,0.054947754258063,0.000189544445593,0.999145990453488,0.809455790709326,0.0221169277999489
0,0.0142227325343759,0.0847416633914805,0.0021942498036548,0.0015278199465339,0.999232073136772,0.809729074942635,0.0220370274995942
0,0.0089316413989347,0.100129999697675,0.0169362388594638,0.0267515616876411,0.999277945385448,0.809581300952732,0.0223703141559391
0,0.015597455234149,0.0529068537049914,0.0063723352163074,0.0090541865916029,0.999013919974302,0.809414518150031,0.0221547919454492
0,0.080027207403409,0.0083139341536415,0.10271975441171,0.0007837815683694,0.998648675193281,0.809114934052439,0.0220349098887858
0,0.0490438407368464,0.0268464491943042,0.0180918064206136,0.0001075741157952,0.999466980646995,0.809916819518353,0.0221196775333867
0,0.012581552007638,0.111678810049279,0.009908604603,0.0143631507254756,0.999043384516903,0.809395379139885,0.02207361159677
0,0.0369608831173694,0.0303836502705808,0.0645603358498998,0.0002029195576812,0.998971051953499,0.809540939774873,0.022077009255903
0,0.0291131696936983,0.0425068778909816,0.0618070730501812,0.0001133063066901,0.999288460183004,0.809649263968353,0.0221138462021306
0,0.0230819872636903,0.0535417359494513,0.0231268997474235,0.0001906908837719,0.999056787995105,0.809441599198401,0.0220801540659842
0,0.0199200626519106,0.0899718837863168,0.0049630834355826,0.0001906908837719,0.999052050558844,0.809392644995579,0.0220981379547903
0,0.0060236941538403,0.19941348973607,0.0117102126195521,0.0070546073344146,0.998925064157597,0.809184199041539,0.022099702458298
0,0.0110027737822971,0.0792695830939928,0.0050855651122955,0.0003748852845297,0.999050086256004,0.809557474838061,0.0221618717188983
0,0.0103594060548953,0.117241587810261,0.0011788771341207,0.0001906908837719,0.998994161398676,0.809355668948766,0.0221400160789873
0,0.0137191459621031,0.120869486350032,0.0030243067685479,0.0003813817675439,0.998988499584608,0.809335488359836,0.0220838677864319
0,0.0089965397923875,0.124678779816791,0.0016830358953195,0.0001906908837719,0.998989886151318,0.809308667706162,0.0220799960353269
0,0.120640497221538,0.0190162348459655,0.273204206299045,0.0152971156952928,0.99911225066353,0.809446807092318,0.02207909526058
0,0.0159494042140274,0.059799860930556,0.0233760012139413,0.0018123276879532,0.999181116810157,0.809481439586868,0.0221091052824102
0,0.0410207768462501,0.0326510868579375,0.0913765912866576,0.0278020812056555,0.999164824651307,0.809526227474557,0.0221153158872439
0,0.0127232052318089,0.0404813012062763,0.0015580033975149,0.0002084606755463,0.99900779597133,0.809440557619618,0.0223491854570518
0,0.0129378691486142,0.119085769567978,0.0091976092286201,0.000125917126659,0.999003289629521,0.809349940265457,0.0221054073650283
0,0.0236548403905136,0.108232306436497,0.0663132334630569,0.0001906908837719,0.999118028024824,0.809510864187501,0.022132825684078
0,0.0145359920873882,0.122622970644254,0.0203567636946557,0.0001906908837719,0.998780167936338,0.809201254894118,0.0220721735177882
0,0.0120018346276611,0.142515947637331,0.0043466932294268,0.0001008865597511,0.99900976027417,0.80934785710789,0.0220924172449943
0,0.0061784518613046,0.203525108081144,0.0131866086104735,0.005552582246908,0.998949560169485,0.809279894092269,0.0221039218768492
0,0.0124754680952634,0.13145085709103,0.001425622525711,0.0001205670818237,0.999020852807855,0.80936296000025,0.0220901099973971
0,0.0073915526004599,0.113069504489524,0.0036680664280728,0.0001906908837719,0.999009644726945,0.809631557129034,0.0220387184276278
0,0.0334083200988453,0.03525108081144,0.0578944762883916,0.0006249998805793,0.998983762148346,0.809433526962829,0.0221290961605646
1,0.006409340376473,0.216555310336488,0.0006300677721975,0.0001184652784956,0.998864286316782,0.808857273500882,0.0221693307659251
0,0.0188873045637923,0.0660579859116607,0.0170127326149805,0.0001906908837719,0.998998321098808,0.80931009987699,0.0222266484853449
0,0.0118445808281409,0.109562535901079,0.0031057762477544,0.0001906908837719,0.998962963647687,0.809319864678084,0.0221015672200547
0,0.020031762771411,0.066723100643952,0.0228877259631126,0.0001786532828926,0.999021430543985,0.809353585791199,0.0220930177614923
0,0.0222420522868883,0.0866160776370287,0.0331473692909498,0.0001906908837719,0.9989384676358,0.809213233050128,0.0220977744842784
0,0.0156704659267834,0.0841974786105148,0.0078693668582348,0.000127063564838,0.99903390964438,0.809393946969058,0.0220908527414866
0,0.0177971363583889,0.0755207546028963,0.0235545951834083,0.0003527208130692,0.998968972103433,0.809327806716308,0.0220862540493578
0,0.0062514625539389,0.12996946518729,0.0064646694600422,0.0001906908837719,0.999043384516903,0.80936738671008,0.0221361285248165
0,0.0285066193241207,0.0464068688212353,0.0742828316754987,0.0001906908837719,0.99953422913246,0.809906143335823,0.0221313559989646
0,0.0242613907600912,0.0549928953653596,0.0478842024119407,0.0001165545481973,0.999083363857059,0.809334056189009,0.0220594678529375
0,0.005911370011326,0.0948695468150074,0.0069860492464018,0.0013682739666245,0.999160549403949,0.809319864678084,0.0224600597662464
0,0.0152973001644301,0.0908788584212595,0.008749097503,0.38406175786041,0.998974056181372,0.809317521125822,0.0220627074814131
0,0.0216885438734981,0.0601324182967016,0.0623665372736127,0.0001906908837719,0.999317809178378,0.809610074566625,0.0220882294325746
0,0.0282395374741421,0.050095232336669,0.0616558935577176,0.0001906908837719,0.9994120957147,0.809723476456674,0.0221030527082338
0,0.0352042583330473,0.0446836170148441,0.0922926089208602,0.0001906908837719,0.999119761233212,0.809457483274849,0.0220991967601945
0,0.0366869370142371,0.0297790005139523,0.0886178773820717,0.0001906908837719,0.999323586539672,0.809718398760105,0.0221660121221208
0,0.013580612853002,0.0537231308764398,0.0301683143839337,0.0001906908837719,0.999029172208119,0.809214274628912,0.0220506181361261
0,0.0471181057157388,0.0341627112495087,0.106313442825871,0.0001822836704594,0.999125538594507,0.80944797886845,0.022099765670561
0,0.0056929619564369,0.125585754451734,0.0027555252324822,0.000221262568545,0.998706217711772,0.809585597465214,0.0220083449352857
0,0.0107712612441147,0.133536898751398,0.0140303909243677,0.0078901696938685,0.999507306628829,0.809765139608012,0.022522213223781
0,0.0026982755124009,0.230099464884965,0.0011562870065684,0.0014964839696415,0.999039224816771,0.809373115393389,0.0221901434034977
0,0.0384435617985591,0.042748737793633,0.0853597914845085,0.0018589495072322,0.999017039749401,0.809519587409812,0.022096905315663
0,0.0006889214074215,1.0,0.0005428073830774,0.0018889479729157,0.998784789825373,0.809000490583607,0.0333098441831941
0,0.0146227312863298,0.0663905432778063,0.0090149528914761,0.319835807124005,0.999042229044644,0.809422590385603,0.0220995444276407
0,0.104989376008187,0.005139522931342,0.266572764983822,0.0011764366446735,0.999131662597478,0.809358142698376,0.022139731623804
0,0.0178451861304645,0.0550835928288539,0.0429548668038234,0.0001906908837719,0.999345540512591,0.809809667101005,0.0221303920119548
0,0.0106439605492651,0.138706654170572,0.0129428150165364,0.0242999036418711,0.999021430543985,0.80935475756733,0.0221048700607933
0,0.0553533374310845,0.0194697221634368,0.108144581838306,0.0001773157716837,0.99900386736565,0.809295647971369,0.0220863804738837
0,0.0335025475739545,0.0392115367173565,0.0736421496155296,0.0001178920594061,0.999248596390073,0.809620750749156,0.0220904418617775
0,0.0210145990184118,0.0552952202436738,0.0131507290684092,0.0007398347715081,0.999003636271198,0.809389910851272,0.0221027840561163
0,0.0159356757077201,0.11192066995193,0.0036332511693268,0.0001906908837719,0.999043846705806,0.809385093549398,0.0221060710937891
0,0.0059494354151781,0.119478791909786,0.0040104768990356,0.0009039665041335,0.999013226690947,0.809229247323924,0.0225658612913402
0,0.0092679898034639,0.101157904283944,0.0116427516116391,0.0006018800439697,0.999033331908251,0.809513988923851,0.0221217477349979
0,0.012443018898537,0.0938718747165704,0.0039149785062125,0.0001906908837719,0.999001787515584,0.809339394280274,0.0221145573400887
0,0.0108879535477268,0.146264776128428,0.0040615471860039,0.0003521475939797,0.998974749464727,0.809316609744386,0.0220679066900398
0,0.0094832777432831,0.138071771926112,0.0068503427078368,0.000105472312467,0.998767804383168,0.808873417972025,0.0219466813727889
0,0.0203169412887947,0.13229736675031,0.0611728546313378,0.0441586968513649,0.999296548488816,0.809750166913,0.0221854182868431
0,0.0116074520828328,0.0668137981074463,0.0106532027653951,0.0023228748236634,0.999097113976939,0.809424152753778,0.0220887825398754
0,0.0382838119069831,0.0330138767119146,0.103051801052226,0.0292584398390324,0.999145990453488,0.809561380758498,0.0220963522083623
0,0.0122676684316118,0.051092904435106,0.0047955821858678,0.000149801255388,0.998970820859047,0.809209457327038,0.0220940607638307
0,0.0119462965794178,0.139402001390694,0.0156799069085819,0.0001006954867212,0.998969434292337,0.809334186386357,0.0220690445107727
0,0.0151743676306782,0.131329927139704,0.0461054036366655,0.0001906908837719,0.99926442636002,0.809673871267112,0.0222013161709722
0,0.0074570750169266,0.188922816458566,0.012166895522687,0.0001906908837719,0.998601300830669,0.808904274743485,0.0220370749087914
0,0.0131232039837629,0.124346222450645,0.0083332209944755,0.0001906908837719,0.999002711893391,0.809340826451102,0.0220889721766642
0,0.0069141749947738,0.214922755993591,0.0103302834473757,0.0051005034583263,0.998967469989497,0.809325332966698,0.0221363339646711
0,0.0133129069800094,0.1197811167881,0.0096145240594896,0.0001131152336603,0.999014497710432,0.809370902038474,0.0220907421200265
0,0.0073815682322364,0.107264866825891,0.0031167317396666,0.0001906908837719,0.998947018130515,0.809421809201515,0.0220081236923654
0,0.0218239568675293,0.0540556882425855,0.0161413929998655,0.0005309919499021,0.999000285401648,0.809223258245919,0.0221143835063656
0,0.0106377203191254,0.159657768237748,0.0219774114456516,0.0001488458902388,0.999124267575022,0.809446416500274,0.0232153830961022
1,0.0047881285861822,0.525410406022311,0.0007924443723992,0.000222409006724,0.998933499105087,0.808148739533435,0.0219738784489183
1,0.0056442881613473,0.268706351845693,0.0024059840438548,0.0001901176646825,0.998869370394721,0.808896853494653,0.0188490118366701
1,0.004672060305584,0.269038909211839,0.0006034985230835,0.0001906908837719,0.998371708492837,0.808282842801805,0.0218221374117338
0,0.0134932496310464,0.186594914895547,0.0018116440702775,0.0001906908837719,0.999035527305543,0.809366996118036,0.0222407448199802
0,0.006668933950284,0.0337696889077002,0.0037425296507185,0.0489338029398878,0.999019581788371,0.809366865920688,0.0220837097557745
0,0.0094670531449199,0.126250869184025,0.0019655671285148,0.0002396055794089,0.998997858909904,0.809392644995579,0.0221367764505116
0,0.0071425674178863,0.125404359524745,0.0017792882056922,0.0002461020624231,0.998974980559179,0.809355148159374,0.0220904260587118
0,0.0096230588984121,0.0799649303141155,0.0032729907608498,0.0001906908837719,0.999336412281746,0.809717096786625,0.0221273736263995
0,0.0059812605888905,0.158085678870514,0.0013204273206846,0.0001906908837719,0.998891555462091,0.808999579202172,0.02204812125174
0,0.0074732996152898,0.0874021223206458,0.0024296360840377,0.0001083384079145,0.999040726930707,0.809434177949569,0.0220564652704479
0,0.0096380354507474,0.0305952776854007,0.0105191066816149,0.0011798759592104,0.999006178310168,0.809513468134459,0.0220541106136534
0,0.0108686088342938,0.134836895728149,0.0033932572825298,0.0001906908837719,0.999064414112014,0.809419856241296,0.0220630551488593
0,0.0088005965660013,0.0667533331317834,0.0104689076223731,0.0002130464282623,0.999121841083278,0.809598487002659,0.0221017252507121
0,0.0092742300336036,0.1034253408713,0.0020038070982447,0.0001906908837719,0.999155811967688,0.809509822608717,0.0221034951940744
0,0.0042152754593589,0.146688030958068,0.0009662056950081,0.0001906908837719,0.999035296211091,0.809372464406649,0.0220980115302644
0,0.0068573889005026,0.0995253499410466,0.0106058128933395,0.0001897355186228,0.999090296690612,0.809725038824849,0.0221712113307476
0,0.0128542500647424,0.119932279227258,0.0016702048591021,0.0001906908837719,0.99913582229761,0.809484173731175,0.0221366816321172
0,0.0104754743354935,0.0786951658251957,0.0035390273709111,0.0002325358773051,0.998996703437645,0.809396290521321,0.0220947719017888
0,0.0172249072545796,0.0678417026937146,0.0065107284630054,0.0001906908837719,0.999100927035393,0.809422980977647,0.0220944716435399
0,0.0214451748980502,0.0806905100220697,0.0232438165651236,0.0005955746339852,0.999001787515584,0.80944355215862,0.0221377720436529
0,0.0417721005550685,0.0480091906763007,0.0486191550816914,0.0001037526551985,0.999407589372891,0.809759931714095,0.0221062607305779
0,0.0083693966633489,0.0786347008495329,0.0032722266804342,0.0001906908837719,0.998996241248742,0.809318823099301,0.0220766141792596
0,0.0095956018857975,0.130755509870907,0.0001008913381146,0.0001906908837719,0.999063489734207,0.809406836506503,0.0221344217937172
0,0.0157135235147472,0.0649998488375608,0.0051883344431306,0.0001906908837719,0.999350393496078,0.809715404221102,0.0221684615973097
0,0.0271606016829901,0.0491882577017263,0.0152630851369202,0.0001906908837719,0.999073426795633,0.809421418609471,0.0220902206188572
0,0.0114296055238517,0.114702058832421,0.0024115161601729,0.0001906908837719,0.999027207905279,0.809310620666381,0.0223694133811922
0,0.0119968424435493,0.0757626145055477,0.0258489664152024,0.0001906908837719,0.999388292986168,0.809855105975433,0.0220838677864319
0,0.0102352254751155,0.109834628291562,0.0073620381183876,0.000770597529311,0.999057943467364,0.809377411905871,0.0220947086895259
0,0.022389321718185,0.0448952444296641,0.0521427647435,0.0001079562618548,0.999344385040332,0.809737798164947,0.0220767564068513
0,0.0045179266211337,0.192006530217372,0.0001173363128302,0.0001906908837719,0.99892413977979,0.80916336746587,0.0223156197454313
0,0.0139462903391877,0.120143906642078,0.0192918041473962,0.0001906908837719,0.999064991848143,0.809538335827915,0.0223090930792828
0,0.0132155593898303,0.113583456782659,0.0164051088232685,0.000246293135453,0.999032754172121,0.809333014610226,0.0221801716690191
0,0.0087151054130876,0.116304380687487,0.0047196664117828,0.0001906908837719,0.999346927079301,0.809746521387258,0.0221412487181146
0,0.0097915451121837,0.115457871028207,0.0042537900012143,0.000152094131746,0.999122418819408,0.809529482408255,0.0221345956274403
0,0.018074202576591,0.133899688605375,0.0066872242378428,0.0002279501245891,0.999061872073044,0.809531565565822,0.0222512854648253
0,0.0170601651788918,0.0513347643377573,0.0098272789973318,0.0001906908837719,0.99894967571671,0.809235106204581,0.0220490852387498
0,0.0085403789691763,0.139069444024549,0.0018621792230792,0.0001324136096733,0.998887857950862,0.809266093173388,0.0219854778991676
0,0.006469246585814,0.153157783353992,0.0013363338966801,0.0001754050413854,0.998962732553235,0.809288487117233,0.0221056918202115
0,0.0068773576369496,0.185657707772773,0.0014216535475834,0.0007770940123253,0.998960190514266,0.809334707175749,0.0220021501335177
0,0.0193022798680815,0.0705323941107114,0.0309200340727205,0.0002222179336942,0.999226757964381,0.809475190114168,0.0222122360893948
0,0.0220255163010412,0.0715602986969798,0.0223624707047661,0.0001906908837719,0.999145066075681,0.809463472352854,0.0221005242177162
0,0.0123974652185173,0.104513710433232,0.0049238543255614,0.0002732344326592,0.999063836375884,0.8093975924948,0.0220859853972403
0,0.0088486463380769,0.179006560449859,0.0007676736396723,0.0001906908837719,0.999075160004021,0.809395639534581,0.0222247047082595
0,0.0102576903036184,0.0939323396922333,0.0044899236894714,0.0003162258643713,0.999239352612003,0.809579608387209,0.0221039376799149
0,0.0251924330969326,0.0237022704598361,0.0437545505568837,0.0001943212713387,0.999143448414519,0.809482220770956,0.0221028156622478
0,0.0098102658026028,0.131511322066693,0.0049746452988833,0.0001906908837719,0.999220865055861,0.809559557995628,0.0222370469025983
0,0.0120186832490382,0.0892463040783626,0.0053514544093782,0.000769451091132,0.999267430587893,0.809547710036966,0.0223394507685592
0,0.0451617935669468,0.0254557547540587,0.0334468075886417,0.0002243197370223,0.998881618400665,0.81100058224254,0.0220344674029452
0,0.0136848246963348,0.154367082867249,0.0146119106852771,0.0001906908837719,0.999125538594507,0.809484173731175,0.0221131982764355
0,0.0207874546413272,0.0733440154790338,0.0426429310373313,0.0012373889411898,0.999323008803543,0.809600830554922,0.0221293806157478
0,0.004733214560953,0.116697403029295,0.0011827037155319,0.0001906908837719,0.998861628730587,0.809526487869253,0.0220524038825541
0,0.0335499733230162,0.0445022220878556,0.0181557059172039,0.0001906908837719,0.999154772042655,0.809570364375506,0.022118286863602
0,0.0137459789517037,0.0953834991081416,0.0054333745329965,0.0001906908837719,0.999142177395034,0.809516853265506,0.0222972407799818
0,0.0093572250944614,0.128518305771382,0.0024073007471166,0.0001906908837719,0.999048353047616,0.809392905390274,0.022094819310986
0,0.0130739061656594,0.0785137708982072,0.0207516998216467,0.0022858066558761,0.999280718518869,0.809686370212513,0.0222006366391456
0,0.0135188345746191,0.141971762856365,0.0050054775496942,0.0001906908837719,0.999026167980246,0.809381968813048,0.0221155529332299
0,0.0066670618812421,0.221332043413853,0.0002388746501607,0.0001906908837719,0.99903587394722,0.809361658026771,0.0221564196612199
0,0.0244897831832038,0.0545696405357197,0.0494254627499107,0.0004121445253468,0.998873992283756,0.809596924634484,0.022067416795002
0,0.0098277384469939,0.100432324575989,0.0115353260558603,0.0001906908837719,0.999130969314123,0.809447197684362,0.0223616540759164
0,0.0083700206863629,0.122381110741603,0.0016237791962533,0.0001748318222959,0.999069036001049,0.809400066244411,0.02212555627384
0,0.0060049734634213,0.214348338724794,0.0008281336181966,0.0003296009764596,0.998776701519561,0.808555736443071,0.0220529095806576
0,0.0079119877941098,0.168999606977658,0.0023747103010411,0.0001906908837719,0.999024550319084,0.809426105713997,0.0221827475687339
0,0.00910699186586,0.143785712126251,0.0024412656673925,0.0022561903362522,0.99899797445713,0.809340826451102,0.0220794271249604
0,0.0148342750880652,0.0574114943918735,0.0102818488015957,0.0001113955763918,0.999254604845819,0.809590544964435,0.0222014900046952
0,0.0092923267010087,0.187894911872298,0.0038329667030489,0.0001752139683556,0.999055401428395,0.809426756700737,0.0221528481683638
0,0.0050190171013507,0.166218218097167,0.0018323616071681,0.000107765188825,0.998717425792683,0.809310230074337,0.0217666212418077
0,0.0167606341321868,0.0822928318771352,0.0130888021394326,0.0001906908837719,0.999175454996089,0.809557214443365,0.022053478491024
0,0.0065416332554344,0.195332103878828,0.0004073290717822,0.0001906908837719,0.998996703437645,0.809100612344167,0.0220856851389914
0,0.0152873157962066,0.041962693110016,0.0083694762905388,0.0005621368537647,0.999287651352422,0.809607470619667,0.0221296176617338
0,0.0096998137291303,0.105209057653354,0.0007107180233518,0.0001906908837719,0.999041651308515,0.809402149401978,0.0220927649124405
0,0.0153366136143101,0.05245336638752,0.0236816106643071,0.0001906908837719,0.999161127140079,0.809372204011953,0.0220818291909521
0,0.0325708812140992,0.100734649454304,0.0437480057682842,0.0001906908837719,0.99910774432172,0.809423892359082,0.0221286852808555
0,0.0118589333574622,0.128578770747045,0.0045147506968831,0.0001003133406616,0.99907631547628,0.809417382491686,0.0221036058155345
0,0.008627118168118,0.18157632191553,0.0021883882200433,0.0001906908837719,0.999008027065782,0.809354366975287,0.0220915322733132
0,0.0076998199693604,0.0965927986213985,0.004269380964837,0.0007812976189816,0.999030789869281,0.80945175459154,0.0221516155292365
0,0.0130526893831845,0.0805393475829126,0.0070954649362016,0.0002415163097072,0.999044424441936,0.809385484141442,0.022089161813453
0,0.0074464666256891,0.137920609486955,0.0015464672425733,0.0001906908837719,0.9991116729274,0.809439385843486,0.0221218109472609
0,0.0068754855679077,0.13018109260211,0.0035676458074879,0.0002810684268823,0.998989770604092,0.809348377897282,0.0220775307570723
0,0.0078751704362856,0.150467091936995,0.0026964117851345,0.0001194206436447,0.999027092358053,0.809351763028328,0.0220793639126975
0,0.0122645483165419,0.0632161320555068,0.0035393398353215,0.0002627254160185,0.998960306061492,0.809341217043145,0.0220547585393485
0,0.0083369474666225,0.119871814251595,0.003871483557442,0.0001906908837719,0.999255529223627,0.809689364751516,0.0221979817241021
0,0.0099600313259553,0.0935090848625933,0.00119607482161,0.0001906908837719,0.999009182538041,0.809314526586819,0.0221094687529221
0,0.008027432051694,0.154760105209058,0.0038036408105151,0.0002279501245891,0.998961461533751,0.809355929343462,0.0221044907872157
0,0.0138570550481902,0.102216041358043,0.005139948998836,0.0001906908837719,0.999055748070072,0.809397201902756,0.0220661999589405
0,0.0081747014829906,0.128367143332225,0.002208566328325,0.000108911627004,0.998968394367304,0.80931322461334,0.022038829049088
0,0.0243812031787732,0.0529975511684856,0.0508921196837515,0.0002180143270379,0.999075853287376,0.809431704199958,0.0220977744842784
0,0.0274158270957033,0.0365510777881912,0.0227769243148794,0.0001906908837719,0.998983184412217,0.809319343888693,0.0220939027331734
0,0.0107806215893242,0.119599721861112,0.0032059614901426,0.0001906908837719,0.999117103647017,0.809429881437087,0.022112692578332
1,0.0070140186770088,0.161864739849442,0.0009554100690601,0.0001876337152946,0.999083363857059,0.809338352701491,0.0220439018331888
0,0.0149965210716971,0.134867128215981,0.001420551197239,0.0001356618511804,0.999001671968358,0.809355929343462,0.0220918483346279
0,0.0059762684047787,0.0923602503249992,0.0039527861363486,0.26257924515071,0.998971514142403,0.809342128424581,0.0220429536492447
0,0.0066283724543761,0.17498563956828,0.0018334541444201,0.0004345000698371,0.998978215881504,0.809350200660153,0.0221840276170584
0,0.0148267868118976,0.0607370680533301,0.007301023476671,0.0001906908837719,0.999293659808168,0.809724908627501,0.0222141166542173
0,0.0066683099272701,0.171690298394655,0.0028586541888673,0.0001171277672868,0.998967585536723,0.809189276738109,0.0221208153541196
0,0.0056998262095906,0.0740998276748193,0.0046673646691503,0.0001906908837719,0.999036105041672,0.809663976268669,0.0221066083980241
0,0.0092991909541623,0.0333162015902289,0.0027343207135897,0.0198731236867312,0.999000285401648,0.809085379254459,0.0221274684447939
0,0.0111974689626553,0.127883423526922,0.0274926196693251,0.0001782711368329,0.999093532012936,0.809499927610275,0.0222464813328419
0,0.0101335097238386,0.0949300117906702,0.0049049068956694,0.0001906908837719,0.999079781893056,0.809478054455822,0.0221440616638153
0,0.0093322641739027,0.0543580131208997,0.0028106055765435,0.0001014597788406,0.99903055877483,0.809646399626698,0.0220999869134813
0,0.0043207353487196,0.0724672733319225,0.0089405882466882,0.0002239375909627,0.998979602448214,0.809445374921491,0.0221277212938457
0,0.0111500432135937,0.131360159627536,0.0015397882186414,0.0001906908837719,0.999094109749066,0.809436521501832,0.0221600069571417
0,0.0102658026028,0.0656044985941893,0.0087465306311867,0.0019262072137329,0.998974980559179,0.8093975924948,0.0221652693780313
0,0.0145890340435755,0.0801765577289355,0.0113825608065138,0.0001906908837719,0.999147030378521,0.809336269543924,0.0221097532081053
0,0.0135338111269544,0.0938718747165704,0.0217287337298426,0.0023633823059877,0.998988615131833,0.809389650456576,0.0221121710771627
0,0.0776334551218249,0.0250022674365874,0.0902073879962742,0.0001127330876006,0.999373271846803,0.809641061535433,0.0220903154372516
0,0.008247712175625,0.100916044381292,0.0011964558805085,0.0001906908837719,0.999047775311486,0.80942844926626,0.0225092073006813
0,0.0213521954689689,0.0375185173987967,0.0152557726341463,0.0001906908837719,0.999297241772171,0.809666970807671,0.0222916464947117
0,0.0130345927157794,0.111013695316988,0.0099205362741486,0.0001906908837719,0.999130044936316,0.809436781896527,0.0225145329338339
0,0.0086371025363415,0.174592617226472,0.0030420002795382,0.0001906908837719,0.999124267575022,0.809418424070469,0.0220431116799021
0,0.0052361771102118,0.10681137950842,0.0072123490889344,0.0001906908837719,0.998364660112058,0.808272687408667,0.0219970615463512
0,0.0079138598631517,0.114399733954107,0.0185702916640083,0.0029887643326268,0.999002365251714,0.809432745778742,0.0220925120633887
0,0.019672325515365,0.0547510354627082,0.0482507597166985,0.0002592861014815,0.999292735430361,0.8096746524512,0.0223038622645246
0,0.0077166685907376,0.161894972337274,0.0047253837137869,0.0001906908837719,0.998690041100148,0.80894046960621,0.0221489606141931
0,0.0085141700025897,0.185536777821447,0.0139478525953543,0.0001906908837719,0.999207577124885,0.809574400493292,0.0224568201377708
0,0.026642662581396,0.0473743084318408,0.0394366703741748,0.0005174257647841,0.999059792222978,0.809398503876236,0.0222331593484276
0,0.0077709585929529,0.133113643921758,0.0097189773169962,0.0001906908837719,0.999130044936316,0.809414257755335,0.0221479966271833
0,0.0102726668559536,0.147685703056505,0.0024275607995785,0.0007576045632825,0.998907500979263,0.809048403207646,0.0221078568402171
0,0.0115144726537515,0.155364754965686,0.0134953639439733,0.0001664246089833,0.999031829794314,0.80912183451188,0.0220937763086475
0,0.0117397449617942,0.102095111406718,0.0022561670361301,0.0001278278569573,0.999018541863338,0.809461779787331,0.0220953092060238
0,0.0026227687277106,0.069504489524443,0.003740660382906,0.0028013216903619,0.998232011896742,0.808468113627913,0.015608450980178
0,0.0072598837445125,0.14928802491157,0.0006744832279074,0.0008798913023747,0.998979486900989,0.809330410663267,0.0221788758176289
0,0.0066907747557729,0.119629954348943,0.0042915154345559,0.0003502368636814,0.998873530094853,0.8089977564393,0.0220160884374957
0,0.008267056889058,0.122713668107749,0.0048973820025966,0.0017884435592243,0.998995201323709,0.809323510203827,0.0221158689945446
0,0.0233347165843476,0.0526045288266771,0.0490986957280415,0.0003261616619226,0.999106704396687,0.809413606768596,0.0221166591478314
0,0.0148086901444925,0.0873416573449829,0.0255054636596019,0.0001906908837719,0.999254142656916,0.809610595356017,0.0222449168293342
0,0.0064580141715626,0.136681077485866,0.0016653796935126,0.0001941301983089,0.998882773872923,0.809241355677282,0.0220905682863034
0,0.0116898231206767,0.140067116122986,0.0072058993415932,0.0001906908837719,0.999018772957789,0.809427407687476,0.022179049651352
0,0.0167281849354604,0.114822988783747,0.0107839182485279,0.0004681289230875,0.998990232792996,0.809360095658595,0.0222403813494683
0,0.007347870989482,0.145901986274451,0.0056047372443226,0.0009954904854229,0.998950715641743,0.809312052837209,0.0220230101802875
0,0.01206298888303,0.0755509870907277,0.0098212057424005,0.0003901711269162,0.999210003616628,0.809537164051783,0.0224653379902018
0,0.0183231877591646,0.0618859025909242,0.0083263982718921,0.0001906908837719,0.99889271093435,0.809179251542318,0.0220156775577866
0,0.0455050062246296,0.0139371768902863,0.0893991398424524,0.0001868694231753,0.998925641893726,0.809486256888742,0.0220561966183304
0,0.0035157456606999,0.0907881609577652,0.0056642001737861,0.0001906908837719,0.99884048358825,0.810249994531711,0.0220992599724575
0,0.0185784131718778,0.0911207183239109,0.0343855927439042,0.0001906908837719,0.999154772042655,0.809490683598571,0.022144203891407
0,0.034770562338339,0.0651207787888865,0.0618062956589373,0.0003047614825814,0.999240508084262,0.809523232935554,0.0221116811821249
0,0.0105753180177285,0.120476464008223,0.017909166153623,0.000337052824623,0.99901426661598,0.809625698248377,0.022161239596269
0,0.0170520528797102,0.0875835172476343,0.0215179012642629,0.0001906908837719,0.999233575250709,0.809546928852878,0.0222949493354503
0,0.0083562921800556,0.105904404873477,0.0066656990348605,0.0001906908837719,0.999018657410564,0.809346424937063,0.0221847703611479
0,0.0071725205225568,0.146506636031079,0.0022553351190692,0.0001906908837719,0.999031829794314,0.809311271653121,0.022119361472072
0,0.0167656263162985,0.0594068385887475,0.0279842235211268,0.00222466328633,0.999212545655597,0.80951971760716,0.0222976990688881
0,0.0264616959073451,0.068506817426006,0.0376450254446901,0.0001230510312115,0.999094803032421,0.809453967946455,0.0220792690943031
0,0.0168330208018072,0.0846509659279862,0.024744301949243,0.0002268036864101,0.999134782372577,0.809527399250688,0.0223683387727222
0,0.0142040118439568,0.0696858844514315,0.0171555348355551,0.0008158818373811,0.999118259119276,0.809509432016674,0.0236014045828037
0,0.0113952842580834,0.123953200108837,0.011304517515113,0.0001906908837719,0.999130622672445,0.809410351834897,0.0224889635734752
0,0.0104817145656332,0.115881125857847,0.0027296355934608,0.0002447645512143,0.999005485026813,0.809345904147671,0.0221934936534335
0,0.0062133971500869,0.136711309973698,0.0025488690830437,0.0001631763674762,0.998867521639107,0.809344471976844,0.0220668478846356
0,0.0133746852583923,0.110378813072528,0.0084515695715178,0.0001079562618548,0.999011609029784,0.809343560595408,0.0220915480763789
0,0.0179656225721605,0.0796021404601385,0.0227555486012447,0.0082337190015058,0.998983762148346,0.809315828560299,0.0220948667201832
0,0.0134944976770743,0.0889439792000484,0.0117034047623465,0.0001906908837719,0.998659998821418,0.809005047490785,0.0222373787669788
0,0.03099709517287,0.106932309459745,0.0312775843188019,0.0014252137295143,0.998740997426763,0.808441292974239,0.022051929790582
0,0.004911685142948,0.194213501829066,0.0011244688994516,0.0001906908837719,0.9989581106642,0.809287445538449,0.0222374893884389
0,0.0058676884003482,0.129818302748133,0.0013037607838293,0.0001048990933775,0.998990579434674,0.809409440453462,0.0221889107643704
0,0.0087088651829479,0.149257792423739,0.0021208905247666,0.0015681363558284,0.99899404585145,0.809336790333316,0.0220972371800434
0,0.0207837105032434,0.0547208029748768,0.025961403585328,0.0001906908837719,0.999197177874555,0.809507869648498,0.0221173070735265
0,0.00682868384186,0.118239259908698,0.0031394209891689,0.0001133063066901,0.998976944862019,0.809688974159472,0.0221345798243745
0,0.0111213381549512,0.120536928983886,0.007512122644616,0.0001322225366435,0.999145297170133,0.809612548316236,0.0223949037262223
0,0.0115506659885617,0.0815067871935181,0.0199152783764417,0.0001339421939119,0.999086483632158,0.809482220770956,0.0221995304245441
0,0.0072424111001213,0.188983281434229,0.0026559689413112,0.0001906908837719,0.998947595866645,0.809241355677282,0.0222618893219333
0,0.0129366211025863,0.0612207878586329,0.0116314365136088,0.0005353866295883,0.999303250227917,0.80964692041609,0.0221125977599376
0,0.0093403764730843,0.109804395803731,0.0081991232784186,0.0001906908837719,0.999055054786717,0.809436912093875,0.0221327150626178
0,0.0161341150261622,0.0573207969283792,0.0147069072307207,0.0001906908837719,0.99892610408263,0.809152951678036,0.0221492134632449
0,0.0211169387927027,0.0661184508873235,0.0115691737436866,0.0001289742951363,0.999176494921122,0.809546147668791,0.0222305834487128
0,0.0118776540478813,0.108595096290474,0.0081351771259172,0.0001906908837719,0.99908417268764,0.809473497548644,0.0221082677199262
0,0.0088249334635461,0.155727544819663,0.0044400309153064,0.0001906908837719,0.998983184412217,0.809329369084484,0.0222086645965388
0,0.0067918664840359,0.047525470870998,0.0048596341060175,0.0009009093356562,0.999005600574039,0.809344341779496,0.0220939817485021
0,0.0199887051834472,0.0566254497082565,0.034659980820336,0.0003846300090511,0.999060254411882,0.809374026774824,0.0221068454440101
0,0.010565957672519,0.157874051455694,0.002574689700076,0.0001906908837719,0.999035642852768,0.809411523611029,0.0221744509592232
0,0.0132792097372551,0.0533301085346313,0.0132074788818334,0.0006076122348646,0.999027670094182,0.80936361098699,0.022089936163674
0,0.0126327218947835,0.165946125706684,0.0064976066872041,0.0001201849357641,0.998999707665518,0.809337831912099,0.0221700893130804
0,0.0031425798983466,0.119962511715089,0.0010249446319963,0.0003374349706827,0.998843487816123,0.809095795042293,0.0225636014529402
0,0.0104336647935576,0.142153157783354,0.0122296008533646,0.0703284411631685,0.99902605243302,0.809401758809934,0.0223114319330116
0,0.0135955894053373,0.0878858421259485,0.0128092357815366,0.0001906908837719,0.999139635356064,0.809602783515141,0.0221577945279388
0,0.0128929394916085,0.0624603198597213,0.0071974334992576,0.0001906908837719,0.99899855219326,0.809343820990104,0.0221499087981372
0,0.0059793885198486,0.147081053299876,0.0030220646420845,0.0002159125237097,0.998904843393067,0.809293955405846,0.0223617805004423
0,0.0104505134149347,0.124618314841128,0.0050715483435952,0.0001906908837719,0.99899208154861,0.809331061650007,0.0223737592242692
0,0.0092592534812683,0.0992532575505638,0.0047271812974445,0.0001906908837719,0.998992197095836,0.809327285926917,0.0221593748345123
0,0.0384235930621121,0.0389394443268737,0.0882124804790532,0.0002797309156735,0.998984455431702,0.809316870139082,0.0220683491758804
0,0.012782487418136,0.0869788674910058,0.0071332180988165,0.0001906908837719,0.99907377343731,0.809399415257671,0.0223499282011413
0,0.051348357727433,0.0141488043051063,0.0666735448024555,0.0001906908837719,0.998080298389156,0.813799564828384,0.0253158791843614
